week_start,platform_name,category,represented_sors,fully_auto_sors,partially_auto_sors,not_auto_sors,content_removed_sors,account_terminated_sors,account_suspended_sors,service_terminated_sors,service_suspended_sors,account_or_service_restriction_sors,fully_automated_rate,partially_automated_rate,not_automated_rate,content_removed_rate,account_terminated_rate,account_suspended_rate,service_terminated_rate,service_suspended_rate,account_or_service_restriction_rate,complete_study_week,previous_week_start,previous_week_volume,automation_change,automation_change_abs,days_since_previous,reliable_comparisons,robust_change_score,temporal_alert,weekly_peer_median_automation_rate,weekly_peer_support_count,weekly_peer_divergence_abs,log1p_represented_sors,seed_inclusion_count,stable_anomaly,anomaly_score,anomaly_rank,largest_deviation_feature,largest_abs_scaled_deviation
2026-03-09,Instagram,STATEMENT_CATEGORY_CYBER_VIOLENCE,3419,0,2878,541,2469,950,0,0,0,950,0.0,0.8417665984205908,0.1582334015794091,0.7221409768938286,0.2778590231061714,0.0,0.0,0.0,0.2778590231061714,True,2026-03-02,2430.0,0.0,0.0,7.0,25,,False,0.43871745048282107,2,0.43871745048282107,8.13739583005665,0,False,-0.08627755633315107,622,account_or_service_restriction_rate,0.7657530679678822
2026-03-16,Instagram,STATEMENT_CATEGORY_CYBER_VIOLENCE,2977,0,2150,827,2660,313,0,0,0,313,0.0,0.7222035606315083,0.2777964393684917,0.893516963385959,0.1051394020826335,0.0,0.0,0.0,0.1051394020826335,True,2026-03-09,3419.0,0.0,0.0,7.0,25,,False,0.44402647489524577,2,0.44402647489524577,7.999007213243955,0,False,-0.12401610342617612,978,log1p_represented_sors,0.6572612647973229
2026-03-23,Instagram,STATEMENT_CATEGORY_CYBER_VIOLENCE,3313,0,2593,720,3292,16,0,0,0,16,0.0,0.7826743133111983,0.2173256866888017,0.9936613341382432,0.0048294597041955,0.0,0.0,0.0,0.0048294597041955,True,2026-03-16,2977.0,0.0,0.0,7.0,25,,False,0.4343197077749305,2,0.4343197077749305,8.105911197986508,0,False,-0.1446093740836319,1071,log1p_represented_sors,0.6208957221666203
2026-03-30,Instagram,STATEMENT_CATEGORY_CYBER_VIOLENCE,1709,0,1104,605,1690,16,0,0,0,16,0.0,0.6459918080748976,0.3540081919251024,0.9888823873610298,0.0093622001170275,0.0,0.0,0.0,0.0093622001170275,True,2026-03-23,3313.0,0.0,0.0,7.0,25,,False,0.44633265579976644,2,0.44633265579976644,7.444248649496705,0,False,-0.13063972497920073,1013,log1p_represented_sors,0.8459735588084523
2026-04-06,Instagram,STATEMENT_CATEGORY_CYBER_VIOLENCE,1866,0,1176,690,1847,18,0,0,0,18,0.0,0.6302250803858521,0.3697749196141479,0.989817792068596,0.0096463022508038,0.0,0.0,0.0,0.0096463022508038,True,2026-03-30,1709.0,0.0,0.0,7.0,25,,False,0.4487824471869957,2,0.4487824471869957,7.532088143541722,0,False,-0.13382567135390383,1024,log1p_represented_sors,0.8160931865001044
2026-04-13,Instagram,STATEMENT_CATEGORY_CYBER_VIOLENCE,6093,0,1395,4698,6077,16,0,0,0,16,0.0,0.2289512555391432,0.7710487444608567,0.9973740357787624,0.0026259642212374,0.0,0.0,0.0,0.0026259642212374,True,2026-04-06,1866.0,0.0,0.0,7.0,25,,False,0.4547012136873291,2,0.4547012136873291,8.715059959545654,0,False,-0.14875004494937655,1080,content_removed_rate,0.4740097144506147
2026-04-20,Instagram,STATEMENT_CATEGORY_CYBER_VIOLENCE,3288,0,698,2590,3270,17,0,0,0,17,0.0,0.212287104622871,0.787712895377129,0.9945255474452556,0.0051703163017031,0.0,0.0,0.0,0.0051703163017031,True,2026-04-13,6093.0,0.0,0.0,7.0,25,,False,0.45222766622576527,2,0.45222766622576527,8.098338846189057,0,False,-0.14634187594545803,1075,log1p_represented_sors,0.6234716100791994
2026-04-27,Instagram,STATEMENT_CATEGORY_CYBER_VIOLENCE,1435,0,412,1023,1411,18,0,0,0,18,0.0,0.2871080139372822,0.7128919860627178,0.983275261324042,0.0125435540069686,0.0,0.0,0.0,0.0125435540069686,True,2026-04-20,3288.0,0.0,0.0,7.0,25,,False,0.46063752379419254,2,0.46063752379419254,7.269616749608169,0,False,-0.12348512816660558,973,log1p_represented_sors,0.9053781152931395
2026-05-04,Instagram,STATEMENT_CATEGORY_CYBER_VIOLENCE,1396,0,353,1043,1386,8,0,0,0,8,0.0,0.252865329512894,0.747134670487106,0.9928366762177652,0.0057306590257879,0.0,0.0,0.0,0.0057306590257879,True,2026-04-27,1435.0,0.0,0.0,7.0,25,,False,0.4532380268232963,2,0.4532380268232963,7.242082359256962,0,False,-0.11985505640296268,951,log1p_represented_sors,0.9147444925010481
2026-05-11,Instagram,STATEMENT_CATEGORY_CYBER_VIOLENCE,2724,0,327,2397,2707,16,0,0,0,16,0.0,0.1200440528634361,0.8799559471365639,0.9937591776798824,0.0058737151248164,0.0,0.0,0.0,0.0058737151248164,True,2026-05-04,1396.0,0.0,0.0,7.0,25,,False,0.44697785978560617,2,0.44697785978560617,7.9102237070973445,0,False,-0.14268636751829142,1063,log1p_represented_sors,0.6874627618271397
2026-05-18,Instagram,STATEMENT_CATEGORY_CYBER_VIOLENCE,1087,0,182,905,1068,17,0,0,0,17,0.0,0.1674333026678932,0.8325666973321068,0.9825206991720332,0.015639374425023,0.0,0.0,0.0,0.015639374425023,True,2026-05-11,2724.0,0.0,0.0,7.0,25,,False,0.44909770412661465,2,0.44909770412661465,6.992096427415888,0,False,-0.11300114551336318,910,log1p_represented_sors,0.999782240002558
2026-05-25,Instagram,STATEMENT_CATEGORY_CYBER_VIOLENCE,1411,0,233,1178,1398,9,0,0,0,9,0.0,0.1651311126860382,0.8348688873139617,0.9907866761162296,0.0063784549964564,0.0,0.0,0.0,0.0063784549964564,True,2026-05-18,1087.0,0.0,0.0,7.0,25,,False,0.4533157992813225,2,0.4533157992813225,7.252762418053187,0,False,-0.12061691233718386,962,log1p_represented_sors,0.9111114554876208
2026-06-01,Instagram,STATEMENT_CATEGORY_CYBER_VIOLENCE,1313,0,210,1103,1295,16,0,0,0,16,0.0,0.1599390708301599,0.8400609291698401,0.9862909367859864,0.0121858339680121,0.0,0.0,0.0,0.0121858339680121,True,2026-05-25,1411.0,0.0,0.0,7.0,25,,False,0.4406787317391604,2,0.4406787317391604,7.1808311990445555,0,False,-0.11818035115895138,943,log1p_represented_sors,0.935580307772559
2026-06-08,Instagram,STATEMENT_CATEGORY_CYBER_VIOLENCE,1775,0,449,1326,1766,7,0,0,0,7,0.0,0.2529577464788732,0.7470422535211267,0.9949295774647888,0.0039436619718309,0.0,0.0,0.0,0.0039436619718309,True,2026-06-01,1313.0,0.0,0.0,7.0,25,,False,0.4454125585758311,2,0.4454125585758311,7.4821189235521155,0,False,-0.12995897686913235,1009,log1p_represented_sors,0.8330912226736961
2026-06-15,Instagram,STATEMENT_CATEGORY_CYBER_VIOLENCE,1746,0,404,1342,1742,3,0,0,0,3,0.0,0.2313860252004582,0.7686139747995419,0.997709049255441,0.0017182130584192,0.0,0.0,0.0,0.0017182130584192,True,2026-06-08,1775.0,0.0,0.0,7.0,25,,False,0.4517872325270865,2,0.4517872325270865,7.465655310134056,0,False,-0.12937735414775325,1006,log1p_represented_sors,0.8386916522278578
2026-06-22,Instagram,STATEMENT_CATEGORY_CYBER_VIOLENCE,2906,0,972,1934,2900,4,0,0,0,4,0.0,0.3344803854094976,0.6655196145905025,0.9979353062629044,0.0013764624913971,0.0,0.0,0.0,0.0013764624913971,True,2026-06-15,1746.0,0.0,0.0,7.0,25,,False,0.45792792434859564,2,0.45792792434859564,7.9748769005588755,0,False,-0.143848000920774,1069,log1p_represented_sors,0.6654696764552668
2026-06-29,Instagram,STATEMENT_CATEGORY_CYBER_VIOLENCE,3825,0,818,3007,3821,4,0,0,0,4,0.0,0.2138562091503268,0.7861437908496732,0.9989542483660132,0.0010457516339869,0.0,0.0,0.0,0.0010457516339869,True,2026-06-22,2906.0,0.0,0.0,7.0,25,,False,0.45311880864741966,2,0.45311880864741966,8.249575150000199,0,False,-0.14776364242207282,1076,log1p_represented_sors,0.5720255366068342
2026-07-06,Instagram,STATEMENT_CATEGORY_CYBER_VIOLENCE,4387,0,661,3726,4379,6,0,0,0,6,0.0,0.1506724413038523,0.8493275586961477,0.9981764303624344,0.0013676772281741,0.0,0.0,0.0,0.0013676772281741,True,2026-06-29,3825.0,0.0,0.0,7.0,25,,False,0.502306848623455,2,0.502306848623455,8.38662882139512,0,False,-0.15057225137036787,1088,log1p_represented_sors,0.5254039710795163
2026-07-13,Instagram,STATEMENT_CATEGORY_CYBER_VIOLENCE,4574,0,713,3861,4565,9,0,0,0,9,0.0,0.1558810668998688,0.8441189331001312,0.9980323567993004,0.0019676432006996,0.0,0.0,0.0,0.0019676432006996,True,2026-07-06,4387.0,0.0,0.0,7.0,25,,False,0.4696963197456609,2,0.4696963197456609,8.428361977709622,0,False,-0.14968056147299302,1084,log1p_represented_sors,0.5112075977757184
2026-07-20,Instagram,STATEMENT_CATEGORY_CYBER_VIOLENCE,4869,0,642,4227,4862,7,0,0,0,7,0.0,0.1318545902649414,0.8681454097350585,0.9985623331279524,0.0014376668720476,0.0,0.0,0.0,0.0014376668720476,True,2026-07-13,4574.0,0.0,0.0,7.0,25,,False,0.4600234965352465,2,0.4600234965352465,8.490849216076635,0,False,-0.14933929580987954,1083,log1p_represented_sors,0.4899513056348518
2026-07-27,Instagram,STATEMENT_CATEGORY_CYBER_VIOLENCE,4501,0,585,3916,4496,5,0,0,0,5,0.0,0.1299711175294379,0.8700288824705621,0.9988891357476116,0.0011108642523883,0.0,0.0,0.0,0.0011108642523883,True,2026-07-20,4869.0,0.0,0.0,7.0,25,,False,0.4539263250812647,2,0.4539263250812647,8.412277021466677,0,False,-0.1492625149136131,1082,log1p_represented_sors,0.5166792194685345
2026-08-03,Instagram,STATEMENT_CATEGORY_CYBER_VIOLENCE,3027,0,443,2584,3022,5,0,0,0,5,0.0,0.1463495209778658,0.8536504790221341,0.998348199537496,0.0016518004625041,0.0,0.0,0.0,0.0016518004625041,True,2026-07-27,4501.0,0.0,0.0,7.0,25,,False,0.4524475862519596,2,0.4524475862519596,8.01565761455734,0,False,-0.1438315679405997,1068,log1p_represented_sors,0.6515972955801008
2026-08-10,Instagram,STATEMENT_CATEGORY_CYBER_VIOLENCE,4391,0,827,3564,4378,13,0,0,0,13,0.0,0.1883397859257572,0.8116602140742427,0.9970393987702116,0.0029606012297882,0.0,0.0,0.0,0.0029606012297882,True,2026-08-03,3027.0,0.0,0.0,7.0,25,,False,0.44829970605184044,2,0.44829970605184044,8.387539983189367,0,False,-0.1491099783419999,1081,log1p_represented_sors,0.5250940210514429
2026-08-17,Instagram,STATEMENT_CATEGORY_CYBER_VIOLENCE,3141,0,1030,2111,3135,3,0,0,0,3,0.0,0.3279210442534225,0.6720789557465775,0.9980897803247374,0.0009551098376313,0.0,0.0,0.0,0.0009551098376313,True,2026-08-10,4391.0,0.0,0.0,7.0,25,,False,0.43451191576670023,2,0.43451191576670023,8.052614818815567,0,False,-0.1425414909295235,1062,log1p_represented_sors,0.6390255585190296
2026-08-24,Instagram,STATEMENT_CATEGORY_CYBER_VIOLENCE,2640,0,208,2432,2633,5,0,0,0,5,0.0,0.0787878787878787,0.9212121212121211,0.9973484848484848,0.0018939393939393,0.0,0.0,0.0,0.0018939393939393,True,2026-08-17,3141.0,0.0,0.0,7.0,25,,False,0.5239793869839189,2,0.5239793869839189,7.878912912297132,0,False,-0.14306267074378792,1065,log1p_represented_sors,0.6981137590359939
2026-03-09,Instagram,STATEMENT_CATEGORY_DATA_PROTECTION_AND_PRIVACY_VIOLATIONS,138597,0,137684,913,1072,137525,0,0,0,137525,0.0,0.9934125558273268,0.0065874441726732,0.0077346551512659,0.992265344848734,0.0,0.0,0.0,0.992265344848734,True,2026-03-02,138138.0,0.0,0.0,7.0,25,,False,0.4787182184365138,2,0.4787182184365138,11.839332935619396,0,False,-0.038048314308405454,189,account_or_service_restriction_rate,2.9588767746732625
2026-03-16,Instagram,STATEMENT_CATEGORY_DATA_PROTECTION_AND_PRIVACY_VIOLATIONS,135552,0,135274,278,556,134996,0,0,0,134996,0.0,0.9979491265344664,0.0020508734655335,0.004101746931067,0.995898253068933,0.0,0.0,0.0,0.995898253068933,True,2026-03-09,138597.0,0.0,0.0,7.0,25,,False,0.4635190863910331,2,0.4635190863910331,11.817117986736493,0,False,-0.04222772987232633,219,account_or_service_restriction_rate,2.9700292755673887
2026-03-23,Instagram,STATEMENT_CATEGORY_DATA_PROTECTION_AND_PRIVACY_VIOLATIONS,92605,0,92403,202,299,92306,0,0,0,92306,0.0,0.9978186922952323,0.0021813077047675,0.0032287673451757,0.9967712326548244,0.0,0.0,0.0,0.9967712326548244,True,2026-03-16,135552.0,0.0,0.0,7.0,25,,False,0.4813390313390314,2,0.4813390313390314,11.436109213351592,0,False,-0.04940468479139519,278,account_or_service_restriction_rate,2.972709196177019
2026-03-30,Instagram,STATEMENT_CATEGORY_DATA_PROTECTION_AND_PRIVACY_VIOLATIONS,132367,0,132118,249,271,132096,0,0,0,132096,0.0,0.9981188664848488,0.001881133515151,0.0020473380827547,0.9979526619172452,0.0,0.0,0.0,0.9979526619172452,True,2026-03-23,92605.0,0.0,0.0,7.0,25,,False,0.4815697489672704,2,0.4815697489672704,11.793341201429964,0,False,-0.04456011581158922,236,account_or_service_restriction_rate,2.97633601251998
2026-04-06,Instagram,STATEMENT_CATEGORY_DATA_PROTECTION_AND_PRIVACY_VIOLATIONS,114643,0,114479,164,182,114461,0,0,0,114461,0.0,0.9985694721875736,0.0014305278124264,0.0015875369625707,0.9984124630374293,0.0,0.0,0.0,0.9984124630374293,True,2026-03-30,132367.0,0.0,0.0,7.0,25,,False,0.4816953035509736,2,0.4816953035509736,11.649586953728658,0,False,-0.04599597506614932,247,account_or_service_restriction_rate,2.977747535215616
2026-04-13,Instagram,STATEMENT_CATEGORY_DATA_PROTECTION_AND_PRIVACY_VIOLATIONS,99321,0,98924,397,449,98872,0,0,0,98872,0.0,0.9960028594154308,0.0039971405845692,0.0045206955225984,0.9954793044774016,0.0,0.0,0.0,0.9954793044774016,True,2026-04-06,114643.0,0.0,0.0,7.0,25,,False,0.4805904745042493,2,0.4805904745042493,11.50612237635049,0,False,-0.04701580028261376,257,account_or_service_restriction_rate,2.968743164204688
2026-04-20,Instagram,STATEMENT_CATEGORY_DATA_PROTECTION_AND_PRIVACY_VIOLATIONS,65132,0,64966,166,254,64878,0,0,0,64878,0.0,0.9974513296075662,0.0025486703924338,0.0038997727691457,0.9961002272308542,0.0,0.0,0.0,0.9961002272308542,True,2026-04-13,99321.0,0.0,0.0,7.0,25,,False,0.4791340264919527,2,0.4791340264919527,11.084186612202346,0,False,-0.053085226941580146,305,account_or_service_restriction_rate,2.970649306926533
2026-04-27,Instagram,STATEMENT_CATEGORY_DATA_PROTECTION_AND_PRIVACY_VIOLATIONS,70061,0,69728,333,357,69704,0,0,0,69704,0.0,0.9952469990436904,0.0047530009563095,0.0050955595837912,0.9949044404162088,0.0,0.0,0.0,0.9949044404162088,True,2026-04-20,65132.0,0.0,0.0,7.0,25,,False,0.482305905235291,2,0.482305905235291,11.15713584330377,0,False,-0.0493222303790015,274,account_or_service_restriction_rate,2.966978414982341
2026-05-04,Instagram,STATEMENT_CATEGORY_DATA_PROTECTION_AND_PRIVACY_VIOLATIONS,65670,0,65450,220,236,65434,0,0,0,65434,0.0,0.9966499162479062,0.0033500837520938,0.0035937262067915,0.9964062737932085,0.0,0.0,0.0,0.9964062737932085,True,2026-04-27,70061.0,0.0,0.0,7.0,25,,False,0.937808991359793,3,0.937808991359793,11.092412706722497,0,False,-0.06099239045053166,382,account_or_service_restriction_rate,2.9715888254481744
2026-05-11,Instagram,STATEMENT_CATEGORY_DATA_PROTECTION_AND_PRIVACY_VIOLATIONS,73655,0,73489,166,187,73468,0,0,0,73468,0.0,0.9977462494060144,0.0022537505939854,0.0025388636209354,0.9974611363790644,0.0,0.0,0.0,0.9974611363790644,True,2026-05-04,65670.0,0.0,0.0,7.0,25,,False,0.9513827581251156,3,0.9513827581251156,11.207160884967681,0,False,-0.05794665095682958,349,account_or_service_restriction_rate,2.9748271004661144
2026-05-18,Instagram,STATEMENT_CATEGORY_DATA_PROTECTION_AND_PRIVACY_VIOLATIONS,56217,0,56032,185,195,56021,0,0,0,56021,0.0,0.9967091804970026,0.0032908195029973,0.0034687016382944,0.9965135101481758,0.0,0.0,0.0,0.9965135101481758,True,2026-05-11,73655.0,0.0,0.0,7.0,25,,False,0.9465840342334366,3,0.9465840342334366,10.936992269299097,0,False,-0.06263517961958702,403,account_or_service_restriction_rate,2.9719180254918216
2026-05-25,Instagram,STATEMENT_CATEGORY_DATA_PROTECTION_AND_PRIVACY_VIOLATIONS,66983,0,66823,160,181,66801,0,0,0,66801,0.0,0.9976113342191302,0.0023886657808697,0.0027021781646089,0.9972828926742606,0.0,0.0,0.0,0.9972828926742606,True,2026-05-18,56217.0,0.0,0.0,7.0,25,,False,0.9400069759330312,3,0.9400069759330312,11.112209063884269,0,False,-0.059590998622137625,369,account_or_service_restriction_rate,2.9742799181656796
2026-06-01,Instagram,STATEMENT_CATEGORY_DATA_PROTECTION_AND_PRIVACY_VIOLATIONS,46105,0,45967,138,149,45953,0,0,0,45953,0.0,0.9970068322307776,0.0029931677692224,0.0032317536058995,0.996703177529552,0.0,0.0,0.0,0.996703177529552,True,2026-05-25,66983.0,0.0,0.0,7.0,25,,False,0.9516325121712786,2,0.9516325121712786,10.738698372359542,0,False,-0.05988699699030968,374,account_or_service_restriction_rate,2.9725002768211075
2026-06-08,Instagram,STATEMENT_CATEGORY_DATA_PROTECTION_AND_PRIVACY_VIOLATIONS,47689,0,47564,125,161,47528,0,0,0,47528,0.0,0.9973788504686616,0.0026211495313384,0.0033760405963639,0.996623959403636,0.0,0.0,0.0,0.996623959403636,True,2026-06-01,46105.0,0.0,0.0,7.0,25,,False,0.9445535517974919,2,0.9445535517974919,10.77247701129227,0,False,-0.0615981629830635,389,account_or_service_restriction_rate,2.972257088673607
2026-06-15,Instagram,STATEMENT_CATEGORY_DATA_PROTECTION_AND_PRIVACY_VIOLATIONS,53862,0,53577,285,306,53556,0,0,0,53556,0.0,0.9947087000111396,0.0052912999888604,0.0056811852511975,0.9943188147488023,0.0,0.0,0.0,0.9943188147488023,True,2026-06-08,47689.0,0.0,0.0,7.0,25,,False,0.9595133532742326,2,0.9595133532742326,10.894199064777272,0,False,-0.05579723448076063,328,account_or_service_restriction_rate,2.9651806291910403
2026-06-22,Instagram,STATEMENT_CATEGORY_DATA_PROTECTION_AND_PRIVACY_VIOLATIONS,38908,0,38708,200,224,38684,0,0,0,38684,0.0,0.9948596689626812,0.0051403310373188,0.005757170761797,0.994242829238203,0.0,0.0,0.0,0.994242829238203,True,2026-06-15,53862.0,0.0,0.0,7.0,25,,False,0.9469351429524976,3,0.9469351429524976,10.568980865314236,0,False,-0.05529678630979536,324,account_or_service_restriction_rate,2.9649473647033253
2026-06-29,Instagram,STATEMENT_CATEGORY_DATA_PROTECTION_AND_PRIVACY_VIOLATIONS,42623,0,42452,171,177,42446,0,0,0,42446,0.0,0.9959880815522136,0.0040119184477864,0.0041526875161297,0.9958473124838704,0.0,0.0,0.0,0.9958473124838704,True,2026-06-22,38908.0,0.0,0.0,7.0,25,,False,0.9470313687181156,3,0.9470313687181156,10.660172753900062,0,False,-0.05920583410291562,365,account_or_service_restriction_rate,2.9698728953656266
2026-07-06,Instagram,STATEMENT_CATEGORY_DATA_PROTECTION_AND_PRIVACY_VIOLATIONS,49975,0,49818,157,160,49815,0,0,0,49815,0.0,0.9968584292146072,0.0031415707853926,0.0032016008004002,0.9967983991995998,0.0,0.0,0.0,0.9967983991995998,True,2026-06-29,42623.0,0.0,0.0,7.0,25,,False,0.98633166969147,3,0.98633166969147,10.819298169173406,0,False,-0.048951503736923155,270,account_or_service_restriction_rate,2.972792593526067
2026-07-13,Instagram,STATEMENT_CATEGORY_DATA_PROTECTION_AND_PRIVACY_VIOLATIONS,56738,0,56562,176,190,56548,0,0,0,56548,0.0,0.9968980224893368,0.003101977510663,0.0033487257217385,0.9966512742782616,0.0,0.0,0.0,0.9966512742782616,True,2026-07-06,49975.0,0.0,0.0,7.0,25,,False,0.9207229182836236,3,0.9207229182836236,10.946217083956563,0,False,-0.06209140557908356,398,account_or_service_restriction_rate,2.972340941373764
2026-07-20,Instagram,STATEMENT_CATEGORY_DATA_PROTECTION_AND_PRIVACY_VIOLATIONS,57190,0,56999,191,195,56995,0,0,0,56995,0.0,0.9966602552893864,0.0033397447106137,0.0034096870082182,0.9965903129917818,0.0,0.0,0.0,0.9965903129917818,True,2026-07-13,56738.0,0.0,0.0,7.0,25,,False,0.9767810204219182,3,0.9767810204219182,10.954151822330893,0,False,-0.053722503779644236,311,account_or_service_restriction_rate,2.9721537990732254
2026-07-27,Instagram,STATEMENT_CATEGORY_DATA_PROTECTION_AND_PRIVACY_VIOLATIONS,53358,0,53157,201,220,53138,0,0,0,53138,0.0,0.9962329922410884,0.0037670077589115,0.0041230930694553,0.9958769069305446,0.0,0.0,0.0,0.9958769069305446,True,2026-07-20,57190.0,0.0,0.0,7.0,25,,False,0.9694066978540136,3,0.9694066978540136,10.884797939784212,0,False,-0.05568639224837045,327,account_or_service_restriction_rate,2.969963746021077
2026-08-03,Instagram,STATEMENT_CATEGORY_DATA_PROTECTION_AND_PRIVACY_VIOLATIONS,27637,0,27484,153,158,27479,0,0,0,27479,0.0,0.9944639432644644,0.0055360567355356,0.0057169736223179,0.994283026377682,0.0,0.0,0.0,0.994283026377682,True,2026-07-27,53358.0,0.0,0.0,7.0,25,,False,0.9801535658511192,3,0.9801535658511192,10.22694691636343,0,False,-0.04123090817091507,217,account_or_service_restriction_rate,2.9650707640866316
2026-08-10,Instagram,STATEMENT_CATEGORY_DATA_PROTECTION_AND_PRIVACY_VIOLATIONS,11278,0,11051,227,236,11042,0,0,0,11042,0.0,0.9798723177868416,0.0201276822131583,0.0209256960453981,0.979074303954602,0.0,0.0,0.0,0.979074303954602,True,2026-08-03,27637.0,0.0,0.0,7.0,25,,False,0.9911916804000682,3,0.9911916804000682,9.330697868639916,0,False,-0.019346505866900177,100,account_or_service_restriction_rate,2.91838219389957
2026-08-17,Instagram,STATEMENT_CATEGORY_DATA_PROTECTION_AND_PRIVACY_VIOLATIONS,21534,0,21232,302,310,21224,0,0,0,21224,0.0,0.9859756663880376,0.0140243336119624,0.0143958391381071,0.9856041608618928,0.0,0.0,0.0,0.9856041608618928,True,2026-08-10,11278.0,0.0,0.0,7.0,25,,False,0.9947900704872816,3,0.9947900704872816,9.977434797488211,0,False,-0.027411810229332034,136,account_or_service_restriction_rate,2.938427906750826
2026-08-24,Instagram,STATEMENT_CATEGORY_DATA_PROTECTION_AND_PRIVACY_VIOLATIONS,30744,0,30590,154,187,30557,0,0,0,30557,0.0,0.994990892531876,0.0050091074681238,0.0060824876398646,0.9939175123601351,0.0,0.0,0.0,0.9939175123601351,True,2026-08-17,21534.0,0.0,0.0,7.0,25,,False,0.994113444333996,3,0.994113444333996,10.33348265838757,0,False,-0.03674668471481844,182,account_or_service_restriction_rate,2.963948689109664
2026-03-09,Instagram,STATEMENT_CATEGORY_ILLEGAL_OR_HARMFUL_SPEECH,8106,0,6592,1514,6613,14,0,0,0,14,0.0,0.8132247717739945,0.1867752282260054,0.8158154453491241,0.001727115716753,0.0,0.0,0.0,0.001727115716753,True,2026-03-02,9160.0,0.0,0.0,7.0,25,,False,0.6169394054716901,3,0.6169394054716901,9.000483164987708,0,False,-0.13690885993777957,1045,fully_automated_rate,0.4204094437041688
2026-03-16,Instagram,STATEMENT_CATEGORY_ILLEGAL_OR_HARMFUL_SPEECH,5187,0,4680,507,4856,7,0,0,0,7,0.0,0.9022556390977444,0.0977443609022556,0.9361866203971468,0.0013495276653171,0.0,0.0,0.0,0.0013495276653171,True,2026-03-09,8106.0,0.0,0.0,7.0,25,,False,0.7299969377488079,3,0.7299969377488079,8.554103545436334,0,False,-0.156120437264668,1109,log1p_represented_sors,0.46843407204953513
2026-03-23,Instagram,STATEMENT_CATEGORY_ILLEGAL_OR_HARMFUL_SPEECH,6201,0,5425,776,6165,4,3,0,0,7,0.0,0.8748588937268182,0.1251411062731817,0.9941944847605224,0.0006450572488308,0.0004837929366231,0.0,0.0,0.0011288501854539,True,2026-03-16,5187.0,0.0,0.0,7.0,25,,False,0.7085153811859117,3,0.7085153811859117,8.732627099660395,0,False,-0.1550032388955575,1102,content_removed_rate,0.4705465949198532
2026-03-30,Instagram,STATEMENT_CATEGORY_ILLEGAL_OR_HARMFUL_SPEECH,5841,0,5405,436,5775,7,1,0,0,8,0.0,0.9253552473891457,0.0746447526108543,0.9887005649717514,0.0011984249272384,0.000171203561034,0.0,0.0,0.0013696284882725,True,2026-03-23,6201.0,0.0,0.0,7.0,25,,False,0.7648534165644856,3,0.7648534165644856,8.672828482947686,0,False,-0.15825711735645415,1123,content_removed_rate,0.4645626994541776
2026-04-06,Instagram,STATEMENT_CATEGORY_ILLEGAL_OR_HARMFUL_SPEECH,5269,0,4727,542,5202,11,0,0,0,11,0.0,0.8971341810590245,0.1028658189409755,0.9872841146327576,0.0020876826722338,0.0,0.0,0.0,0.0020876826722338,True,2026-03-30,5841.0,0.0,0.0,7.0,25,,False,0.7937396351575456,3,0.7937396351575456,8.569785641535407,0,False,-0.15993967194317454,1130,log1p_represented_sors,0.4630994913451488
2026-04-13,Instagram,STATEMENT_CATEGORY_ILLEGAL_OR_HARMFUL_SPEECH,5793,0,4144,1649,5724,7,0,0,0,7,0.0,0.7153461073709649,0.284653892629035,0.988089073019161,0.0012083549110996,0.0,0.0,0.0,0.0012083549110996,True,2026-04-06,5269.0,0.0,0.0,7.0,25,,False,0.7936366135239142,3,0.7936366135239142,8.664578178329295,0,False,-0.15979368845987024,1129,content_removed_rate,0.46389667154276154
2026-04-20,Instagram,STATEMENT_CATEGORY_ILLEGAL_OR_HARMFUL_SPEECH,3219,0,2396,823,3131,8,0,0,0,8,0.0,0.7443305374339857,0.2556694625660143,0.9726623174899036,0.0024852438645542,0.0,0.0,0.0,0.0024852438645542,True,2026-04-13,5793.0,0.0,0.0,7.0,25,,False,0.7828169218489224,3,0.7828169218489224,8.077136638538454,0,False,-0.15557284292335938,1105,log1p_represented_sors,0.6306839678602476
2026-04-27,Instagram,STATEMENT_CATEGORY_ILLEGAL_OR_HARMFUL_SPEECH,3074,0,2416,658,2930,9,6,0,0,15,0.0,0.785946649316851,0.2140533506831489,0.9531554977228368,0.0029277813923227,0.0019518542615484,0.0,0.0,0.0048796356538711,True,2026-04-20,3219.0,0.0,0.0,7.0,25,,False,0.818611538632928,3,0.818611538632928,8.031060180240619,0,False,-0.15416559667535581,1101,log1p_represented_sors,0.6463578027742303
2026-05-04,Instagram,STATEMENT_CATEGORY_ILLEGAL_OR_HARMFUL_SPEECH,2536,0,2045,491,2434,8,0,0,0,8,0.0,0.8063880126182965,0.1936119873817034,0.9597791798107256,0.0031545741324921,0.0,0.0,0.0,0.0031545741324921,True,2026-04-27,3074.0,0.0,0.0,7.0,25,,False,0.8176454539253802,3,0.8176454539253802,7.838737559599282,0,False,-0.15045464245567647,1087,log1p_represented_sors,0.7117802140774553
2026-05-11,Instagram,STATEMENT_CATEGORY_ILLEGAL_OR_HARMFUL_SPEECH,2675,0,2066,609,2614,3,1,0,0,4,0.0,0.7723364485981309,0.2276635514018691,0.9771962616822428,0.0011214953271028,0.0003738317757009,0.0,0.0,0.0014953271028037,True,2026-05-04,2536.0,0.0,0.0,7.0,25,,False,0.7863411826770899,3,0.7863411826770899,7.892078421248119,0,False,-0.15260529898934178,1096,log1p_represented_sors,0.6936352461146561
2026-05-18,Instagram,STATEMENT_CATEGORY_ILLEGAL_OR_HARMFUL_SPEECH,2803,0,2092,711,2762,4,0,0,0,4,0.0,0.7463432037103104,0.2536567962896896,0.9853728148412416,0.001427042454513,0.0,0.0,0.0,0.001427042454513,True,2026-05-11,2675.0,0.0,0.0,7.0,25,,False,0.7845029863481229,3,0.7845029863481229,7.938802248154481,0,False,-0.1532100918433304,1097,log1p_represented_sors,0.6777411957354794
2026-05-25,Instagram,STATEMENT_CATEGORY_ILLEGAL_OR_HARMFUL_SPEECH,3717,0,2544,1173,3691,11,0,0,0,11,0.0,0.6844229217110573,0.3155770782889427,0.9930051116491796,0.0029593758407317,0.0,0.0,0.0,0.0029593758407317,True,2026-05-18,2803.0,0.0,0.0,7.0,25,,False,0.807304442627419,3,0.807304442627419,8.220941168281389,0,False,-0.1566731929158646,1113,log1p_represented_sors,0.5817659619557096
2026-06-01,Instagram,STATEMENT_CATEGORY_ILLEGAL_OR_HARMFUL_SPEECH,3686,0,2783,903,3665,6,0,0,0,6,0.0,0.7550189907759088,0.2449810092240911,0.9943027672273468,0.0016277807921866,0.0,0.0,0.0,0.0016277807921866,True,2026-05-25,3717.0,0.0,0.0,7.0,25,,False,0.8042707666026052,3,0.8042707666026052,8.212568398234145,0,False,-0.15676261604748454,1114,log1p_represented_sors,0.5846141282501968
2026-06-08,Instagram,STATEMENT_CATEGORY_ILLEGAL_OR_HARMFUL_SPEECH,5006,0,3885,1121,4974,5,0,0,0,5,0.0,0.7760687175389532,0.2239312824610467,0.993607670795046,0.000998801438274,0.0,0.0,0.0,0.000998801438274,True,2026-06-01,3686.0,0.0,0.0,7.0,25,,False,0.7829587728685726,3,0.7829587728685726,8.518592212329946,0,False,-0.15936014640635282,1128,log1p_represented_sors,0.4805139669296313
2026-06-15,Instagram,STATEMENT_CATEGORY_ILLEGAL_OR_HARMFUL_SPEECH,5379,0,3864,1515,5360,2,2,0,0,4,0.0,0.7183491355270496,0.2816508644729503,0.9964677449340026,0.0003718163227365,0.0003718163227365,0.0,0.0,0.0007436326454731,True,2026-06-08,5006.0,0.0,0.0,7.0,25,,False,0.8597251683113529,3,0.8597251683113529,8.59044365315583,0,False,-0.1537270045702537,1100,weekly_peer_divergence_abs,0.5239268490064747
2026-06-22,Instagram,STATEMENT_CATEGORY_ILLEGAL_OR_HARMFUL_SPEECH,6382,0,4725,1657,6363,1,6,0,0,7,0.0,0.7403635224067691,0.2596364775932309,0.9970228768411156,0.0001566906925728,0.0009401441554371,0.0,0.0,0.00109683484801,True,2026-06-15,5379.0,0.0,0.0,7.0,25,,False,0.8423358400465627,3,0.8423358400465627,8.761393485256058,0,False,-0.15545277325379275,1103,weekly_peer_divergence_abs,0.4863963118430685
2026-06-29,Instagram,STATEMENT_CATEGORY_ILLEGAL_OR_HARMFUL_SPEECH,6524,0,4488,2036,6503,1,0,0,0,1,0.0,0.6879215205395462,0.3120784794604537,0.9967811158798284,0.0001532801961986,0.0,0.0,0.0,0.0001532801961986,True,2026-06-22,6382.0,0.0,0.0,7.0,25,,False,0.8333464189544215,3,0.8333464189544215,8.783396232190894,0,False,-0.15578645671257513,1108,content_removed_rate,0.47336391494294966
2026-07-06,Instagram,STATEMENT_CATEGORY_ILLEGAL_OR_HARMFUL_SPEECH,6085,0,3836,2249,6069,1,0,0,0,1,0.0,0.6304026294165982,0.3695973705834018,0.9973705834018076,0.000164338537387,0.0,0.0,0.0,0.000164338537387,True,2026-06-29,6524.0,0.0,0.0,7.0,25,,False,0.8303417817912147,3,0.8303417817912147,8.713746330456916,0,False,-0.1569839760184069,1116,content_removed_rate,0.4740059541731444
2026-07-13,Instagram,STATEMENT_CATEGORY_ILLEGAL_OR_HARMFUL_SPEECH,6055,0,3837,2218,6040,1,1,0,0,2,0.0,0.6336911643270025,0.3663088356729975,0.9975227085053676,0.0001651527663088,0.0001651527663088,0.0,0.0,0.0003303055326176,True,2026-07-06,6085.0,0.0,0.0,7.0,25,,False,0.8020798919271842,3,0.8020798919271842,8.708804795117285,0,False,-0.15877146726259994,1127,content_removed_rate,0.4741716465662639
2026-07-20,Instagram,STATEMENT_CATEGORY_ILLEGAL_OR_HARMFUL_SPEECH,5913,0,4054,1859,5902,1,0,0,0,1,0.0,0.6856079824116353,0.3143920175883646,0.9981396922036192,0.00016911889058,0.0,0.0,0.0,0.00016911889058,True,2026-07-13,6055.0,0.0,0.0,7.0,25,,False,0.8119494054474629,3,0.8119494054474629,8.685077700412423,0,False,-0.15832721316673043,1124,content_removed_rate,0.47484365600511835
2026-07-27,Instagram,STATEMENT_CATEGORY_ILLEGAL_OR_HARMFUL_SPEECH,5416,0,4070,1346,5411,0,1,0,0,1,0.0,0.7514771048744461,0.2485228951255539,0.9990768094534712,0.0,0.0001846381093057,0.0,0.0,0.0001846381093057,True,2026-07-20,5913.0,0.0,0.0,7.0,25,,False,0.8017280149603682,3,0.8017280149603682,8.597297435657898,0,False,-0.1583534582081011,1125,content_removed_rate,0.4758643501320434
2026-08-03,Instagram,STATEMENT_CATEGORY_ILLEGAL_OR_HARMFUL_SPEECH,5000,0,4359,641,4968,1,25,0,0,26,0.0,0.8718,0.1282,0.9936,0.0002,0.005,0.0,0.0,0.0052,True,2026-07-27,5416.0,0.0,0.0,7.0,25,,False,0.7849786230268195,3,0.7849786230268195,8.517393171418904,0,False,-0.1579214582310476,1121,log1p_represented_sors,0.48092184483494455
2026-08-10,Instagram,STATEMENT_CATEGORY_ILLEGAL_OR_HARMFUL_SPEECH,8916,0,8100,816,8908,2,1,0,0,3,0.0,0.9084791386271872,0.0915208613728129,0.9991027366532076,0.000224315836698,0.000112157918349,0.0,0.0,0.0003364737550471,True,2026-08-03,5000.0,0.0,0.0,7.0,25,,False,0.8291381150786818,3,0.8291381150786818,9.095714846134879,0,False,-0.1518124839160426,1093,content_removed_rate,0.4758925896511673
2026-08-17,Instagram,STATEMENT_CATEGORY_ILLEGAL_OR_HARMFUL_SPEECH,8187,0,7572,615,8174,5,0,0,0,5,0.0,0.9248809087577868,0.0751190912422132,0.9984121167704898,0.0006107243190423,0.0,0.0,0.0,0.0006107243190423,True,2026-08-10,8916.0,0.0,0.0,7.0,25,,False,0.8654628082093307,3,0.8654628082093307,9.01042494678118,0,False,-0.14802503132002848,1078,weekly_peer_divergence_abs,0.5363101167292027
2026-08-24,Instagram,STATEMENT_CATEGORY_ILLEGAL_OR_HARMFUL_SPEECH,4033,0,3496,537,4027,1,0,0,0,1,0.0,0.8668484998760229,0.1331515001239772,0.9985122737416317,0.0002479543763947,0.0,0.0,0.0,0.0002479543763947,True,2026-08-17,8187.0,0.0,0.0,7.0,25,,False,0.8580503742178356,3,0.8580503742178356,8.302513718514158,0,False,-0.15148379320892774,1090,log1p_represented_sors,0.5540174167529404
2026-03-09,Instagram,STATEMENT_CATEGORY_INTELLECTUAL_PROPERTY_INFRINGEMENTS,7303,0,2915,4388,6752,551,0,0,0,551,0.0,0.3991510338217171,0.6008489661782829,0.9245515541558263,0.0754484458441736,0.0,0.0,0.0,0.0754484458441736,True,2026-03-02,7251.0,0.0,0.0,7.0,25,,False,0.14771294327177376,2,0.14771294327177376,8.896177422274805,0,False,-0.1128367277658231,907,weekly_peer_divergence_abs,1.0127743314959594
2026-03-16,Instagram,STATEMENT_CATEGORY_INTELLECTUAL_PROPERTY_INFRINGEMENTS,10594,0,6242,4352,10034,560,0,0,0,560,0.0,0.5892014347744006,0.4107985652255994,0.9471398905040588,0.052860109495941,0.0,0.0,0.0,0.052860109495941,True,2026-03-09,7303.0,0.0,0.0,7.0,25,,False,0.1483721116810211,2,0.1483721116810211,9.2681374707024,0,False,-0.11312214536868911,912,weekly_peer_divergence_abs,1.0113516805399536
2026-03-23,Instagram,STATEMENT_CATEGORY_INTELLECTUAL_PROPERTY_INFRINGEMENTS,8216,0,2660,5556,7386,830,0,0,0,830,0.0,0.3237585199610516,0.6762414800389484,0.8989776046738072,0.1010223953261928,0.0,0.0,0.0,0.1010223953261928,True,2026-03-16,10594.0,0.0,0.0,7.0,25,,False,0.30958858382493226,2,0.30958858382493226,9.013960457931187,0,False,-0.13063824897763013,1012,weekly_peer_divergence_abs,0.6634060493449069
2026-03-30,Instagram,STATEMENT_CATEGORY_INTELLECTUAL_PROPERTY_INFRINGEMENTS,7941,0,4568,3373,7383,558,0,0,0,558,0.0,0.5752424127943584,0.4247575872056416,0.9297317718171516,0.0702682281828485,0.0,0.0,0.0,0.0702682281828485,True,2026-03-23,8216.0,0.0,0.0,7.0,25,,False,0.29013715457243144,2,0.29013715457243144,8.979920411691197,0,False,-0.1352012819890483,1035,weekly_peer_divergence_abs,0.7053871182698345
2026-04-06,Instagram,STATEMENT_CATEGORY_INTELLECTUAL_PROPERTY_INFRINGEMENTS,6340,0,2706,3634,5729,611,0,0,0,611,0.0,0.426813880126183,0.5731861198738171,0.903627760252366,0.096372239747634,0.0,0.0,0.0,0.096372239747634,True,2026-03-30,7941.0,0.0,0.0,7.0,25,,False,0.2852345242822396,2,0.2852345242822396,8.754791763700032,0,False,-0.12916638542181713,1005,weekly_peer_divergence_abs,0.7159682255732743
2026-04-13,Instagram,STATEMENT_CATEGORY_INTELLECTUAL_PROPERTY_INFRINGEMENTS,10677,0,6069,4608,10110,567,0,0,0,567,0.0,0.5684180949704973,0.4315819050295026,0.9468951952795728,0.053104804720427,0.0,0.0,0.0,0.053104804720427,True,2026-04-06,6340.0,0.0,0.0,7.0,25,,False,0.2851948502986114,2,0.2851948502986114,9.275940829060131,0,False,-0.13311717322808564,1022,weekly_peer_divergence_abs,0.7160538519927832
2026-04-20,Instagram,STATEMENT_CATEGORY_INTELLECTUAL_PROPERTY_INFRINGEMENTS,13713,0,8743,4970,13200,513,0,0,0,513,0.0,0.6375701888718734,0.3624298111281266,0.9625902428352658,0.0374097571647341,0.0,0.0,0.0,0.0374097571647341,True,2026-04-13,10677.0,0.0,0.0,7.0,25,,False,0.22699364212731404,2,0.22699364212731404,9.52617248784431,0,False,-0.12520263065772136,984,weekly_peer_divergence_abs,0.8416666745795428
2026-04-27,Instagram,STATEMENT_CATEGORY_INTELLECTUAL_PROPERTY_INFRINGEMENTS,22713,0,18040,4673,22163,550,0,0,0,550,0.0,0.7942587945229604,0.2057412054770395,0.9757847928499096,0.0242152071500902,0.0,0.0,0.0,0.0242152071500902,True,2026-04-20,13713.0,0.0,0.0,7.0,25,,False,0.17968247154273626,2,0.17968247154273626,10.030736753451592,0,False,-0.11495543631568568,923,weekly_peer_divergence_abs,0.9437760613730508
2026-05-04,Instagram,STATEMENT_CATEGORY_INTELLECTUAL_PROPERTY_INFRINGEMENTS,7164,0,4457,2707,6665,499,0,0,0,499,0.0,0.6221384701284198,0.3778615298715801,0.9303461753210496,0.0696538246789503,0.0,0.0,0.0,0.0696538246789503,True,2026-04-27,22713.0,0.0,0.0,7.0,25,,False,0.33804086538461536,2,0.33804086538461536,8.876963340262272,0,False,-0.13783713556869961,1048,weekly_peer_divergence_abs,0.6019988808678176
2026-05-11,Instagram,STATEMENT_CATEGORY_INTELLECTUAL_PROPERTY_INFRINGEMENTS,8655,0,5131,3524,7995,660,0,0,0,660,0.0,0.5928365106874639,0.4071634893125361,0.9237435008665512,0.0762564991334488,0.0,0.0,0.0,0.0762564991334488,True,2026-05-04,7164.0,0.0,0.0,7.0,25,,False,0.2460582845137257,2,0.2460582845137257,9.066008001086264,0,False,-0.12949391698388296,1007,weekly_peer_divergence_abs,0.800520388840661
2026-05-18,Instagram,STATEMENT_CATEGORY_INTELLECTUAL_PROPERTY_INFRINGEMENTS,8168,0,4180,3988,7515,653,0,0,0,653,0.0,0.5117531831537708,0.4882468168462291,0.9200538687561216,0.0799461312438785,0.0,0.0,0.0,0.0799461312438785,True,2026-05-11,8655.0,0.0,0.0,7.0,25,,False,0.15494367826911104,2,0.15494367826911104,9.00810178134187,0,False,-0.11458712522670647,921,weekly_peer_divergence_abs,0.9971685896062175
2026-05-25,Instagram,STATEMENT_CATEGORY_INTELLECTUAL_PROPERTY_INFRINGEMENTS,8982,0,4182,4800,8132,850,0,0,0,850,0.0,0.4655978623914495,0.5344021376085505,0.9053662881318192,0.0946337118681808,0.0,0.0,0.0,0.0946337118681808,True,2026-05-18,8168.0,0.0,0.0,7.0,25,,False,0.23580690150766595,2,0.23580690150766595,9.103089181229207,0,False,-0.12455991352361873,980,weekly_peer_divergence_abs,0.8226454476713839
2026-06-01,Instagram,STATEMENT_CATEGORY_INTELLECTUAL_PROPERTY_INFRINGEMENTS,5221,0,2282,2939,4598,623,0,0,0,623,0.0,0.4370810189618846,0.5629189810381153,0.8806742003447615,0.1193257996552384,0.0,0.0,0.0,0.1193257996552384,True,2026-05-25,8982.0,0.0,0.0,7.0,25,,False,0.18789277564985835,2,0.18789277564985835,8.560635749259074,0,False,-0.10514278311461736,826,weekly_peer_divergence_abs,0.9260561633572588
2026-06-08,Instagram,STATEMENT_CATEGORY_INTELLECTUAL_PROPERTY_INFRINGEMENTS,13296,0,9782,3514,12684,612,0,0,0,612,0.0,0.7357099879663056,0.2642900120336943,0.953971119133574,0.0460288808664259,0.0,0.0,0.0,0.0460288808664259,True,2026-06-01,5221.0,0.0,0.0,7.0,25,,False,0.2032043541013972,2,0.2032043541013972,9.495293724856706,0,False,-0.12211164485624373,967,weekly_peer_divergence_abs,0.8930099320505879
2026-06-15,Instagram,STATEMENT_CATEGORY_INTELLECTUAL_PROPERTY_INFRINGEMENTS,34628,0,31138,3490,34029,599,0,0,0,599,0.0,0.8992145084902391,0.1007854915097608,0.9827018597666628,0.0172981402333371,0.0,0.0,0.0,0.0172981402333371,True,2026-06-08,13296.0,0.0,0.0,7.0,25,,False,0.1907790809724654,2,0.1907790809724654,10.452446760283022,0,False,-0.10780333595306461,859,weekly_peer_divergence_abs,0.9198267916687402
2026-06-22,Instagram,STATEMENT_CATEGORY_INTELLECTUAL_PROPERTY_INFRINGEMENTS,29366,0,25618,3748,28979,387,0,0,0,387,0.0,0.872369406796976,0.1276305932030239,0.9868214942450452,0.0131785057549547,0.0,0.0,0.0,0.0131785057549547,True,2026-06-15,34628.0,0.0,0.0,7.0,25,,False,0.06005431086475855,2,0.06005431086475855,10.28762687392954,0,False,-0.07838995405204086,530,weekly_peer_divergence_abs,1.2019636728638008
2026-06-29,Instagram,STATEMENT_CATEGORY_INTELLECTUAL_PROPERTY_INFRINGEMENTS,35226,0,31835,3391,34866,360,0,0,0,360,0.0,0.9037358769091012,0.0962641230908987,0.9897802759325498,0.0102197240674501,0.0,0.0,0.0,0.0102197240674501,True,2026-06-22,29366.0,0.0,0.0,7.0,25,,False,0.09708251766146214,2,0.09708251766146214,10.469568113011716,0,False,-0.08476698205053863,600,weekly_peer_divergence_abs,1.1220475041586642
2026-07-06,Instagram,STATEMENT_CATEGORY_INTELLECTUAL_PROPERTY_INFRINGEMENTS,22606,0,18070,4536,22093,513,0,0,0,513,0.0,0.7993453065557816,0.2006546934442183,0.9773069096699992,0.0226930903300008,0.0,0.0,0.0,0.0226930903300008,True,2026-06-29,35226.0,0.0,0.0,7.0,25,,False,0.1688191881918819,2,0.1688191881918819,10.02601487181582,0,False,-0.11287103323200047,909,weekly_peer_divergence_abs,0.9672217548068431
2026-07-13,Instagram,STATEMENT_CATEGORY_INTELLECTUAL_PROPERTY_INFRINGEMENTS,28460,0,20865,7595,27643,817,0,0,0,817,0.0,0.733134223471539,0.266865776528461,0.971293042867182,0.0287069571328179,0.0,0.0,0.0,0.0287069571328179,True,2026-07-06,22606.0,0.0,0.0,7.0,25,,False,0.16940645253629213,2,0.16940645253629213,10.256290008060986,0,False,-0.10662983382844078,845,weekly_peer_divergence_abs,0.9659542908791388
2026-07-20,Instagram,STATEMENT_CATEGORY_INTELLECTUAL_PROPERTY_INFRINGEMENTS,17620,0,11623,5997,17072,548,0,0,0,548,0.0,0.6596481271282634,0.3403518728717367,0.9688989784335982,0.0311010215664018,0.0,0.0,0.0,0.0311010215664018,True,2026-07-13,28460.0,0.0,0.0,7.0,25,,False,0.20478890209720146,2,0.20478890209720146,9.77684665156873,0,False,-0.12103911279548166,964,weekly_peer_divergence_abs,0.8895900795676058
2026-07-27,Instagram,STATEMENT_CATEGORY_INTELLECTUAL_PROPERTY_INFRINGEMENTS,13718,0,8707,5011,13026,692,0,0,0,692,0.0,0.6347135150896632,0.3652864849103368,0.9495553287651262,0.0504446712348738,0.0,0.0,0.0,0.0504446712348738,True,2026-07-20,17620.0,0.0,0.0,7.0,25,,False,0.13966909731413696,2,0.13966909731413696,9.526537012326164,0,False,-0.10741670590949759,853,weekly_peer_divergence_abs,1.0301349710245757
2026-08-03,Instagram,STATEMENT_CATEGORY_INTELLECTUAL_PROPERTY_INFRINGEMENTS,7024,0,3526,3498,6430,594,0,0,0,594,0.0,0.501993166287016,0.498006833712984,0.9154328018223234,0.0845671981776765,0.0,0.0,0.0,0.0845671981776765,True,2026-07-27,13718.0,0.0,0.0,7.0,25,,False,0.17599623511409834,2,0.17599623511409834,8.857230494201946,0,False,-0.11722681635346607,938,weekly_peer_divergence_abs,0.9517318852652377
2026-08-10,Instagram,STATEMENT_CATEGORY_INTELLECTUAL_PROPERTY_INFRINGEMENTS,7736,0,5452,2284,7249,487,0,0,0,487,0.0,0.704756980351603,0.2952430196483971,0.937047569803516,0.0629524301964839,0.0,0.0,0.0,0.0629524301964839,True,2026-08-03,7024.0,0.0,0.0,7.0,25,,False,0.1790092309150464,2,0.1790092309150464,8.953769294549454,0,False,-0.12083748656376532,963,weekly_peer_divergence_abs,0.9452290837102385
2026-08-17,Instagram,STATEMENT_CATEGORY_INTELLECTUAL_PROPERTY_INFRINGEMENTS,8228,0,4674,3554,7448,780,0,0,0,780,0.0,0.5680602819640252,0.4319397180359747,0.9052017501215364,0.0947982498784637,0.0,0.0,0.0,0.0947982498784637,True,2026-08-10,7736.0,0.0,0.0,7.0,25,,False,0.21535194280713402,2,0.21535194280713402,9.015419779605713,0,False,-0.12176425610884287,965,weekly_peer_divergence_abs,0.866792385149162
2026-08-24,Instagram,STATEMENT_CATEGORY_INTELLECTUAL_PROPERTY_INFRINGEMENTS,6646,0,3443,3203,6060,586,0,0,0,586,0.0,0.5180559735179056,0.4819440264820945,0.911826662654228,0.0881733373457718,0.0,0.0,0.0,0.0881733373457718,True,2026-08-17,8228.0,0.0,0.0,7.0,25,,False,0.1993138936535163,2,0.1993138936535163,8.801920904041582,0,False,-0.12011724763364247,956,weekly_peer_divergence_abs,0.9014065226605655
2026-03-09,Instagram,STATEMENT_CATEGORY_OTHER_VIOLATION_TC,474351,0,420320,54031,125725,348559,24,0,0,348583,0.0,0.8860948959736566,0.1139051040263433,0.2650463475358964,0.734812406846407,5.059544514505082e-05,0.0,0.0,0.734863002291552,True,2026-03-02,476403.0,0.0,0.0,7.0,25,,False,0.7977735416265743,6,0.7977735416265743,13.069704941108117,0,False,-0.029440924080423526,144,account_or_service_restriction_rate,2.168688946762245
2026-03-16,Instagram,STATEMENT_CATEGORY_OTHER_VIOLATION_TC,1053458,0,999074,54384,71633,981788,25,0,0,981813,0.0,0.9483757302142088,0.0516242697857911,0.0679979647978372,0.9319669127767788,2.373136850258862e-05,0.0,0.0,0.9319906441452817,True,2026-03-09,474351.0,0.0,0.0,7.0,25,,False,0.7553699110407361,6,0.7553699110407361,13.867589593576321,0,False,-0.03566177864242085,172,account_or_service_restriction_rate,2.773842192805512
2026-03-23,Instagram,STATEMENT_CATEGORY_OTHER_VIOLATION_TC,1085162,0,1025800,59362,56448,1028714,0,0,0,1028714,0.0,0.9452966469522522,0.0547033530477477,0.0520180397028277,0.9479819602971722,0.0,0.0,0.0,0.9479819602971722,True,2026-03-16,1053458.0,0.0,0.0,7.0,25,,False,0.8641047008852196,6,0.8641047008852196,13.897240764087984,0,False,-0.04136502724576756,218,account_or_service_restriction_rate,2.822933212141102
2026-03-30,Instagram,STATEMENT_CATEGORY_OTHER_VIOLATION_TC,1238965,0,1185762,53203,49335,1189630,0,0,0,1189630,0.0,0.9570585125487806,0.0429414874512193,0.0398195267824353,0.9601804732175646,0.0,0.0,0.0,0.9601804732175646,True,2026-03-23,1085162.0,0.0,0.0,7.0,25,,False,0.8335019004632536,6,0.8335019004632536,14.029787718749686,0,False,-0.039027693313976555,202,account_or_service_restriction_rate,2.86038087610775
2026-04-06,Instagram,STATEMENT_CATEGORY_OTHER_VIOLATION_TC,1408703,0,1343218,65485,58457,1350246,0,0,0,1350246,0.0,0.9535139770412926,0.0464860229587074,0.0414970366358274,0.9585029633641726,0.0,0.0,0.0,0.9585029633641726,True,2026-03-30,1238965.0,0.0,0.0,7.0,25,,False,0.8315090648451616,6,0.8315090648451616,14.158180690741776,0,False,-0.03754218670181296,185,account_or_service_restriction_rate,2.855231164360054
2026-04-13,Instagram,STATEMENT_CATEGORY_OTHER_VIOLATION_TC,1387759,0,1324069,63690,64206,1323553,0,0,0,1323553,0.0,0.954105864202646,0.0458941357973538,0.0462659582823818,0.953734041717618,0.0,0.0,0.0,0.953734041717618,True,2026-04-06,1408703.0,0.0,0.0,7.0,25,,False,0.8564723653979145,6,0.8564723653979145,14.14320149443529,0,False,-0.038537776123416655,195,account_or_service_restriction_rate,2.840591267147263
2026-04-20,Instagram,STATEMENT_CATEGORY_OTHER_VIOLATION_TC,994910,0,930179,64731,57631,937277,0,0,0,937277,0.0,0.934937833572886,0.065062166427114,0.057925842538521,0.9420721472293976,0.0,0.0,0.0,0.9420721472293976,True,2026-04-13,1387759.0,0.0,0.0,7.0,25,,False,0.830138755390885,6,0.830138755390885,13.810408564903906,0,False,-0.043568940785341424,226,account_or_service_restriction_rate,2.8047909438734866
2026-04-27,Instagram,STATEMENT_CATEGORY_OTHER_VIOLATION_TC,1059910,0,983804,76106,52914,1006996,0,0,0,1006996,0.0,0.9281957902086028,0.0718042097913973,0.0499231066788689,0.950076893321131,0.0,0.0,0.0,0.950076893321131,True,2026-04-20,994910.0,0.0,0.0,7.0,25,,False,0.8207634301088753,6,0.8207634301088753,13.873695500299071,0,False,-0.042870443907693824,223,account_or_service_restriction_rate,2.8293643524305625
2026-05-04,Instagram,STATEMENT_CATEGORY_OTHER_VIOLATION_TC,1867351,0,1786160,81191,51662,1815661,28,0,0,1815689,0.0,0.9565207612280712,0.0434792387719287,0.0276659289014223,0.9723190765956696,1.4994502908130288e-05,0.0,0.0,0.9723340710985776,True,2026-04-27,1059910.0,0.0,0.0,7.0,25,,False,0.9302560068600487,6,0.9302560068600487,14.440031942513963,0,False,-0.0181627441011357,95,account_or_service_restriction_rate,2.897690657423233
2026-05-11,Instagram,STATEMENT_CATEGORY_OTHER_VIOLATION_TC,1088608,0,1018503,70105,40603,1048005,0,0,0,1048005,0.0,0.93560124489256,0.0643987551074399,0.0372980907728034,0.9627019092271966,0.0,0.0,0.0,0.9627019092271966,True,2026-05-04,1867351.0,0.0,0.0,7.0,25,,False,0.8694728249716073,6,0.8694728249716073,13.900411292447602,0,False,-0.03849710462478645,194,account_or_service_restriction_rate,2.868121318653354
2026-05-18,Instagram,STATEMENT_CATEGORY_OTHER_VIOLATION_TC,1088144,0,1020263,67881,41406,1046738,0,0,0,1046738,0.0,0.9376176314899498,0.0623823685100501,0.0380519490067491,0.9619480509932508,0.0,0.0,0.0,0.9619480509932508,True,2026-05-11,1088608.0,0.0,0.0,7.0,25,,False,0.8528587545497917,6,0.8528587545497917,13.899984969576916,0,False,-0.04040121745786288,209,account_or_service_restriction_rate,2.8658070833029035
2026-05-25,Instagram,STATEMENT_CATEGORY_OTHER_VIOLATION_TC,1585379,0,1511688,73691,54282,1531097,0,0,0,1531097,0.0,0.953518370055362,0.0464816299446378,0.0342391314632021,0.965760868536798,0.0,0.0,0.0,0.965760868536798,True,2026-05-18,1088144.0,0.0,0.0,7.0,25,,False,0.8488450199101247,6,0.8488450199101247,14.276334684192715,0,False,-0.030922553042090163,149,account_or_service_restriction_rate,2.87751187970462
2026-06-01,Instagram,STATEMENT_CATEGORY_OTHER_VIOLATION_TC,1359120,0,1292501,66619,149247,1209868,5,0,0,1209873,0.0,0.950983724763082,0.049016275236918,0.1098114956736712,0.8901848254753075,3.678851021249044e-06,0.0,0.0,0.8901885043263288,True,2026-05-25,1585379.0,0.0,0.0,7.0,25,,False,0.8454375644129062,6,0.8454375644129062,14.12234872522573,0,False,-0.03764716338069425,186,account_or_service_restriction_rate,2.6455156914325375
2026-06-08,Instagram,STATEMENT_CATEGORY_OTHER_VIOLATION_TC,1882643,0,1816809,65834,217058,1665585,0,0,0,1665585,0.0,0.9650310759926336,0.0349689240073662,0.1152942963695188,0.8847057036304812,0.0,0.0,0.0,0.8847057036304812,True,2026-06-01,1359120.0,0.0,0.0,7.0,25,,False,0.8492743493493962,6,0.8492743493493962,14.448187729754572,0,False,-0.02861818251019501,139,account_or_service_restriction_rate,2.628684289162924
2026-06-15,Instagram,STATEMENT_CATEGORY_OTHER_VIOLATION_TC,1585235,0,1542641,42594,214132,1371103,0,0,0,1371103,0.0,0.97313079764199,0.02686920235801,0.1350790261380804,0.8649209738619196,0.0,0.0,0.0,0.8649209738619196,True,2026-06-08,1882643.0,0.0,0.0,7.0,25,,False,0.7504803311479484,6,0.7504803311479484,14.276243850108678,0,False,-0.024466673381200187,130,account_or_service_restriction_rate,2.567948040664513
2026-06-22,Instagram,STATEMENT_CATEGORY_OTHER_VIOLATION_TC,1534273,0,1463746,70527,208623,1325650,0,0,0,1325650,0.0,0.9540323006401076,0.0459676993598922,0.1359751491422973,0.8640248508577026,0.0,0.0,0.0,0.8640248508577026,True,2026-06-15,1585235.0,0.0,0.0,7.0,25,,False,0.7982027130693935,6,0.7982027130693935,14.243567862951222,0,False,-0.03066601200174699,148,account_or_service_restriction_rate,2.565197073120051
2026-06-29,Instagram,STATEMENT_CATEGORY_OTHER_VIOLATION_TC,1533993,0,1466216,67777,123347,1410646,0,0,0,1410646,0.0,0.9558166171553586,0.0441833828446414,0.0804091022579633,0.9195908977420366,0.0,0.0,0.0,0.9195908977420366,True,2026-06-22,1534273.0,0.0,0.0,7.0,25,,False,0.7977780125315538,6,0.7977780125315538,14.243385349558794,0,False,-0.035822541559682716,174,account_or_service_restriction_rate,2.7357767712569454
2026-07-06,Instagram,STATEMENT_CATEGORY_OTHER_VIOLATION_TC,1336127,0,1272069,64058,117812,1218315,0,0,0,1218315,0.0,0.9520569526699184,0.0479430473300816,0.0881742528966183,0.9118257471033816,0.0,0.0,0.0,0.9118257471033816,True,2026-06-29,1533993.0,0.0,0.0,7.0,25,,False,0.8170791408378508,6,0.8170791408378508,14.105286436872632,0,False,-0.0408291321532934,215,account_or_service_restriction_rate,2.7119388859618745
2026-07-13,Instagram,STATEMENT_CATEGORY_OTHER_VIOLATION_TC,1221147,0,1153417,67730,94672,1126475,0,0,0,1126475,0.0,0.9445357520429564,0.0554642479570436,0.0775271118055402,0.9224728881944598,0.0,0.0,0.0,0.9224728881944598,True,2026-07-06,1336127.0,0.0,0.0,7.0,25,,False,0.8024636195783712,6,0.8024636195783712,14.015301957868457,0,False,-0.040737506725436134,211,account_or_service_restriction_rate,2.7446240636049346
2026-07-20,Instagram,STATEMENT_CATEGORY_OTHER_VIOLATION_TC,1375620,0,1307747,67873,112033,1263587,0,0,0,1263587,0.0,0.9506600660066008,0.0493399339933993,0.0814418225963565,0.9185581774036434,0.0,0.0,0.0,0.9185581774036434,True,2026-07-13,1221147.0,0.0,0.0,7.0,25,,False,0.7978133424941964,6,0.7978133424941964,14.134415823489439,0,False,-0.03866582474237592,197,account_or_service_restriction_rate,2.7326064697246153
2026-07-27,Instagram,STATEMENT_CATEGORY_OTHER_VIOLATION_TC,1372442,0,1295096,77346,135040,1237402,0,0,0,1237402,0.0,0.9436435200904664,0.0563564799095335,0.098393957631725,0.9016060423682748,0.0,0.0,0.0,0.9016060423682748,True,2026-07-20,1375620.0,0.0,0.0,7.0,25,,False,0.7851153191761819,6,0.7851153191761819,14.132102921448782,0,False,-0.03588007308982026,176,account_or_service_restriction_rate,2.680565875886288
2026-08-03,Instagram,STATEMENT_CATEGORY_OTHER_VIOLATION_TC,1634578,0,1561395,73183,195535,1439043,0,0,0,1439043,0.0,0.9552281995719996,0.0447718004280003,0.1196241476393295,0.8803758523606705,0.0,0.0,0.0,0.8803758523606705,True,2026-07-27,1372442.0,0.0,0.0,7.0,25,,False,0.6278119183487205,6,0.6278119183487205,14.306895836801903,0,False,-0.01551774944401263,85,account_or_service_restriction_rate,2.6153922742726188
2026-08-10,Instagram,STATEMENT_CATEGORY_OTHER_VIOLATION_TC,1680503,0,1614506,65997,370119,1310384,0,0,0,1310384,0.0,0.9607278297033686,0.0392721702966314,0.2202429867724127,0.7797570132275872,0.0,0.0,0.0,0.7797570132275872,True,2026-08-03,1634578.0,0.0,0.0,7.0,25,,False,0.802747460621369,6,0.802747460621369,14.334604306388439,0,False,-0.012738078202082304,79,account_or_service_restriction_rate,2.3065070436580744
2026-08-17,Instagram,STATEMENT_CATEGORY_OTHER_VIOLATION_TC,1921557,0,1858082,63475,588762,1332795,0,0,0,1332795,0.0,0.9669668919527238,0.0330331080472762,0.3063984050434101,0.6936015949565899,0.0,0.0,0.0,0.6936015949565899,True,2026-08-10,1680503.0,0.0,0.0,7.0,25,,False,0.7739020469413305,6,0.7739020469413305,14.468646873282982,0,False,-0.004544883669495558,65,account_or_service_restriction_rate,2.042022415624043
2026-08-24,Instagram,STATEMENT_CATEGORY_OTHER_VIOLATION_TC,1933608,0,1870588,63020,551676,1381932,0,0,0,1381932,0.0,0.967408078576423,0.032591921423577,0.2853091216006553,0.7146908783993446,0.0,0.0,0.0,0.7146908783993446,True,2026-08-17,1921557.0,0.0,0.0,7.0,25,,False,0.777528310702783,6,0.777528310702783,14.474898762890987,0,False,-0.004551449559645549,66,account_or_service_restriction_rate,2.106763454537192
2026-03-09,Instagram,STATEMENT_CATEGORY_PROTECTION_OF_MINORS,28610,0,25097,3513,8899,19711,0,0,0,19711,0.0,0.87721076546662,0.1227892345333799,0.3110450891296749,0.688954910870325,0.0,0.0,0.0,0.688954910870325,True,2026-03-02,30534.0,0.0,0.0,7.0,25,,False,0.12195308741315855,4,0.12195308741315855,10.261546538247021,0,False,-0.020074387310178445,104,account_or_service_restriction_rate,2.02775776997771
2026-03-16,Instagram,STATEMENT_CATEGORY_PROTECTION_OF_MINORS,25656,0,22966,2690,10418,15237,0,0,0,15237,0.0,0.8951512316806984,0.1048487683193015,0.4060648581228562,0.5938961646398503,0.0,0.0,0.0,0.5938961646398503,True,2026-03-09,28610.0,0.0,0.0,7.0,25,,False,0.12688942195515976,4,0.12688942195515976,10.152571717850691,0,False,-0.02944802073776067,145,account_or_service_restriction_rate,1.7359412174880338
2026-03-23,Instagram,STATEMENT_CATEGORY_PROTECTION_OF_MINORS,25408,0,23104,2304,11116,14292,0,0,0,14292,0.0,0.9093198992443324,0.0906801007556675,0.4375,0.5625,0.0,0.0,0.0,0.5625,True,2026-03-16,25656.0,0.0,0.0,7.0,25,,False,0.14998675226282845,4,0.14998675226282845,10.142858720954989,0,False,-0.038025191163534845,188,account_or_service_restriction_rate,1.6395595494152628
2026-03-30,Instagram,STATEMENT_CATEGORY_PROTECTION_OF_MINORS,37117,0,35706,1411,18399,18717,0,0,0,18717,0.0,0.9619850742247488,0.0380149257752512,0.4957027777029393,0.5042702804644772,0.0,0.0,0.0,0.5042702804644772,True,2026-03-23,25408.0,0.0,0.0,7.0,25,,False,0.1457039121492413,4,0.1457039121492413,10.52185730613825,0,False,-0.03550594813093348,170,account_or_service_restriction_rate,1.4608027628898221
2026-04-06,Instagram,STATEMENT_CATEGORY_PROTECTION_OF_MINORS,26331,0,24466,1865,9463,16867,0,0,0,16867,0.0,0.929170939197144,0.0708290608028559,0.3593862747332042,0.640575747218108,0.0,0.0,0.0,0.640575747218108,True,2026-03-30,37117.0,0.0,0.0,7.0,25,,False,0.16061986312939,4,0.16061986312939,10.178540208587767,0,False,-0.03439128718586705,163,account_or_service_restriction_rate,1.8792407601373484
2026-04-13,Instagram,STATEMENT_CATEGORY_PROTECTION_OF_MINORS,26935,0,24887,2048,10592,16342,0,0,0,16342,0.0,0.923965101169482,0.0760348988305179,0.3932429923890848,0.6067198811954706,0.0,0.0,0.0,0.6067198811954706,True,2026-04-06,26331.0,0.0,0.0,7.0,25,,False,0.1565124082866492,4,0.1565124082866492,10.20121896084091,0,False,-0.034966534432709494,169,account_or_service_restriction_rate,1.7753081658621772
2026-04-20,Instagram,STATEMENT_CATEGORY_PROTECTION_OF_MINORS,31464,0,29138,2326,10679,20784,0,0,0,20784,0.0,0.9260742435799644,0.0739257564200356,0.3394037630307653,0.6605644546147978,0.0,0.0,0.0,0.6605644546147978,True,2026-04-13,26935.0,0.0,0.0,7.0,25,,False,0.13978350875666232,4,0.13978350875666232,10.356631095961035,0,False,-0.026471967848448952,134,account_or_service_restriction_rate,1.9406031903453425
2026-04-27,Instagram,STATEMENT_CATEGORY_PROTECTION_OF_MINORS,36322,0,33168,3154,16714,19608,0,0,0,19608,0.0,0.9131655745828974,0.0868344254171025,0.4601618853587357,0.5398381146412643,0.0,0.0,0.0,0.5398381146412643,True,2026-04-20,31464.0,0.0,0.0,7.0,25,,False,0.1915880901954973,4,0.1915880901954973,10.500206428423052,0,False,-0.040792622679151215,214,account_or_service_restriction_rate,1.5699908508941538
2026-05-04,Instagram,STATEMENT_CATEGORY_PROTECTION_OF_MINORS,32692,0,30814,1878,9548,23144,0,0,0,23144,0.0,0.9425547534565032,0.0574452465434968,0.2920592193808883,0.7079407806191117,0.0,0.0,0.0,0.7079407806191117,True,2026-04-27,36322.0,0.0,0.0,7.0,25,,False,0.3938085780411339,5,0.3938085780411339,10.394916266691387,0,False,-0.04461843447533448,237,account_or_service_restriction_rate,2.0860416341754973
2026-05-11,Instagram,STATEMENT_CATEGORY_PROTECTION_OF_MINORS,27378,0,25103,2275,7270,20107,0,0,0,20107,0.0,0.9169040835707504,0.0830959164292497,0.2655416757980861,0.7344217985243626,0.0,0.0,0.0,0.7344217985243626,True,2026-05-04,32692.0,0.0,0.0,7.0,25,,False,0.2724692526017029,5,0.2724692526017029,10.217531575165962,0,False,-0.03439427452032852,164,account_or_service_restriction_rate,2.1673345152407677
2026-05-18,Instagram,STATEMENT_CATEGORY_PROTECTION_OF_MINORS,25014,0,22761,2253,7951,17062,0,0,0,17062,0.0,0.9099304389541856,0.0900695610458143,0.3178619972815223,0.6820980251059406,0.0,0.0,0.0,0.6820980251059406,True,2026-05-11,27378.0,0.0,0.0,7.0,25,,False,0.1955307262569832,5,0.1955307262569832,10.127230923922305,0,False,-0.034741964641623914,166,account_or_service_restriction_rate,2.0067081260056887
2026-05-25,Instagram,STATEMENT_CATEGORY_PROTECTION_OF_MINORS,36783,0,30346,6437,16224,20558,0,0,0,20558,0.0,0.8250006796618002,0.1749993203381997,0.4410733219150151,0.5588994916129734,0.0,0.0,0.0,0.5588994916129734,True,2026-05-18,25014.0,0.0,0.0,7.0,25,,False,0.2540772532188841,5,0.2540772532188841,10.512818247002963,0,False,-0.04741363428131958,259,account_or_service_restriction_rate,1.628506511305915
2026-06-01,Instagram,STATEMENT_CATEGORY_PROTECTION_OF_MINORS,30673,0,22652,8021,13179,17494,0,0,0,17494,0.0,0.7384996576793923,0.2615003423206077,0.4296612656081896,0.5703387343918104,0.0,0.0,0.0,0.5703387343918104,True,2026-05-25,36783.0,0.0,0.0,7.0,25,,False,0.2902896242924938,4,0.2902896242924938,10.331170669210724,0,False,-0.052350451370799,300,account_or_service_restriction_rate,1.6636233261513274
2026-06-08,Instagram,STATEMENT_CATEGORY_PROTECTION_OF_MINORS,28937,0,20044,8893,12929,16006,0,0,0,16006,0.0,0.6926771952863117,0.3073228047136883,0.4467982168158413,0.5531326675190932,0.0,0.0,0.0,0.5531326675190932,True,2026-06-01,30673.0,0.0,0.0,7.0,25,,False,0.5429966203529853,3,0.5429966203529853,10.272910889297027,0,False,-0.06637998061737646,431,account_or_service_restriction_rate,1.610803198432312
2026-06-15,Instagram,STATEMENT_CATEGORY_PROTECTION_OF_MINORS,31241,0,22370,8871,14773,16468,0,0,0,16468,0.0,0.7160462213117378,0.2839537786882622,0.4728721871899107,0.5271278128100894,0.0,0.0,0.0,0.5271278128100894,True,2026-06-08,28937.0,0.0,0.0,7.0,25,,False,0.44393090154485804,4,0.44393090154485804,10.349518622390955,0,False,-0.06446316144405112,419,account_or_service_restriction_rate,1.5309720692611217
2026-06-22,Instagram,STATEMENT_CATEGORY_PROTECTION_OF_MINORS,42586,0,31717,10869,25325,17261,0,0,0,17261,0.0,0.7447752782604612,0.2552247217395388,0.5946790024890809,0.4053209975109191,0.0,0.0,0.0,0.4053209975109191,True,2026-06-15,31241.0,0.0,0.0,7.0,25,,False,0.4387755102040816,5,0.4387755102040816,10.659304321366108,0,False,-0.07152245339026328,464,account_or_service_restriction_rate,1.1570428273987334
2026-06-29,Instagram,STATEMENT_CATEGORY_PROTECTION_OF_MINORS,41646,0,30905,10741,23527,18119,0,0,0,18119,0.0,0.74208807568554,0.25791192431446,0.5649282043893772,0.4350717956106228,0.0,0.0,0.0,0.4350717956106228,True,2026-06-22,42586.0,0.0,0.0,7.0,25,,False,0.4769609567358424,5,0.4769609567358424,10.636984616189265,0,False,-0.07009721394527173,447,account_or_service_restriction_rate,1.2483734590296465
2026-07-06,Instagram,STATEMENT_CATEGORY_PROTECTION_OF_MINORS,42419,0,30933,11486,25519,16900,0,0,0,16900,0.0,0.7292251113887644,0.2707748886112355,0.601593625498008,0.398406374501992,0.0,0.0,0.0,0.398406374501992,True,2026-06-29,41646.0,0.0,0.0,7.0,25,,False,0.560418648905804,5,0.560418648905804,10.655375228118674,0,False,-0.07766907159356745,521,account_or_service_restriction_rate,1.1358159384669286
2026-07-13,Instagram,STATEMENT_CATEGORY_PROTECTION_OF_MINORS,42196,0,31590,10606,25387,16809,0,0,0,16809,0.0,0.7486491610579202,0.2513508389420798,0.6016447056593042,0.3983552943406958,0.0,0.0,0.0,0.3983552943406958,True,2026-07-06,42419.0,0.0,0.0,7.0,25,,False,0.5304033714629741,5,0.5304033714629741,10.650104407449692,0,False,-0.07685496151609483,511,account_or_service_restriction_rate,1.1356591297863898
2026-07-20,Instagram,STATEMENT_CATEGORY_PROTECTION_OF_MINORS,41631,0,31805,9826,25211,16420,0,0,0,16420,0.0,0.7639739617112248,0.2360260382887752,0.6055823785160097,0.3944176214839903,0.0,0.0,0.0,0.3944176214839903,True,2026-07-13,42196.0,0.0,0.0,7.0,25,,False,0.5868213841690841,5,0.5868213841690841,10.636624381312231,0,False,-0.0778742900024746,523,account_or_service_restriction_rate,1.1235710456968946
2026-07-27,Instagram,STATEMENT_CATEGORY_PROTECTION_OF_MINORS,48881,0,39273,9608,24684,24197,0,0,0,24197,0.0,0.8034410097993085,0.1965589902006914,0.5049814856488206,0.4950185143511794,0.0,0.0,0.0,0.4950185143511794,True,2026-07-20,41631.0,0.0,0.0,7.0,25,,False,0.6254452926208651,5,0.6254452926208651,10.797164509538696,0,False,-0.06278910376443218,405,account_or_service_restriction_rate,1.4324011838801691
2026-08-03,Instagram,STATEMENT_CATEGORY_PROTECTION_OF_MINORS,46859,0,37215,9644,29662,17197,0,0,0,17197,0.0,0.7941910838899677,0.2058089161100322,0.6330053991762522,0.3669946008237478,0.0,0.0,0.0,0.3669946008237478,True,2026-07-27,48881.0,0.0,0.0,7.0,25,,False,0.567814476458187,5,0.567814476458187,10.754919712061787,0,False,-0.07947075940264385,546,account_or_service_restriction_rate,1.0393863529120488
2026-08-10,Instagram,STATEMENT_CATEGORY_PROTECTION_OF_MINORS,48106,0,37930,10176,28993,19113,0,0,0,19113,0.0,0.7884671350767056,0.2115328649232944,0.6026898931526213,0.3973101068473787,0.0,0.0,0.0,0.3973101068473787,True,2026-08-03,46859.0,0.0,0.0,7.0,25,,False,0.5260377358490566,5,0.5260377358490566,10.781182975650898,0,False,-0.07481297843686018,497,account_or_service_restriction_rate,1.1324505558981375
2026-08-17,Instagram,STATEMENT_CATEGORY_PROTECTION_OF_MINORS,70589,0,60569,10020,54155,16434,0,0,0,16434,0.0,0.8580515377750074,0.1419484622249925,0.7671875221351768,0.2328124778648231,0.0,0.0,0.0,0.2328124778648231,True,2026-08-10,48106.0,0.0,0.0,7.0,25,,False,0.8568984289936227,5,0.8568984289936227,11.164643770389517,0,False,-0.0799181434704889,552,account_or_service_restriction_rate,0.6274667128961567
2026-08-24,Instagram,STATEMENT_CATEGORY_PROTECTION_OF_MINORS,62617,0,49426,13191,46593,16024,0,0,0,16024,0.0,0.7893383585927144,0.2106616414072855,0.7440950540588019,0.255904945941198,0.0,0.0,0.0,0.255904945941198,True,2026-08-17,70589.0,0.0,0.0,7.0,25,,False,0.8706031706712906,5,0.8706031706712906,11.044808055692608,0,False,-0.07673301465994983,508,account_or_service_restriction_rate,0.6983572378583432
2026-03-09,Instagram,STATEMENT_CATEGORY_SCAMS_AND_FRAUD,1425064,0,1421048,4016,2339,1422723,0,0,0,1422723,0.0,0.9971818809541184,0.0028181190458814,0.0016413297929075,0.9983572667613524,0.0,0.0,0.0,0.9983572667613524,True,2026-03-02,1149180.0,0.0,0.0,7.0,25,,False,0.5474483340362716,5,0.5474483340362716,14.169727984679687,0,False,-0.015832998542433353,87,account_or_service_restriction_rate,2.977578090660183
2026-03-16,Instagram,STATEMENT_CATEGORY_SCAMS_AND_FRAUD,677031,0,672760,4271,48420,628584,0,0,0,628584,0.0,0.993691573945654,0.0063084260543461,0.0715181431869441,0.9284419768075612,0.0,0.0,0.0,0.9284419768075612,True,2026-03-09,1425064.0,0.0,0.0,7.0,25,,False,0.6141818181818182,5,0.6141818181818182,13.425473818133328,0,False,-0.029290316330651666,142,account_or_service_restriction_rate,2.7629482991924452
2026-03-23,Instagram,STATEMENT_CATEGORY_SCAMS_AND_FRAUD,391694,0,386952,4742,67848,323806,2,0,0,323808,0.0,0.9878936108288612,0.0121063891711386,0.173216847845512,0.826681031621623,5.1060266432470245e-06,0.0,0.0,0.8266861376482663,True,2026-03-16,677031.0,0.0,0.0,7.0,25,,False,0.8765334978449257,5,0.8765334978449257,12.878238754701377,0,False,-0.04423603493220303,233,account_or_service_restriction_rate,2.450572643540889
2026-03-30,Instagram,STATEMENT_CATEGORY_SCAMS_AND_FRAUD,263570,0,258608,4962,9415,254124,1,0,0,254125,0.0,0.981173881701256,0.0188261182987441,0.0357210608187578,0.9641613233676064,3.7940585043821377e-06,0.0,0.0,0.9641651174261108,True,2026-03-23,391694.0,0.0,0.0,7.0,25,,False,0.8704730514129844,5,0.8704730514129844,12.48207806038387,0,False,-0.05140385361349514,294,account_or_service_restriction_rate,2.872613155429178
2026-04-06,Instagram,STATEMENT_CATEGORY_SCAMS_AND_FRAUD,344211,0,338446,5765,18828,325309,9,0,0,325318,0.0,0.9832515521003106,0.0167484478996894,0.054699007294944,0.945086008291426,2.6146753009055494e-05,0.0,0.0,0.9451121550444348,True,2026-03-30,263570.0,0.0,0.0,7.0,25,,False,0.951347000745412,5,0.951347000745412,12.749013025603341,0,False,-0.04692638328407807,255,account_or_service_restriction_rate,2.814123326587382
2026-04-13,Instagram,STATEMENT_CATEGORY_SCAMS_AND_FRAUD,340483,0,332805,7678,15909,324490,5,0,0,324495,0.0,0.9774496817755952,0.0225503182244047,0.0467247997697388,0.9530284918777148,1.4685020984894988e-05,0.0,0.0,0.9530431768986998,True,2026-04-06,344211.0,0.0,0.0,7.0,25,,False,0.8906277586386415,5,0.8906277586386415,12.738123413746655,0,False,-0.05211642128701849,297,account_or_service_restriction_rate,2.8384704124370153
2026-04-20,Instagram,STATEMENT_CATEGORY_SCAMS_AND_FRAUD,282208,0,274063,8145,20266,261891,0,0,0,261891,0.0,0.971138309332124,0.0288616906678761,0.0718122803038893,0.9280070019276562,0.0,0.0,0.0,0.9280070019276562,True,2026-04-13,340483.0,0.0,0.0,7.0,25,,False,0.9291212965307672,5,0.9291212965307672,12.550403210167286,0,False,-0.04856280870657662,266,account_or_service_restriction_rate,2.761612989450765
2026-04-27,Instagram,STATEMENT_CATEGORY_SCAMS_AND_FRAUD,326541,0,321153,5388,33121,293382,1,0,0,293383,0.0,0.9834997749134106,0.0165002250865894,0.1014298357633497,0.8984537929387122,3.062402577318009e-06,0.0,0.0,0.8984568553412895,True,2026-04-20,282208.0,0.0,0.0,7.0,25,,False,0.8621473205832229,5,0.8621473205832229,12.69631385648531,0,False,-0.054831697427923064,320,account_or_service_restriction_rate,2.6708983288398342
2026-05-04,Instagram,STATEMENT_CATEGORY_SCAMS_AND_FRAUD,343861,0,339639,4222,46272,297567,0,0,0,297567,0.0,0.9877217829297305,0.0122782170702696,0.1345660019600943,0.8653700186994163,0.0,0.0,0.0,0.8653700186994163,True,2026-04-27,326541.0,0.0,0.0,7.0,25,,False,0.9355329416701637,5,0.9355329416701637,12.747995693077518,0,False,-0.049385094306721666,276,account_or_service_restriction_rate,2.569326543133648
2026-05-11,Instagram,STATEMENT_CATEGORY_SCAMS_AND_FRAUD,409071,0,401643,7428,65464,343571,2,0,0,343573,0.0,0.981841782966771,0.0181582170332289,0.1600308992815428,0.8398810964355821,4.88912682639444e-06,0.0,0.0,0.8398859855624085,True,2026-05-04,343861.0,0.0,0.0,7.0,25,,False,0.922624385155948,5,0.922624385155948,12.921646458651676,0,False,-0.04433160352065729,235,account_or_service_restriction_rate,2.491094260587613
2026-05-18,Instagram,STATEMENT_CATEGORY_SCAMS_AND_FRAUD,446180,0,435674,10506,69461,376623,3,0,0,376626,0.0,0.9764534492805594,0.0235465507194405,0.1556793222466269,0.8441055179523959,6.723743780537003e-06,0.0,0.0,0.8441122416961764,True,2026-05-11,409071.0,0.0,0.0,7.0,25,,False,0.9498789091291988,5,0.9498789091291988,13.008479978272057,0,False,-0.04091849615064015,216,account_or_service_restriction_rate,2.504068253447821
2026-05-25,Instagram,STATEMENT_CATEGORY_SCAMS_AND_FRAUD,525970,0,519179,6791,87231,438699,3,0,0,438702,0.0,0.9870886172215144,0.0129113827784854,0.1658478620453638,0.8340760879898093,5.703747362016845e-06,0.0,0.0,0.8340817917371713,True,2026-05-18,446180.0,0.0,0.0,7.0,25,,False,0.9719731573901764,5,0.9719731573901764,13.173001357120114,0,False,-0.02864805420301201,140,account_or_service_restriction_rate,2.473276228063221
2026-06-01,Instagram,STATEMENT_CATEGORY_SCAMS_AND_FRAUD,430639,0,425234,5405,71397,359149,4,0,0,359153,0.0,0.9874488841001396,0.0125511158998604,0.1657931585388225,0.8339908833152594,9.288522405077106e-06,0.0,0.0,0.8340001718376645,True,2026-05-25,525970.0,0.0,0.0,7.0,25,,False,0.9611578496405552,5,0.9611578496405552,12.973027753234838,0,False,-0.0359559111338183,177,account_or_service_restriction_rate,2.4730256668194306
2026-06-08,Instagram,STATEMENT_CATEGORY_SCAMS_AND_FRAUD,458784,0,452501,6283,68420,390303,1,0,0,390304,0.0,0.9863051021831624,0.0136948978168375,0.1491333612331729,0.8507336785938481,2.1796749668689407e-06,0.0,0.0,0.8507358582688149,True,2026-06-01,430639.0,0.0,0.0,7.0,25,,False,0.9550604589165,5,0.9550604589165,13.036336969718587,0,False,-0.040267073288044165,208,account_or_service_restriction_rate,2.5244017948618276
2026-06-15,Instagram,STATEMENT_CATEGORY_SCAMS_AND_FRAUD,422894,0,417560,5334,50126,372733,1,0,0,372734,0.0,0.9873869101949898,0.0126130898050102,0.1185308848080133,0.8813863521355233,2.364658756094908e-06,0.0,0.0,0.8813887167942794,True,2026-06-08,458784.0,0.0,0.0,7.0,25,,False,0.8757832080200502,5,0.8757832080200502,12.954879200264651,0,False,-0.05247072221225067,303,account_or_service_restriction_rate,2.618501621059484
2026-06-22,Instagram,STATEMENT_CATEGORY_SCAMS_AND_FRAUD,388727,0,383492,5235,51372,337312,0,0,0,337312,0.0,0.9865329652944096,0.0134670347055902,0.1321544425779531,0.867734939945,0.0,0.0,0.0,0.867734939945,True,2026-06-15,422894.0,0.0,0.0,7.0,25,,False,0.8347921225382933,5,0.8347921225382933,12.870635149234342,0,False,-0.05311687700099371,306,account_or_service_restriction_rate,2.5765865080728294
2026-06-29,Instagram,STATEMENT_CATEGORY_SCAMS_AND_FRAUD,349396,0,343992,5404,44979,304373,0,0,0,304373,0.0,0.9845333089102336,0.0154666910897663,0.1287335859597705,0.8711404824325407,0.0,0.0,0.0,0.8711404824325407,True,2026-06-22,388727.0,0.0,0.0,7.0,25,,False,0.9480168776371308,5,0.9480168776371308,12.76396409049755,0,False,-0.047837176251276814,261,account_or_service_restriction_rate,2.5870410291714117
2026-07-06,Instagram,STATEMENT_CATEGORY_SCAMS_AND_FRAUD,355722,0,351729,3993,79496,276131,1,0,0,276132,0.0,0.9887749422301684,0.0112250577698314,0.223477884415358,0.776255053103266,2.81118401448322e-06,0.0,0.0,0.7762578642872805,True,2026-06-29,349396.0,0.0,0.0,7.0,25,,False,0.9733535631311934,5,0.9733535631311934,12.781907617077474,0,False,-0.02228531722852888,116,account_or_service_restriction_rate,2.295765164337128
2026-07-13,Instagram,STATEMENT_CATEGORY_SCAMS_AND_FRAUD,292745,0,287587,5158,47962,244723,5,0,0,244728,0.0,0.9823805701207536,0.0176194298792464,0.1638354199046952,0.8359596235631693,1.7079711011289687e-05,0.0,0.0,0.8359767032741806,True,2026-07-06,355722.0,0.0,0.0,7.0,25,,False,0.9653720996038484,5,0.9653720996038484,12.587060617831177,0,False,-0.037203984499103684,184,account_or_service_restriction_rate,2.479093331422256
2026-07-20,Instagram,STATEMENT_CATEGORY_SCAMS_AND_FRAUD,332293,0,326652,5641,53918,278339,0,0,0,278339,0.0,0.9830240179600532,0.0169759820399466,0.1622604147544486,0.8376312471222686,0.0,0.0,0.0,0.8376312471222686,True,2026-07-13,292745.0,0.0,0.0,7.0,25,,False,0.9387529428551044,5,0.9387529428551044,12.713775398206156,0,False,-0.044254215871260626,234,account_or_service_restriction_rate,2.484172540867344
2026-07-27,Instagram,STATEMENT_CATEGORY_SCAMS_AND_FRAUD,353122,0,348001,5121,49441,303628,0,0,0,303628,0.0,0.9854979298939176,0.0145020701060823,0.1400111009792649,0.8598388092500608,0.0,0.0,0.0,0.8598388092500608,True,2026-07-20,332293.0,0.0,0.0,7.0,25,,False,0.9295105916727538,5,0.9295105916727538,12.774571717149989,0,False,-0.048989028315656324,271,account_or_service_restriction_rate,2.5523465330176323
2026-08-03,Instagram,STATEMENT_CATEGORY_SCAMS_AND_FRAUD,324333,0,318982,5351,26582,297678,6,0,0,297684,0.0,0.9835015246675484,0.0164984753324515,0.0819589742641051,0.9178159484233795,1.849950513823755e-05,0.0,0.0,0.917834447928518,True,2026-07-27,353122.0,0.0,0.0,7.0,25,,False,0.9788573151428356,5,0.9788573151428356,12.689529127996378,0,False,-0.03865904020226796,196,account_or_service_restriction_rate,2.730384725290345
2026-08-10,Instagram,STATEMENT_CATEGORY_SCAMS_AND_FRAUD,337029,0,332971,4058,23593,313382,0,0,0,313382,0.0,0.9879594931000004,0.0120405068999997,0.0700028780906094,0.9298368983084542,0.0,0.0,0.0,0.9298368983084542,True,2026-08-03,324333.0,0.0,0.0,7.0,25,,False,0.9592299687825182,5,0.9592299687825182,12.727927226143898,0,False,-0.04472199237283682,239,account_or_service_restriction_rate,2.767230505717633
2026-08-17,Instagram,STATEMENT_CATEGORY_SCAMS_AND_FRAUD,359931,0,356840,3091,37539,322243,0,0,0,322243,0.0,0.9914122429021118,0.0085877570978882,0.104294989873059,0.8952910418941408,0.0,0.0,0.0,0.8952910418941408,True,2026-08-10,337029.0,0.0,0.0,7.0,25,,False,0.987082579998693,5,0.987082579998693,12.79367040370165,0,False,-0.035759798322690314,173,account_or_service_restriction_rate,2.6611797410969187
2026-08-24,Instagram,STATEMENT_CATEGORY_SCAMS_AND_FRAUD,378600,0,373156,5444,62825,315748,1,0,0,315749,0.0,0.985620707871104,0.0143792921288959,0.1659403063919704,0.8339883782356049,2.641310089804543e-06,0.0,0.0,0.8339910195456947,True,2026-08-17,359931.0,0.0,0.0,7.0,25,,False,0.9891817942646672,5,0.9891817942646672,12.844238159063961,0,False,-0.028841689425266704,141,account_or_service_restriction_rate,2.4729975706116023
2026-03-09,Instagram,STATEMENT_CATEGORY_SELF_HARM,4281,0,3262,1019,4227,2,0,0,0,2,0.0,0.7619715019855174,0.2380284980144826,0.9873861247372108,0.0004671805652884,0.0,0.0,0.0,0.0004671805652884,True,2026-03-02,4154.0,0.0,0.0,7.0,25,,False,0.62476948868399,1,0.62476948868399,8.362175469149628,0,False,-0.15224489311651773,1095,log1p_represented_sors,0.5337222711474564
2026-03-16,Instagram,STATEMENT_CATEGORY_SELF_HARM,4483,0,3581,902,4256,0,0,0,0,0,0.0,0.7987954494757975,0.2012045505242025,0.9493642650011154,0.0,0.0,0.0,0.0,0.0,True,2026-03-09,4281.0,0.0,0.0,7.0,25,,False,0.6694173881673882,1,0.6694173881673882,8.40827078419205,0,False,-0.1536355977369229,1099,log1p_represented_sors,0.5180420217321733
2026-03-23,Instagram,STATEMENT_CATEGORY_SELF_HARM,4770,0,3871,899,4616,0,0,0,0,0,0.0,0.8115303983228511,0.1884696016771488,0.9677148846960169,0.0,0.0,0.0,0.0,0.0,True,2026-03-16,4483.0,0.0,0.0,7.0,25,,False,0.7679026595488866,1,0.7679026595488866,8.470311205516108,0,False,-0.15873202005959253,1126,log1p_represented_sors,0.4969377234039115
2026-03-30,Instagram,STATEMENT_CATEGORY_SELF_HARM,4520,0,3598,922,4493,0,0,0,0,0,0.0,0.7960176991150443,0.2039823008849557,0.9940265486725663,0.0,0.0,0.0,0.0,0.0,True,2026-03-23,4770.0,0.0,0.0,7.0,25,,False,0.7130687720756285,1,0.7130687720756285,8.416488487294606,0,False,-0.15568723299272066,1107,log1p_represented_sors,0.5152466045807722
2026-04-06,Instagram,STATEMENT_CATEGORY_SELF_HARM,3914,0,3106,808,3903,0,0,0,0,0,0.0,0.7935615738375064,0.2064384261624936,0.9971895758814512,0.0,0.0,0.0,0.0,0.0,True,2026-03-30,4520.0,0.0,0.0,7.0,25,,False,0.6345532831001076,1,0.6345532831001076,8.272570608424903,0,False,-0.15044687304733767,1086,log1p_represented_sors,0.564203168472756
2026-04-13,Instagram,STATEMENT_CATEGORY_SELF_HARM,5130,0,4150,980,5117,0,0,0,0,0,0.0,0.8089668615984406,0.1910331384015594,0.9974658869395712,0.0,0.0,0.0,0.0,0.0,True,2026-04-06,3914.0,0.0,0.0,7.0,25,,False,0.6857778897849462,1,0.6857778897849462,8.543055850941965,0,False,-0.15361176475253235,1098,content_removed_rate,0.4741097573645655
2026-04-20,Instagram,STATEMENT_CATEGORY_SELF_HARM,4337,0,3168,1169,4329,2,0,0,0,2,0.0,0.7304588425178695,0.2695411574821305,0.9981554069633388,0.0004611482591653,0.0,0.0,0.0,0.0004611482591653,True,2026-04-13,5130.0,0.0,0.0,7.0,25,,False,0.7301251293630633,1,0.7301251293630633,8.37516869138682,0,False,-0.15614475649538279,1110,log1p_represented_sors,0.5293023650203397
2026-04-27,Instagram,STATEMENT_CATEGORY_SELF_HARM,3776,0,2938,838,3765,1,0,0,0,1,0.0,0.778072033898305,0.2219279661016949,0.9970868644067796,0.0002648305084745,0.0,0.0,0.0,0.0002648305084745,True,2026-04-20,4337.0,0.0,0.0,7.0,25,,False,0.7473488673952016,2,0.7473488673952016,8.236685322712457,0,False,-0.1555177968443499,1104,log1p_represented_sors,0.5764102708603197
2026-05-04,Instagram,STATEMENT_CATEGORY_SELF_HARM,3381,0,2616,765,3369,1,0,0,0,1,0.0,0.7737355811889973,0.2262644188110026,0.9964507542147294,0.0002957704821058,0.0,0.0,0.0,0.0002957704821058,True,2026-04-27,3776.0,0.0,0.0,7.0,25,,False,0.7060199482030238,2,0.7060199482030238,8.126222529458525,0,False,-0.15191269463223595,1094,log1p_represented_sors,0.613986413853083
2026-05-11,Instagram,STATEMENT_CATEGORY_SELF_HARM,3846,0,3192,654,3843,1,0,0,0,1,0.0,0.8299531981279251,0.1700468018720748,0.999219968798752,0.000260010400416,0.0,0.0,0.0,0.000260010400416,True,2026-05-04,3381.0,0.0,0.0,7.0,25,,False,0.6933370568022437,2,0.6933370568022437,8.255048902752295,0,False,-0.15172089691511884,1091,log1p_represented_sors,0.5701635294091079
2026-05-18,Instagram,STATEMENT_CATEGORY_SELF_HARM,3141,0,2456,685,3137,2,0,0,0,2,0.0,0.7819165870741802,0.2180834129258198,0.9987265202164916,0.0006367398917542,0.0,0.0,0.0,0.0006367398917542,True,2026-05-11,3846.0,0.0,0.0,7.0,25,,False,0.748145017025994,2,0.748145017025994,8.052614818815567,0,False,-0.15146268996217166,1089,log1p_represented_sors,0.6390255585190296
2026-05-25,Instagram,STATEMENT_CATEGORY_SELF_HARM,4821,0,3949,872,4820,1,0,0,0,1,0.0,0.8191246629330015,0.1808753370669985,0.9997925741547397,0.0002074258452603,0.0,0.0,0.0,0.0002074258452603,True,2026-05-18,3141.0,0.0,0.0,7.0,25,,False,0.7514111286225982,2,0.7514111286225982,8.480944058741116,0,False,-0.15639926097565482,1112,log1p_represented_sors,0.4933207443158895
2026-06-01,Instagram,STATEMENT_CATEGORY_SELF_HARM,4487,0,3647,840,4484,0,0,0,0,0,0.0,0.8127925117004681,0.187207488299532,0.9993314018275016,0.0,0.0,0.0,0.0,0.0,True,2026-05-25,4821.0,0.0,0.0,7.0,25,,False,0.786532272227356,2,0.786532272227356,8.409162447202533,0,False,-0.15730656868646933,1119,log1p_represented_sors,0.5177387046079516
2026-06-08,Instagram,STATEMENT_CATEGORY_SELF_HARM,4391,0,3604,787,4385,1,0,0,0,1,0.0,0.8207697563197449,0.179230243680255,0.9986335686631748,0.0002277385561375,0.0,0.0,0.0,0.0002277385561375,True,2026-06-01,4487.0,0.0,0.0,7.0,25,,False,0.8380310565177048,2,0.8380310565177048,8.387539983189367,0,False,-0.1556171597362453,1106,log1p_represented_sors,0.5250940210514429
2026-06-15,Instagram,STATEMENT_CATEGORY_SELF_HARM,8448,0,7781,667,8445,0,0,0,0,0,0.0,0.9210464015151516,0.0789535984848484,0.9996448863636364,0.0,0.0,0.0,0.0,0.0,True,2026-06-08,4391.0,0.0,0.0,7.0,25,,False,0.8296200386567724,2,0.8296200386567724,9.041803370152845,0,False,-0.1517763550018598,1092,content_removed_rate,0.4764830910269942
2026-06-22,Instagram,STATEMENT_CATEGORY_SELF_HARM,42349,0,41541,808,42346,0,1,0,0,1,0.0,0.980920446763796,0.0190795532362039,0.999929160074618,0.0,2.361330846064842e-05,0.0,0.0,2.361330846064842e-05,True,2026-06-15,8448.0,0.0,0.0,7.0,25,,False,0.8117779827798278,2,0.8117779827798278,10.653723700080201,0,False,-0.1306903308650978,1014,content_removed_rate,0.47679271771168485
2026-06-29,Instagram,STATEMENT_CATEGORY_SELF_HARM,19320,0,18662,658,19320,0,0,0,0,0,0.0,0.9659420289855072,0.0340579710144927,1.0,0.0,0.0,0.0,0.0,0.0,True,2026-06-22,42349.0,0.0,0.0,7.0,25,,False,0.8155690621877594,2,0.8155690621877594,9.868947866261383,0,False,-0.14287543392117474,1064,content_removed_rate,0.47686987550149257
2026-07-06,Instagram,STATEMENT_CATEGORY_SELF_HARM,5589,0,4967,622,5585,3,0,0,0,3,0.0,0.888709966004652,0.111290033995348,0.9992843084630524,0.0005367686527106,0.0,0.0,0.0,0.0005367686527106,True,2026-06-29,19320.0,0.0,0.0,7.0,25,,False,0.8133414213671308,2,0.8133414213671308,8.628734566149145,0,False,-0.1575206109562825,1120,content_removed_rate,0.47609035495743285
2026-07-13,Instagram,STATEMENT_CATEGORY_SELF_HARM,5617,0,4986,631,5609,6,0,0,0,6,0.0,0.8876624532668684,0.1123375467331315,0.9985757521808796,0.0010681858643403,0.0,0.0,0.0,0.0010681858643403,True,2026-07-06,5589.0,0.0,0.0,7.0,25,,False,0.838976817007046,2,0.838976817007046,8.633731007664188,0,False,-0.15627859467013158,1111,weekly_peer_divergence_abs,0.4791466966136765
2026-07-20,Instagram,STATEMENT_CATEGORY_SELF_HARM,5200,0,4631,569,5187,13,0,0,0,13,0.0,0.890576923076923,0.1094230769230769,0.9975,0.0025,0.0,0.0,0.0,0.0025,True,2026-07-13,5617.0,0.0,0.0,7.0,25,,False,0.829565721521691,2,0.829565721521691,8.556606193773073,0,False,-0.15702185840414085,1117,content_removed_rate,0.4741469128010242
2026-07-27,Instagram,STATEMENT_CATEGORY_SELF_HARM,5662,0,4810,852,5648,14,0,0,0,14,0.0,0.8495231367008125,0.1504768632991875,0.997527375485694,0.0024726245143058,0.0,0.0,0.0,0.0024726245143058,True,2026-07-20,5200.0,0.0,0.0,7.0,25,,False,0.7929369473183197,2,0.7929369473183197,8.641709066113805,0,False,-0.1580700050640352,1122,content_removed_rate,0.47417672977160497
2026-08-03,Instagram,STATEMENT_CATEGORY_SELF_HARM,5612,0,5097,515,5602,10,0,0,0,10,0.0,0.9082323592302208,0.091767640769779,0.9982181040627228,0.0017818959372772,0.0,0.0,0.0,0.0017818959372772,True,2026-07-27,5662.0,0.0,0.0,7.0,25,,False,0.8305672849162999,2,0.8305672849162999,8.6328406149422,0,False,-0.15686437723547708,1115,content_removed_rate,0.47492906103216376
2026-08-10,Instagram,STATEMENT_CATEGORY_SELF_HARM,5090,0,4543,547,5083,7,0,0,0,7,0.0,0.8925343811394892,0.1074656188605108,0.9986247544204322,0.0013752455795677,0.0,0.0,0.0,0.0013752455795677,True,2026-08-03,5612.0,0.0,0.0,7.0,25,,False,0.8269737192045445,2,0.8269737192045445,8.535229553902337,0,False,-0.15719828055334056,1118,content_removed_rate,0.4753719785346337
2026-08-17,Instagram,STATEMENT_CATEGORY_SELF_HARM,5144,0,4564,580,5123,21,0,0,0,21,0.0,0.8872472783825817,0.1127527216174183,0.9959175738724728,0.0040824261275272,0.0,0.0,0.0,0.0040824261275272,True,2026-08-10,5090.0,0.0,0.0,7.0,25,,False,0.9861361581680228,1,0.9861361581680228,8.545780648268149,0,False,-0.12020423953532941,957,weekly_peer_divergence_abs,0.7967535091532546
2026-08-24,Instagram,STATEMENT_CATEGORY_SELF_HARM,4967,0,4348,619,4962,5,0,0,0,5,0.0,0.8753774914435273,0.1246225085564727,0.998993356150594,0.001006643849406,0.0,0.0,0.0,0.001006643849406,True,2026-08-17,5144.0,0.0,0.0,7.0,25,,False,0.98811219703475,1,0.98811219703475,8.510772623613315,0,False,-0.1200097355142968,953,weekly_peer_divergence_abs,0.8010182972459724
2026-03-09,Instagram,STATEMENT_CATEGORY_UNSAFE_AND_PROHIBITED_PRODUCTS,4823,0,3002,1821,3721,1083,0,0,0,1083,0.0,0.6224341696039809,0.3775658303960191,0.771511507360564,0.2245490358697905,0.0,0.0,0.0,0.2245490358697905,True,2026-03-02,4575.0,0.0,0.0,7.0,25,,False,0.5458409345379194,2,0.5458409345379194,8.481358738407021,0,False,-0.10746628663181759,855,account_or_service_restriction_rate,0.6020991454674613
2026-03-16,Instagram,STATEMENT_CATEGORY_UNSAFE_AND_PROHIBITED_PRODUCTS,3625,0,2314,1311,2915,670,20,0,0,690,0.0,0.6383448275862069,0.3616551724137931,0.8041379310344827,0.1848275862068965,0.0055172413793103,0.0,0.0,0.1903448275862068,True,2026-03-09,4823.0,0.0,0.0,7.0,25,,False,0.5277168762181749,2,0.5277168762181749,8.195885391314796,0,False,-0.1074486956945763,854,log1p_represented_sors,0.5902891889207126
2026-03-23,Instagram,STATEMENT_CATEGORY_UNSAFE_AND_PROHIBITED_PRODUCTS,3347,0,2211,1136,2690,625,16,0,0,641,0.0,0.6605915745443681,0.3394084254556319,0.8037048102778608,0.1867343890050792,0.00478040035853,0.0,0.0,0.1915147893636092,True,2026-03-16,3625.0,0.0,0.0,7.0,25,,False,0.6229520721795858,2,0.6229520721795858,8.116118431609365,0,False,-0.10632560121976604,839,log1p_represented_sors,0.6174235261549611
2026-03-30,Instagram,STATEMENT_CATEGORY_UNSAFE_AND_PROHIBITED_PRODUCTS,3505,0,2367,1138,2685,807,0,0,0,807,0.0,0.675320970042796,0.324679029957204,0.7660485021398002,0.2302425106990014,0.0,0.0,0.0,0.2302425106990014,True,2026-03-23,3347.0,0.0,0.0,7.0,25,,False,0.5712008355836672,2,0.5712008355836672,8.16223106548118,0,False,-0.10184063247050057,780,account_or_service_restriction_rate,0.6195772867456852
2026-04-06,Instagram,STATEMENT_CATEGORY_UNSAFE_AND_PROHIBITED_PRODUCTS,4149,0,2822,1327,2955,1174,1,0,0,1175,0.0,0.6801638949144372,0.3198361050855627,0.7122198120028923,0.2829597493371897,0.0002410219329959,0.0,0.0,0.2832007712701856,True,2026-03-30,3505.0,0.0,0.0,7.0,25,,False,0.6101125253672826,2,0.6101125253672826,8.330863613224745,0,False,-0.09543079163569751,705,account_or_service_restriction_rate,0.782151459439523
2026-04-13,Instagram,STATEMENT_CATEGORY_UNSAFE_AND_PROHIBITED_PRODUCTS,4398,0,2993,1405,3072,1314,5,0,0,1319,0.0,0.6805366075488859,0.3194633924511141,0.6984993178717599,0.2987721691678035,0.0011368804001819,0.0,0.0,0.2999090495679855,True,2026-04-06,4149.0,0.0,0.0,7.0,25,,False,0.5731703634764177,2,0.5731703634764177,8.389132521348719,0,False,-0.09335453847006872,682,account_or_service_restriction_rate,0.8334434484910146
2026-04-20,Instagram,STATEMENT_CATEGORY_UNSAFE_AND_PROHIBITED_PRODUCTS,4138,0,2587,1551,3145,975,5,0,0,980,0.0,0.6251812469792171,0.374818753020783,0.7600289995166747,0.2356210729821169,0.00120831319478,0.0,0.0,0.236829386176897,True,2026-04-13,4398.0,0.0,0.0,7.0,25,,False,0.5713453185663404,2,0.5713453185663404,8.328209491748732,0,False,-0.1048542675639463,821,account_or_service_restriction_rate,0.6397980383320558
2026-04-27,Instagram,STATEMENT_CATEGORY_UNSAFE_AND_PROHIBITED_PRODUCTS,3514,0,2043,1471,2540,963,0,0,0,963,0.0,0.5813887307911212,0.4186112692088787,0.7228229937393283,0.2740466704610131,0.0,0.0,0.0,0.2740466704610131,True,2026-04-20,4138.0,0.0,0.0,7.0,25,,False,0.5672417621596502,2,0.5672417621596502,8.164794804244766,0,False,-0.09427023706866641,697,account_or_service_restriction_rate,0.7540496987367369
2026-05-04,Instagram,STATEMENT_CATEGORY_UNSAFE_AND_PROHIBITED_PRODUCTS,3661,0,2303,1358,2927,718,13,0,0,731,0.0,0.6290630975143403,0.3709369024856596,0.7995083310570882,0.1961212783392515,0.0035509423654739,0.0,0.0,0.1996722207047254,True,2026-04-27,3514.0,0.0,0.0,7.0,25,,False,0.873524583756742,3,0.873524583756742,8.205764725234456,0,False,-0.10003998067235412,754,log1p_represented_sors,0.5869285345944635
2026-05-11,Instagram,STATEMENT_CATEGORY_UNSAFE_AND_PROHIBITED_PRODUCTS,3256,0,1943,1313,2710,542,2,0,0,544,0.0,0.5967444717444718,0.4032555282555282,0.8323095823095823,0.1664619164619164,0.0006142506142506,0.0,0.0,0.167076167076167,True,2026-05-04,3661.0,0.0,0.0,7.0,25,,False,0.8536794067313177,3,0.8536794067313177,8.088561805276234,0,False,-0.10942532927412327,868,log1p_represented_sors,0.626797467379782
2026-05-18,Instagram,STATEMENT_CATEGORY_UNSAFE_AND_PROHIBITED_PRODUCTS,3180,0,1763,1417,2590,563,23,0,0,586,0.0,0.5544025157232705,0.4455974842767295,0.8144654088050315,0.1770440251572327,0.0072327044025157,0.0,0.0,0.1842767295597484,True,2026-05-11,3256.0,0.0,0.0,7.0,25,,False,0.8286458333333333,3,0.8286458333333333,8.064950891749143,0,False,-0.10633685440008775,840,log1p_represented_sors,0.6348291949574487
2026-05-25,Instagram,STATEMENT_CATEGORY_UNSAFE_AND_PROHIBITED_PRODUCTS,3790,0,2105,1685,3182,580,7,0,0,587,0.0,0.5554089709762533,0.4445910290237467,0.8395778364116095,0.1530343007915567,0.0018469656992084,0.0,0.0,0.1548812664907651,True,2026-05-18,3180.0,0.0,0.0,7.0,25,,False,0.8203062046736502,3,0.8203062046736502,8.240385115516334,0,False,-0.11975819735679569,950,log1p_represented_sors,0.5751517118528313
2026-06-01,Instagram,STATEMENT_CATEGORY_UNSAFE_AND_PROHIBITED_PRODUCTS,3467,0,2212,1255,2915,548,3,0,0,551,0.0,0.6380155754254399,0.3619844245745601,0.8407845399480819,0.1580617248341505,0.0008653014133256,0.0,0.0,0.1589270262474762,True,2026-05-25,3790.0,0.0,0.0,7.0,25,,False,0.8279118572927597,3,0.8279118572927597,8.151333337900432,0,False,-0.11588249368011623,929,log1p_represented_sors,0.6054444668238429
2026-06-08,Instagram,STATEMENT_CATEGORY_UNSAFE_AND_PROHIBITED_PRODUCTS,3990,0,2626,1364,3525,463,0,0,0,463,0.0,0.6581453634085213,0.3418546365914787,0.8834586466165414,0.1160401002506265,0.0,0.0,0.0,0.1160401002506265,True,2026-06-01,3467.0,0.0,0.0,7.0,25,,False,0.7944191343963554,3,0.7944191343963554,8.291797105048733,0,False,-0.13548513906100593,1037,log1p_represented_sors,0.5576628885730243
2026-06-15,Instagram,STATEMENT_CATEGORY_UNSAFE_AND_PROHIBITED_PRODUCTS,4719,0,2351,2368,3484,1232,0,0,0,1232,0.0,0.4981987709260436,0.5018012290739563,0.7382920110192838,0.261072261072261,0.0,0.0,0.0,0.261072261072261,True,2026-06-08,3990.0,0.0,0.0,7.0,25,,False,0.8053316800991941,3,0.8053316800991941,8.459564078579602,0,False,-0.0992255004077214,745,account_or_service_restriction_rate,0.7142201452389912
2026-06-22,Instagram,STATEMENT_CATEGORY_UNSAFE_AND_PROHIBITED_PRODUCTS,5034,0,3728,1306,4558,469,1,0,0,470,0.0,0.7405641636869289,0.2594358363130711,0.9054429876837504,0.0931664680174811,0.0001986491855383,0.0,0.0,0.0933651172030194,True,2026-06-15,4719.0,0.0,0.0,7.0,25,,False,0.8533886583679114,3,0.8533886583679114,8.524168805152662,0,False,-0.14108267828082996,1058,weekly_peer_divergence_abs,0.5102510693387722
2026-06-29,Instagram,STATEMENT_CATEGORY_UNSAFE_AND_PROHIBITED_PRODUCTS,11947,0,10672,1275,11456,424,1,0,0,425,0.0,0.8932786473591696,0.1067213526408303,0.9589018163555704,0.035490081191931,8.370302167908261e-05,0.0,0.0,0.0355737842136101,True,2026-06-22,5034.0,0.0,0.0,7.0,25,,False,0.8974180041870202,3,0.8974180041870202,9.388319179336001,0,False,-0.13491378373045998,1031,weekly_peer_divergence_abs,0.6052774541641357
2026-07-06,Instagram,STATEMENT_CATEGORY_UNSAFE_AND_PROHIBITED_PRODUCTS,9303,0,8365,938,8942,359,0,0,0,359,0.0,0.8991723100075244,0.1008276899924755,0.9611953133397828,0.0385897022465871,0.0,0.0,0.0,0.0385897022465871,True,2026-06-29,11947.0,0.0,0.0,7.0,25,,False,0.8477096966091612,3,0.8477096966091612,9.1381996941985,0,False,-0.14524716746828592,1073,weekly_peer_divergence_abs,0.49799444377561614
2026-07-13,Instagram,STATEMENT_CATEGORY_UNSAFE_AND_PROHIBITED_PRODUCTS,7945,0,7137,808,7593,351,0,0,0,351,0.0,0.8983008181246067,0.1016991818753933,0.9556954059156704,0.0441787287602265,0.0,0.0,0.0,0.0441787287602265,True,2026-07-06,9303.0,0.0,0.0,7.0,25,,False,0.7648093841642228,3,0.7648093841642228,8.980423936374544,0,False,-0.1480747447891961,1079,content_removed_rate,0.42861397264108286
2026-07-20,Instagram,STATEMENT_CATEGORY_UNSAFE_AND_PROHIBITED_PRODUCTS,6273,0,5465,808,5828,445,0,0,0,445,0.0,0.8711940060577076,0.1288059939422923,0.9290610553164356,0.0709389446835644,0.0,0.0,0.0,0.0709389446835644,True,2026-07-13,7945.0,0.0,0.0,7.0,25,,False,0.908433586658872,3,0.908433586658872,8.744169388750624,0,False,-0.1370424231102335,1046,weekly_peer_divergence_abs,0.6290518473460442
2026-07-27,Instagram,STATEMENT_CATEGORY_UNSAFE_AND_PROHIBITED_PRODUCTS,6298,0,5415,883,5940,353,0,0,0,353,0.0,0.8597967608764687,0.1402032391235312,0.9431565576373452,0.0560495395363607,0.0,0.0,0.0,0.0560495395363607,True,2026-07-20,6273.0,0.0,0.0,7.0,25,,False,0.8797632591494203,3,0.8797632591494203,8.74814616962193,0,False,-0.14352977652910134,1067,weekly_peer_divergence_abs,0.5671740809541587
2026-08-03,Instagram,STATEMENT_CATEGORY_UNSAFE_AND_PROHIBITED_PRODUCTS,6108,0,5182,926,5607,499,0,0,0,499,0.0,0.8483955468238376,0.1516044531761624,0.9179764243614932,0.0816961362148002,0.0,0.0,0.0,0.0816961362148002,True,2026-07-27,6298.0,0.0,0.0,7.0,25,,False,0.9449567067703384,3,0.9449567067703384,8.717518372649767,0,False,-0.12888119912160406,1001,weekly_peer_divergence_abs,0.707877912148236
2026-08-10,Instagram,STATEMENT_CATEGORY_UNSAFE_AND_PROHIBITED_PRODUCTS,5859,0,5011,848,5385,474,0,0,0,474,0.0,0.8552654036525005,0.1447345963474995,0.9190988223246288,0.0809011776753712,0.0,0.0,0.0,0.0809011776753712,True,2026-08-03,6108.0,0.0,0.0,7.0,25,,False,0.919811503553685,3,0.919811503553685,8.675904882571059,0,False,-0.13416787056482743,1026,weekly_peer_divergence_abs,0.6536082492012875
2026-08-17,Instagram,STATEMENT_CATEGORY_UNSAFE_AND_PROHIBITED_PRODUCTS,5969,0,5398,571,5617,352,0,0,0,352,0.0,0.9043390852739152,0.0956609147260847,0.9410286480147428,0.0589713519852571,0.0,0.0,0.0,0.0589713519852571,True,2026-08-10,5859.0,0.0,0.0,7.0,25,,False,0.9088459753519312,3,0.9088459753519312,8.694502206386648,0,False,-0.1387231158455574,1052,weekly_peer_divergence_abs,0.6299418857037632
2026-08-24,Instagram,STATEMENT_CATEGORY_UNSAFE_AND_PROHIBITED_PRODUCTS,6546,0,5746,800,6203,343,0,0,0,343,0.0,0.8777879621142682,0.1222120378857317,0.9476015887564924,0.0523984112435074,0.0,0.0,0.0,0.0523984112435074,True,2026-08-17,5969.0,0.0,0.0,7.0,25,,False,0.939953612232626,3,0.939953612232626,8.786762208441091,0,False,-0.1331474114559519,1023,weekly_peer_divergence_abs,0.6970799777702966
2026-03-09,Instagram,STATEMENT_CATEGORY_VIOLENCE,22498,0,16593,5905,13931,1483,0,0,0,1483,0.0,0.7375322250866744,0.2624677749133256,0.6192105964974665,0.0659169703973686,0.0,0.0,0.0,0.0659169703973686,True,2026-03-02,28146.0,0.0,0.0,7.0,25,,False,0.5186024733439526,4,0.5186024733439526,10.021226142760383,0,False,-0.11457496915500434,920,fully_automated_rate,0.4204094437041688
2026-03-16,Instagram,STATEMENT_CATEGORY_VIOLENCE,15022,0,12575,2447,6636,1580,0,0,0,1580,0.0,0.8371055784848889,0.1628944215151111,0.4417520969245107,0.105179070696312,0.0,0.0,0.0,0.105179070696312,True,2026-03-09,22498.0,0.0,0.0,7.0,25,,False,0.709363742534747,4,0.709363742534747,9.617337639062423,0,False,-0.10643882491552614,842,fully_automated_rate,0.4204094437041688
2026-03-23,Instagram,STATEMENT_CATEGORY_VIOLENCE,13755,0,11788,1967,5483,1521,0,0,0,1521,0.0,0.8569974554707379,0.1430025445292621,0.3986186841148673,0.1105779716466739,0.0,0.0,0.0,0.1105779716466739,True,2026-03-16,15022.0,0.0,0.0,7.0,25,,False,0.765625,3,0.765625,9.529230371552156,0,False,-0.1034754484593959,801,fully_automated_rate,0.4204094437041688
2026-03-30,Instagram,STATEMENT_CATEGORY_VIOLENCE,14069,0,12957,1112,6244,1410,0,0,0,1410,0.0,0.9209609780368184,0.0790390219631814,0.4438126377141232,0.1002203425971995,0.0,0.0,0.0,0.1002203425971995,True,2026-03-23,13755.0,0.0,0.0,7.0,25,,False,0.7562568008705114,3,0.7562568008705114,9.551800150108434,0,False,-0.10707993786511334,848,fully_automated_rate,0.4204094437041688
2026-04-06,Instagram,STATEMENT_CATEGORY_VIOLENCE,15899,0,14227,1672,6946,1437,0,0,0,1437,0.0,0.8948361532171835,0.1051638467828165,0.4368828228190452,0.0903830429586766,0.0,0.0,0.0,0.0903830429586766,True,2026-03-30,14069.0,0.0,0.0,7.0,25,,False,0.8230808337569904,3,0.8230808337569904,9.674074388208323,0,False,-0.1041719496801378,811,weekly_peer_divergence_abs,0.44483917299742187
2026-04-13,Instagram,STATEMENT_CATEGORY_VIOLENCE,13573,0,11246,2327,5100,1564,0,0,0,1564,0.0,0.828556693435497,0.171443306564503,0.3757459662565387,0.1152287629853385,0.0,0.0,0.0,0.1152287629853385,True,2026-04-06,15899.0,0.0,0.0,7.0,25,,False,0.7458057956278596,3,0.7458057956278596,9.515911477263703,0,False,-0.10154427385004025,773,fully_automated_rate,0.4204094437041688
2026-04-20,Instagram,STATEMENT_CATEGORY_VIOLENCE,13141,0,11086,2055,4133,1691,0,0,0,1691,0.0,0.8436192070618674,0.1563807929381325,0.3145118331938208,0.1286812266950764,0.0,0.0,0.0,0.1286812266950764,True,2026-04-13,13573.0,0.0,0.0,7.0,25,,False,0.6514472075010191,3,0.6514472075010191,9.483568487457813,0,False,-0.09371665123656887,686,fully_automated_rate,0.4204094437041688
2026-04-27,Instagram,STATEMENT_CATEGORY_VIOLENCE,14862,0,12871,1991,5427,1917,0,0,0,1917,0.0,0.866034181133091,0.1339658188669089,0.3651594670972951,0.1289866774323778,0.0,0.0,0.0,0.1289866774323778,True,2026-04-20,13141.0,0.0,0.0,7.0,25,,False,0.7209734384603312,4,0.7209734384603312,9.606630182148894,0,False,-0.09935839171725619,748,fully_automated_rate,0.4204094437041688
2026-05-04,Instagram,STATEMENT_CATEGORY_VIOLENCE,12186,0,10624,1562,3547,1721,0,0,0,1721,0.0,0.8718201214508452,0.1281798785491547,0.2910717216477925,0.1412276382734285,0.0,0.0,0.0,0.1412276382734285,True,2026-04-27,14862.0,0.0,0.0,7.0,25,,False,0.7917970845516913,4,0.7917970845516913,9.408125088823502,0,False,-0.09148385891841818,656,fully_automated_rate,0.4204094437041688
2026-05-11,Instagram,STATEMENT_CATEGORY_VIOLENCE,14849,0,12922,1927,4399,3799,0,0,0,3799,0.0,0.8702269513098525,0.1297730486901475,0.2962489056502121,0.2558421442521382,0.0,0.0,0.0,0.2558421442521382,True,2026-05-04,12186.0,0.0,0.0,7.0,25,,False,0.7706361572749882,4,0.7706361572749882,9.605755144230846,0,False,-0.08387540066688721,590,account_or_service_restriction_rate,0.6981644457890314
2026-05-18,Instagram,STATEMENT_CATEGORY_VIOLENCE,11999,0,9698,2301,4066,2562,0,0,0,2562,0.0,0.8082340195016251,0.1917659804983748,0.3388615717976498,0.2135177931494291,0.0,0.0,0.0,0.2135177931494291,True,2026-05-11,14849.0,0.0,0.0,7.0,25,,False,0.7481394080630228,4,0.7481394080630228,9.392661928770137,0,False,-0.09099186012758419,650,account_or_service_restriction_rate,0.5682348315775239
2026-05-25,Instagram,STATEMENT_CATEGORY_VIOLENCE,8776,0,5771,3005,4429,2585,0,0,0,2585,0.0,0.6575888787602553,0.3424111212397447,0.5046718322698268,0.2945533272561531,0.0,0.0,0.0,0.2945533272561531,True,2026-05-18,11999.0,0.0,0.0,7.0,25,,False,0.8557022084025578,4,0.8557022084025578,9.079889942592118,0,False,-0.08421746103108904,593,account_or_service_restriction_rate,0.8170021584140167
2026-06-01,Instagram,STATEMENT_CATEGORY_VIOLENCE,7105,0,4653,2452,3664,1723,0,0,0,1723,0.0,0.6548909218859957,0.3451090781140042,0.5156931738212527,0.2425052779732582,0.0,0.0,0.0,0.2425052779732582,True,2026-05-25,8776.0,0.0,0.0,7.0,25,,False,0.8046713087340315,4,0.8046713087340315,8.868694776580972,0,False,-0.09746332970013774,723,account_or_service_restriction_rate,0.6572222022517307
2026-06-08,Instagram,STATEMENT_CATEGORY_VIOLENCE,10037,0,7265,2772,3692,1900,0,0,0,1900,0.0,0.7238218591212514,0.2761781408787486,0.3678389957158513,0.1892995915114078,0.0,0.0,0.0,0.1892995915114078,True,2026-06-01,7105.0,0.0,0.0,7.0,25,,False,0.8486364485188015,4,0.8486364485188015,9.214133170214879,0,False,-0.09140832190802813,655,weekly_peer_divergence_abs,0.49999460712042104
2026-06-15,Instagram,STATEMENT_CATEGORY_VIOLENCE,8377,0,5705,2672,3387,2068,0,0,0,2068,0.0,0.6810313954876447,0.3189686045123552,0.4043213560940671,0.2468664199594126,0.0,0.0,0.0,0.2468664199594126,True,2026-06-08,10037.0,0.0,0.0,7.0,25,,False,0.8713523434273385,4,0.8713523434273385,9.03336450150698,0,False,-0.08365083928806354,588,account_or_service_restriction_rate,0.6706102750991458
2026-06-22,Instagram,STATEMENT_CATEGORY_VIOLENCE,8784,0,5795,2989,4629,2109,0,0,0,2109,0.0,0.6597222222222222,0.3402777777777778,0.5269808743169399,0.2400956284153005,0.0,0.0,0.0,0.2400956284153005,True,2026-06-15,8377.0,0.0,0.0,7.0,25,,False,0.8428578533989449,4,0.8428578533989449,9.080801000621198,0,False,-0.09559289144742997,709,account_or_service_restriction_rate,0.6498249278861862
2026-06-29,Instagram,STATEMENT_CATEGORY_VIOLENCE,7814,0,5115,2699,4331,1605,0,0,0,1605,0.0,0.6545943178909649,0.345405682109035,0.5542615817762989,0.2054005630918863,0.0,0.0,0.0,0.2054005630918863,True,2026-06-22,8784.0,0.0,0.0,7.0,25,,False,0.7709979258914652,4,0.7709979258914652,8.963800242855577,0,False,-0.10477026885906571,816,account_or_service_restriction_rate,0.5433161135732428
2026-07-06,Instagram,STATEMENT_CATEGORY_VIOLENCE,7220,0,4625,2595,3957,1517,0,0,0,1517,0.0,0.6405817174515236,0.3594182825484764,0.5480609418282548,0.2101108033240997,0.0,0.0,0.0,0.2101108033240997,True,2026-06-29,7814.0,0.0,0.0,7.0,25,,False,0.7818263288070888,4,0.7818263288070888,8.884748726451182,0,False,-0.10399846399766607,810,account_or_service_restriction_rate,0.5577758673620218
2026-07-13,Instagram,STATEMENT_CATEGORY_VIOLENCE,7419,0,4936,2483,5003,1680,0,0,0,1680,0.0,0.6653187761153795,0.3346812238846205,0.6743496428090039,0.2264456126162555,0.0,0.0,0.0,0.2264456126162555,True,2026-07-06,7220.0,0.0,0.0,7.0,25,,False,0.8383084148346371,4,0.8383084148346371,8.911934336161426,0,False,-0.10461256330263198,814,account_or_service_restriction_rate,0.6079213607778087
2026-07-20,Instagram,STATEMENT_CATEGORY_VIOLENCE,7256,0,4519,2737,5474,1782,0,0,0,1782,0.0,0.6227949283351709,0.3772050716648291,0.7544101433296582,0.2455898566703417,0.0,0.0,0.0,0.2455898566703417,True,2026-07-13,7419.0,0.0,0.0,7.0,25,,False,0.6937495246421335,4,0.6937495246421335,8.889721799278137,0,False,-0.10510360782771362,824,account_or_service_restriction_rate,0.6666914111037345
2026-07-27,Instagram,STATEMENT_CATEGORY_VIOLENCE,7362,0,4484,2878,5583,1779,0,0,0,1779,0.0,0.6090736212985601,0.3909263787014398,0.7583537082314589,0.2416462917685411,0.0,0.0,0.0,0.2416462917685411,True,2026-07-20,7256.0,0.0,0.0,7.0,25,,False,0.8293577741919409,4,0.8293577741919409,8.904222737368716,0,False,-0.10556080295240011,832,account_or_service_restriction_rate,0.6545852392910686
2026-08-03,Instagram,STATEMENT_CATEGORY_VIOLENCE,6274,0,3905,2369,4687,1587,0,0,0,1587,0.0,0.6224099458080969,0.3775900541919031,0.7470513229199872,0.2529486770800127,0.0,0.0,0.0,0.2529486770800127,True,2026-07-27,7362.0,0.0,0.0,7.0,25,,False,0.8104244410573735,4,0.8104244410573735,8.744328763999984,0,False,-0.10266143300545336,788,account_or_service_restriction_rate,0.689281921577482
2026-08-10,Instagram,STATEMENT_CATEGORY_VIOLENCE,6034,0,3668,2366,4493,1541,0,0,0,1541,0.0,0.6078886310904872,0.3921113689095127,0.7446138548226715,0.2553861451773285,0.0,0.0,0.0,0.2553861451773285,True,2026-08-03,6274.0,0.0,0.0,7.0,25,,False,0.8491211478074095,4,0.8491211478074095,8.705331133531631,0,False,-0.09886894687071937,739,account_or_service_restriction_rate,0.6967645948208016
2026-08-17,Instagram,STATEMENT_CATEGORY_VIOLENCE,8645,0,6238,2407,6941,1704,0,0,0,1704,0.0,0.7215731636784268,0.2784268363215731,0.8028918449971082,0.1971081550028918,0.0,0.0,0.0,0.1971081550028918,True,2026-08-10,6034.0,0.0,0.0,7.0,25,,False,0.8409068548780998,4,0.8409068548780998,9.064852065227576,0,False,-0.11063488050601315,884,account_or_service_restriction_rate,0.5178596244407142
2026-08-24,Instagram,STATEMENT_CATEGORY_VIOLENCE,11350,0,9016,2334,9707,1643,0,0,0,1643,0.0,0.7943612334801762,0.2056387665198238,0.8552422907488987,0.1447577092511013,0.0,0.0,0.0,0.1447577092511013,True,2026-08-17,8645.0,0.0,0.0,7.0,25,,False,0.8529943690846136,4,0.8529943690846136,9.337061124755339,0,False,-0.11790452072419808,941,weekly_peer_divergence_abs,0.5094000940524003
2026-03-09,LinkedIn,STATEMENT_CATEGORY_OTHER_VIOLATION_TC,5189,2070,0,3119,4289,0,59,2,0,61,0.3989207939872808,0.0,0.6010792060127192,0.8265561765272692,0.0,0.0113702062054345,0.0003854307188282,0.0,0.0117556369242628,True,2026-03-02,6766.0,-0.0777271516231241,0.0777271516231241,7.0,25,-0.6687175258338451,False,0.7977735416265743,6,0.3988527476392935,8.554488976159934,0,False,-0.07027991002907082,453,automation_change_abs,2.7647571303241816
2026-03-16,LinkedIn,STATEMENT_CATEGORY_OTHER_VIOLATION_TC,4763,1524,0,3239,3956,0,48,5,0,53,0.319966407726223,0.0,0.680033592273777,0.8305689691370984,0.0,0.0100776821331093,0.0010497585555322,0.0,0.0111274406886416,True,2026-03-09,5189.0,-0.07895438626105783,0.07895438626105783,7.0,25,-0.6810409503839919,False,0.7553699110407361,6,0.43540350331451316,8.46884293047519,0,False,-0.07184504994681759,469,automation_change_abs,2.8112627277055546
2026-03-23,LinkedIn,STATEMENT_CATEGORY_OTHER_VIOLATION_TC,4604,1791,0,2813,3752,0,49,6,0,55,0.3890095569070373,0.0,0.6109904430929627,0.8149435273675065,0.0,0.010642919200695,0.0013032145960034,0.0,0.0119461337966985,True,2026-03-16,4763.0,0.06904314918081433,0.06904314918081433,7.0,25,0.8050941416765977,False,0.8641047008852196,6,0.4750951439781823,8.434897948689407,0,False,-0.07686597451155226,512,automation_change_abs,2.435680107269422
2026-03-30,LinkedIn,STATEMENT_CATEGORY_OTHER_VIOLATION_TC,9920,7227,0,2693,9030,0,55,2,0,57,0.7285282258064516,0.0,0.2714717741935484,0.910282258064516,0.0,0.0055443548387096,0.0002016129032258,0.0,0.0057459677419354,True,2026-03-23,4604.0,0.3395186688994143,0.3395186688994143,7.0,25,3.5211066765948784,True,0.8335019004632536,6,0.10497367465680196,9.202409001649903,10,True,0.07423274435964088,9,automation_change_abs,12.685248716846155
2026-04-06,LinkedIn,STATEMENT_CATEGORY_OTHER_VIOLATION_TC,4125,1571,0,2554,3203,0,54,5,0,59,0.3808484848484848,0.0,0.6191515151515151,0.7764848484848484,0.0,0.013090909090909,0.0012121212121212,0.0,0.0143030303030303,True,2026-03-30,9920.0,-0.3476797409579668,0.3476797409579668,7.0,25,-3.3794789922685458,False,0.8315090648451616,6,0.4506605799966768,8.325063693631197,9,True,0.04625717709066298,18,automation_change_abs,12.994509488685543
2026-04-13,LinkedIn,STATEMENT_CATEGORY_OTHER_VIOLATION_TC,4935,2456,0,2479,3984,0,49,3,0,52,0.4976697061803444,0.0,0.5023302938196555,0.8072948328267477,0.0,0.0099290780141843,0.0006079027355623,0.0,0.0105369807497467,True,2026-04-06,4125.0,0.11682122133185957,0.11682122133185957,7.0,25,1.2848634124463738,False,0.8564723653979145,6,0.3588026592175701,8.504310565585223,0,False,-0.04635974804288345,250,automation_change_abs,4.246212273193086
2026-04-20,LinkedIn,STATEMENT_CATEGORY_OTHER_VIOLATION_TC,3920,1299,0,2621,2919,0,55,3,0,58,0.3313775510204081,0.0,0.6686224489795919,0.7446428571428572,0.0,0.0140306122448979,0.0007653061224489,0.0,0.0147959183673469,True,2026-04-13,4935.0,-0.16629215515993628,0.16629215515993628,7.0,25,-1.5580536846526654,False,0.830138755390885,6,0.4987612043704769,8.27410200229233,0,False,-0.02523251825248394,132,automation_change_abs,6.120894798910158
2026-04-27,LinkedIn,STATEMENT_CATEGORY_OTHER_VIOLATION_TC,5259,2619,0,2640,4307,0,59,3,0,62,0.4980034227039361,0.0,0.5019965772960638,0.8189769918235406,0.0,0.0112188629016923,0.0005704506560182,0.0,0.0117893135577105,True,2026-04-20,3920.0,0.166625871683528,0.166625871683528,7.0,25,1.7849828125055258,False,0.8207634301088753,6,0.3227600074049392,8.567886305731756,0,False,-0.021929254880519045,115,automation_change_abs,6.133540861697139
2026-05-04,LinkedIn,STATEMENT_CATEGORY_OTHER_VIOLATION_TC,4200,1596,0,2604,3154,0,63,7,0,70,0.38,0.0,0.62,0.7509523809523809,0.0,0.015,0.0016666666666666,0.0,0.0166666666666666,True,2026-04-27,5259.0,-0.1180034227039361,0.1180034227039361,7.0,25,-1.0731565568746624,False,0.9302560068600487,6,0.5502560068600487,8.343077871169383,0,False,-0.04907240161434515,272,automation_change_abs,4.2910113518159525
2026-05-11,LinkedIn,STATEMENT_CATEGORY_OTHER_VIOLATION_TC,4542,1640,0,2902,3463,0,50,7,0,57,0.361074416556583,0.0,0.638925583443417,0.7624394539850287,0.0,0.0110083663584324,0.0015411712901805,0.0,0.0125495376486129,True,2026-05-04,4200.0,-0.018925583443416993,0.018925583443416993,7.0,25,-0.07825449089784513,False,0.8694728249716073,6,0.5083984084150243,8.421342865759403,0,False,-0.10048507948047677,761,automation_change_abs,0.5364937073140494
2026-05-18,LinkedIn,STATEMENT_CATEGORY_OTHER_VIOLATION_TC,4708,1620,0,3088,3625,0,41,3,0,44,0.3440951571792693,0.0,0.6559048428207307,0.7699660152931181,0.0,0.0087085811384876,0.0006372132540356,0.0,0.0093457943925233,True,2026-05-11,4542.0,-0.016979259377313705,0.016979259377313705,7.0,25,-0.05871024317424559,False,0.8528587545497917,6,0.5087635973705223,8.457230850243555,0,False,-0.10304274612571093,795,log1p_represented_sors,0.5013872695871926
2026-05-25,LinkedIn,STATEMENT_CATEGORY_OTHER_VIOLATION_TC,4643,1830,0,2813,3381,0,21,6,0,27,0.3941417187163472,0.0,0.6058582812836528,0.7281929786775792,0.0,0.0045229377557613,0.0012922679302175,0.0,0.0058152056859788,True,2026-05-18,4708.0,0.05004656153707787,0.05004656153707787,7.0,25,0.614337616965079,False,0.8488450199101247,6,0.45470330119377755,8.443331342817782,0,False,-0.08784718656513155,628,automation_change_abs,1.7158115269081176
2026-06-01,LinkedIn,STATEMENT_CATEGORY_OTHER_VIOLATION_TC,4414,1380,0,3034,3465,0,43,1,0,44,0.3126415949252378,0.0,0.6873584050747621,0.7850022655188038,0.0,0.0097417308563661,0.0002265518803806,0.0,0.0099682827367467,True,2026-05-25,4643.0,-0.08150012379110938,0.08150012379110938,7.0,25,-0.7066042806603342,False,0.8454375644129062,6,0.5327959694876684,8.392763113038061,0,False,-0.071826060904111,468,automation_change_abs,2.9077324988086266
2026-06-08,LinkedIn,STATEMENT_CATEGORY_OTHER_VIOLATION_TC,4224,1426,0,2798,3243,0,29,6,0,35,0.3375946969696969,0.0,0.662405303030303,0.7677556818181818,0.0,0.0068655303030303,0.0014204545454545,0.0,0.0082859848484848,True,2026-06-01,4414.0,0.024953102044459108,0.024953102044459108,7.0,25,0.36235861865379526,False,0.8492743493493962,6,0.5116796523796993,8.348774539791274,0,False,-0.09899861248103348,743,automation_change_abs,0.7649042692427439
2026-06-15,LinkedIn,STATEMENT_CATEGORY_OTHER_VIOLATION_TC,6546,3748,0,2798,5423,0,21,8,0,29,0.5725633974946532,0.0,0.4274366025053467,0.8284448518179041,0.0,0.0032080659945004,0.0012221203788573,0.0,0.0044301863733577,True,2026-06-08,4224.0,0.23496870052495633,0.23496870052495633,7.0,25,2.4712555664989786,False,0.7504803311479484,6,0.1779169336532952,8.786762208441091,0,False,0.025365903714961467,29,automation_change_abs,8.723366787206244
2026-06-22,LinkedIn,STATEMENT_CATEGORY_OTHER_VIOLATION_TC,4990,1463,0,3527,3916,0,19,5,0,24,0.293186372745491,0.0,0.706813627254509,0.7847695390781563,0.0,0.0038076152304609,0.001002004008016,0.0,0.0048096192384769,True,2026-06-15,6546.0,-0.27937702474916226,0.27937702474916226,7.0,25,-2.693609034110843,False,0.7982027130693935,6,0.5050163403239025,8.515391569469609,1,False,0.023989236138203928,31,automation_change_abs,10.406203616379834
2026-06-29,LinkedIn,STATEMENT_CATEGORY_OTHER_VIOLATION_TC,4598,1435,0,3163,3584,0,18,7,0,25,0.3120922140060896,0.0,0.6879077859939104,0.779469334493258,0.0,0.0039147455415398,0.0015224010439321,0.0,0.0054371465854719,True,2026-06-22,4990.0,0.018905841260598633,0.018905841260598633,7.0,25,0.30163432054366457,False,0.7977780125315538,6,0.4856857985254642,8.433594167539924,0,False,-0.10175671554360417,779,automation_change_abs,0.5357455846835425
2026-07-06,LinkedIn,STATEMENT_CATEGORY_OTHER_VIOLATION_TC,4042,1055,0,2987,3149,0,24,12,0,36,0.2610094012864918,0.0,0.7389905987135081,0.7790697674418605,0.0,0.0059376546264225,0.0029688273132112,0.0,0.0089064819396338,True,2026-06-29,4598.0,-0.0510828127195978,0.0510828127195978,7.0,25,-0.40116518497180526,False,0.8170791408378508,6,0.556069739551359,8.304742269640771,0,False,-0.08004328826664367,553,automation_change_abs,1.7550798777113368
2026-07-13,LinkedIn,STATEMENT_CATEGORY_OTHER_VIOLATION_TC,3766,1194,0,2572,2993,0,19,7,0,26,0.3170472650026553,0.0,0.6829527349973447,0.7947424322889007,0.0,0.005045140732873,0.0018587360594795,0.0,0.0069038767923526,True,2026-07-06,4042.0,0.05603786371616348,0.05603786371616348,7.0,25,0.6745,False,0.8024636195783712,6,0.4854163545757159,8.23403420769204,0,False,-0.08280701687224715,576,automation_change_abs,1.9428496810787172
2026-07-20,LinkedIn,STATEMENT_CATEGORY_OTHER_VIOLATION_TC,4040,1953,0,2087,3151,0,19,1,0,20,0.4834158415841584,0.0,0.5165841584158416,0.779950495049505,0.0,0.0047029702970297,0.0002475247524752,0.0,0.0049504950495049,True,2026-07-13,3766.0,0.1663685765815031,0.1663685765815031,7.0,25,1.7823991527236733,False,0.7978133424941964,6,0.31439750091003804,8.304247465078474,0,False,-0.021531339626340507,112,automation_change_abs,6.123790760084041
2026-07-27,LinkedIn,STATEMENT_CATEGORY_OTHER_VIOLATION_TC,4095,1934,0,2161,3258,0,20,6,0,26,0.4722832722832722,0.0,0.5277167277167277,0.7956043956043956,0.0,0.0048840048840048,0.0014652014652014,0.0,0.0063492063492063,True,2026-07-20,4040.0,-0.011132569300886186,0.011132569300886186,7.0,25,0.0,False,0.7851153191761819,6,0.3128320468929097,8.317766166719343,0,False,-0.08564863240625882,610,weekly_peer_divergence_abs,0.65640584155325
2026-08-03,LinkedIn,STATEMENT_CATEGORY_OTHER_VIOLATION_TC,3792,1654,0,2138,3056,0,18,4,0,22,0.4361814345991561,0.0,0.5638185654008439,0.8059071729957806,0.0,0.0047468354430379,0.0010548523206751,0.0,0.005801687763713,True,2026-07-27,4095.0,-0.03610183768411612,0.03610183768411612,7.0,25,-0.25073191831610936,False,0.6278119183487205,6,0.19163048374956443,8.2409125416889,0,False,-0.06055294953082151,378,automation_change_abs,1.1873814345240343
2026-08-10,LinkedIn,STATEMENT_CATEGORY_OTHER_VIOLATION_TC,4326,2089,0,2237,3638,0,23,3,0,26,0.4828941285251965,0.0,0.5171058714748035,0.8409616273693944,0.0,0.0053166897827092,0.0006934812760055,0.0,0.0060101710587147,True,2026-08-03,3792.0,0.04671269392604038,0.04671269392604038,7.0,25,0.5808601834777289,False,0.802747460621369,6,0.31985333209617256,8.372629740224884,0,False,-0.07381194905610314,487,automation_change_abs,1.5894758612991733
2026-08-17,LinkedIn,STATEMENT_CATEGORY_OTHER_VIOLATION_TC,3916,1776,0,2140,3251,0,21,4,0,25,0.4535240040858018,0.0,0.5464759959141982,0.8301838610827375,0.0,0.0053626149131767,0.0010214504596527,0.0,0.0063840653728294,True,2026-08-10,4326.0,-0.029370124439394685,0.029370124439394685,7.0,25,-0.18313460831496498,False,0.7739020469413305,6,0.3203780428555287,8.27308133366583,0,False,-0.08061528620259868,558,automation_change_abs,0.9322856800781136
2026-08-24,LinkedIn,STATEMENT_CATEGORY_OTHER_VIOLATION_TC,4382,2090,0,2292,3597,0,28,2,0,30,0.4769511638521223,0.0,0.5230488361478777,0.8208580556823368,0.0,0.0063897763578274,0.0004564125969876,0.0,0.0068461889548151,True,2026-08-17,3916.0,0.023427159766320482,0.023427159766320482,7.0,25,0.3470356853277104,False,0.777528310702783,6,0.3005771468506608,8.38548870041881,0,False,-0.08070032678515868,559,automation_change_abs,0.7070792576102397
2026-03-09,Roblox,STATEMENT_CATEGORY_CYBER_VIOLENCE,42126,34234,0,7892,0,51,11079,0,0,11130,0.812657266296349,0.0,0.1873427337036509,0.0,0.0012106537530266,0.2629967241133741,0.0,0.0,0.2642073778664008,True,2026-03-02,60511.0,-0.0067144181907690115,0.0067144181907690115,7.0,25,-0.44555747448212785,False,0.03238881733464655,2,0.7802684489617024,10.648444144272437,0,False,-0.1058545422683296,834,account_or_service_restriction_rate,0.7238444987130018
2026-03-16,Roblox,STATEMENT_CATEGORY_CYBER_VIOLENCE,40915,33432,0,7483,0,196,10711,0,0,10907,0.8171086398631309,0.0,0.1828913601368691,0.0,0.0047904191616766,0.2617866308199926,0.0,0.0,0.2665770499816693,True,2026-03-09,42126.0,0.004451373566781824,0.004451373566781824,7.0,25,0.43047737252812424,False,0.03547215496368035,2,0.7816364848994505,10.619276463576899,0,False,-0.10513577715744944,825,account_or_service_restriction_rate,0.7311190481324943
2026-03-23,Roblox,STATEMENT_CATEGORY_CYBER_VIOLENCE,40056,32055,0,8001,0,255,12756,0,0,13011,0.8002546434991012,0.0,0.1997453565008987,0.0,0.0063660874775314,0.3184541641701617,0.0,0.0,0.3248202516476932,True,2026-03-16,40915.0,-0.016853996364029622,0.016853996364029622,7.0,25,-1.2410786526156894,False,0.0341923860253799,2,0.7660622574737214,10.59805871874709,0,False,-0.10480120417150782,819,account_or_service_restriction_rate,0.9099172228415481
2026-03-30,Roblox,STATEMENT_CATEGORY_CYBER_VIOLENCE,47079,38726,0,8353,0,166,13574,0,0,13740,0.8225748210454767,0.0,0.1774251789545232,0.0,0.0035259882325452,0.2883238811359629,0.0,0.0,0.2918498693685082,True,2026-03-23,40056.0,0.022320177546375497,0.022320177546375497,7.0,25,1.8324106433983927,False,0.0350452452770281,2,0.7875295757684486,10.759603561374213,0,False,-0.10301247801122368,793,account_or_service_restriction_rate,0.8087029351246543
2026-04-06,Roblox,STATEMENT_CATEGORY_CYBER_VIOLENCE,45758,37592,0,8166,0,176,14086,0,0,14262,0.821539402945933,0.0,0.178460597054067,0.0,0.0038463219546308,0.3078368809825604,0.0,0.0,0.3116832029371913,True,2026-03-30,47079.0,-0.0010354180995437723,0.0010354180995437723,7.0,25,0.0,False,0.03801274571402925,2,0.7835266572319037,10.731143772668043,0,False,-0.10347167896682694,800,account_or_service_restriction_rate,0.8695883902342589
2026-04-13,Roblox,STATEMENT_CATEGORY_CYBER_VIOLENCE,39562,32760,0,6802,0,142,12841,0,0,12983,0.8280673373439159,0.0,0.1719326626560841,0.0,0.0035893028663869,0.3245791416005257,0.0,0.0,0.3281684444669127,True,2026-04-06,45758.0,0.006527934397982937,0.006527934397982937,7.0,25,0.5933981657480552,False,0.0406675450153711,2,0.7873997923285448,10.585649617037317,0,False,-0.10741538076160184,852,account_or_service_restriction_rate,0.920195688783087
2026-04-20,Roblox,STATEMENT_CATEGORY_CYBER_VIOLENCE,37225,30748,0,6477,0,107,12637,0,0,12744,0.8260040295500336,0.0,0.1739959704499664,0.0,0.0028744123572867,0.3394761584956347,0.0,0.0,0.3423505708529214,True,2026-04-13,39562.0,-0.0020633077938823075,0.0020633077938823075,7.0,25,-0.08064517149125006,False,0.03922565145074845,2,0.7867783780992852,10.524762720858279,0,False,-0.10460556131977754,813,account_or_service_restriction_rate,0.963732758153892
2026-04-27,Roblox,STATEMENT_CATEGORY_CYBER_VIOLENCE,44567,37350,0,7217,0,159,13273,0,0,13432,0.8380640384140732,0.0,0.1619359615859268,0.0,0.0035676621715619,0.2978212578813921,0.0,0.0,0.301388920052954,True,2026-04-20,37225.0,0.012060008864039573,0.012060008864039573,7.0,25,1.0274282922049593,False,0.04160550458715595,2,0.7964585338269172,10.704771391700652,0,False,-0.10537257368819311,829,account_or_service_restriction_rate,0.8379864360663787
2026-05-04,Roblox,STATEMENT_CATEGORY_CYBER_VIOLENCE,43279,35705,0,7574,0,173,14737,0,0,14910,0.8249959564684951,0.0,0.1750040435315049,0.0,0.0039973197162596,0.340511564500104,0.0,0.0,0.3445088842163636,True,2026-04-27,44567.0,-0.01306808194557807,0.01306808194557807,7.0,25,-0.9440470555398011,False,0.04074004858904875,2,0.7842559078794463,10.675445913520363,0,False,-0.10727637718961276,849,account_or_service_restriction_rate,0.9703584668854699
2026-05-11,Roblox,STATEMENT_CATEGORY_CYBER_VIOLENCE,47716,38904,0,8812,0,183,17930,0,0,18113,0.8153240003353173,0.0,0.1846759996646827,0.0,0.0038351915500041,0.3757649425769134,0.0,0.0,0.3796001341269176,True,2026-05-04,43279.0,-0.00967195613317784,0.00967195613317784,7.0,25,-0.6775971144076207,False,0.03931585961794755,2,0.7760081407173697,10.77304300751311,0,False,-0.10827953951639198,861,account_or_service_restriction_rate,1.0780835103719852
2026-05-18,Roblox,STATEMENT_CATEGORY_CYBER_VIOLENCE,42169,34346,0,7823,0,342,16827,0,0,17169,0.8144845739761436,0.0,0.1855154260238564,0.0,0.0081102231497071,0.399037207427257,0.0,0.0,0.4071474305769641,True,2026-05-11,47716.0,-0.0008394263591736673,0.0008394263591736673,7.0,25,0.015376929645341928,False,0.04185541713854285,2,0.7726291568376007,10.649464346740606,0,False,-0.10160575524874804,774,account_or_service_restriction_rate,1.1626497117920345
2026-05-25,Roblox,STATEMENT_CATEGORY_CYBER_VIOLENCE,66034,54283,0,11751,0,540,26373,0,0,26913,0.8220462186146531,0.0,0.1779537813853469,0.0,0.0081776054759669,0.399385165217918,0.0,0.0,0.4075627706938849,True,2026-05-18,42169.0,0.0075616446385095015,0.0075616446385095015,7.0,25,0.6745,False,0.04229268997399595,2,0.7797535286406572,11.097940183477904,0,False,-0.10152047993685649,772,account_or_service_restriction_rate,1.1639247456614756
2026-06-01,Roblox,STATEMENT_CATEGORY_CYBER_VIOLENCE,51723,41628,0,10095,0,448,20516,0,0,20964,0.8048257061655356,0.0,0.1951742938344643,0.0,0.0086615238868588,0.3966513929973126,0.0,0.0,0.4053129168841714,True,2026-05-25,66034.0,-0.017220512449117487,0.017220512449117487,7.0,25,-1.2698344157087644,False,0.0382658786563926,2,0.766559827509143,10.853677169415743,0,False,-0.10172160348030057,777,account_or_service_restriction_rate,1.1570180210475771
2026-06-08,Roblox,STATEMENT_CATEGORY_CYBER_VIOLENCE,50918,40854,0,10064,0,636,18383,0,0,19019,0.80234887466122,0.0,0.19765112533878,0.0,0.0124906712753839,0.3610314623512314,0.0,0.0,0.3735221336266153,True,2026-06-01,51723.0,-0.0024768315043156575,0.0024768315043156575,7.0,25,-0.11308901320624652,False,0.04423812124522115,2,0.7581107534159988,10.837991413829641,0,False,-0.10174188804405959,778,account_or_service_restriction_rate,1.0594249311000852
2026-06-15,Roblox,STATEMENT_CATEGORY_CYBER_VIOLENCE,49240,40038,0,9202,0,414,18565,0,0,18979,0.8131194151096669,0.0,0.186880584890333,0.0,0.0084077985377741,0.3770308692120227,0.0,0.0,0.3854386677497969,True,2026-06-08,50918.0,0.010770540448446941,0.010770540448446941,7.0,25,0.926260431411358,False,0.04522752497225305,2,0.7678918901374139,10.804481888784291,0,False,-0.10654407689469736,844,account_or_service_restriction_rate,1.0960069610904788
2026-06-22,Roblox,STATEMENT_CATEGORY_CYBER_VIOLENCE,50842,41425,0,9417,0,351,19050,0,0,19401,0.8147791196255064,0.0,0.1852208803744935,0.0,0.0069037410015341,0.3746902167499311,0.0,0.0,0.3815939577514653,True,2026-06-15,49240.0,0.0016597045158395218,0.0016597045158395218,7.0,25,0.21145131301992448,False,0.05053836453584245,2,0.7642407550896639,10.836497732217051,0,False,-0.10312068097594858,798,account_or_service_restriction_rate,1.084204259481986
2026-06-29,Roblox,STATEMENT_CATEGORY_CYBER_VIOLENCE,56618,45806,0,10812,0,548,21537,0,0,22085,0.8090359956197676,0.0,0.1909640043802324,0.0,0.0096789007029566,0.3803913949627327,0.0,0.0,0.3900702956656893,True,2026-06-22,50842.0,-0.005743124005738842,0.005743124005738842,7.0,25,-0.3693526185023053,False,0.04860081083753585,2,0.7604351847822317,10.944099896906248,0,False,-0.10364883508962468,805,account_or_service_restriction_rate,1.1102253864792764
2026-07-06,Roblox,STATEMENT_CATEGORY_CYBER_VIOLENCE,59147,48014,0,11133,339,364,22844,0,0,23208,0.8117740544744451,0.0,0.1882259455255549,0.0057314825773073,0.0061541582835984,0.3862241533805603,0.0,0.0,0.3923783116641587,True,2026-06-29,56618.0,0.002738058854677483,0.002738058854677483,7.0,25,0.2960557905848872,False,0.0964198213862325,2,0.7153542330882126,10.987798056493379,0,False,-0.09126272075144401,653,account_or_service_restriction_rate,1.1173106605700096
2026-07-13,Roblox,STATEMENT_CATEGORY_CYBER_VIOLENCE,60462,50200,0,10262,18,375,23748,0,0,24123,0.8302735602527207,0.0,0.1697264397472792,0.0002977076510866,0.0062022427309715,0.3927756276669644,0.0,0.0,0.3989778703979359,True,2026-07-06,59147.0,0.018499505778275638,0.018499505778275638,7.0,25,1.5326520879354248,False,0.05455953961930055,2,0.7757140206334201,11.009786886685633,0,False,-0.09888649840425597,740,account_or_service_restriction_rate,1.137570347910874
2026-07-20,Roblox,STATEMENT_CATEGORY_CYBER_VIOLENCE,57461,47105,0,10356,2412,283,25882,0,0,26165,0.8197734115312995,0.0,0.1802265884687005,0.0419762969666382,0.0049250796192199,0.4504272463061903,0.0,0.0,0.4553523259254102,True,2026-07-13,60462.0,-0.010500148721421243,0.010500148721421243,7.0,25,-0.7425746442676239,False,0.05013679076959675,2,0.7696366207617027,10.958879138749674,0,False,-0.08535399238342904,608,account_or_service_restriction_rate,1.3106317432360746
2026-07-27,Roblox,STATEMENT_CATEGORY_CYBER_VIOLENCE,54358,44147,0,10211,2541,272,25688,0,0,25960,0.8121527650023915,0.0,0.1878472349976084,0.046745649214467,0.0050038632767945,0.4725707347584532,0.0,0.0,0.4775745980352478,True,2026-07-20,57461.0,-0.007620646528907926,0.007620646528907926,7.0,25,-0.5166574574296886,False,0.0478499425800689,2,0.7643028224223226,10.903365472216551,0,False,-0.08208832748549572,569,account_or_service_restriction_rate,1.378850892895986
2026-08-03,Roblox,STATEMENT_CATEGORY_CYBER_VIOLENCE,59776,48492,0,11284,2946,245,27767,0,0,28012,0.8112285867237687,0.0,0.1887714132762312,0.0492839935760171,0.0040986349036402,0.4645175321199143,0.0,0.0,0.4686161670235546,True,2026-07-27,54358.0,-0.0009241782786227892,0.0009241782786227892,7.0,25,0.008727545848780582,False,0.0468332928900752,2,0.7643952938336935,10.99837625057064,0,False,-0.07812365594922514,526,account_or_service_restriction_rate,1.3513498100686296
2026-08-10,Roblox,STATEMENT_CATEGORY_CYBER_VIOLENCE,60201,47781,0,12420,2553,705,28049,0,0,28754,0.7936911346987592,0.0,0.2063088653012408,0.0424079334230328,0.0117107689241042,0.4659224929818442,0.0,0.0,0.4776332619059484,True,2026-08-03,59776.0,-0.01753745202500956,0.01753745202500956,7.0,25,-1.294700553185343,False,0.05145413870246085,2,0.7422369959962983,11.005460853336416,0,False,-0.07542117489878346,501,account_or_service_restriction_rate,1.379030982463568
2026-08-17,Roblox,STATEMENT_CATEGORY_CYBER_VIOLENCE,62830,48523,0,14307,5624,3670,23063,0,0,26733,0.7722903071780997,0.0,0.2277096928219003,0.0895113799140537,0.058411586821582,0.3670698710806939,0.0,0.0,0.425481457902276,True,2026-08-10,60201.0,-0.021400827520659527,0.021400827520659527,7.0,25,-1.5978095162363644,False,0.0483667621776504,2,0.7239235450004493,11.048203861234047,0,False,-0.07030389214692283,454,account_or_service_restriction_rate,1.218932514369214
2026-08-24,Roblox,STATEMENT_CATEGORY_CYBER_VIOLENCE,198115,187180,0,10935,143178,779,21704,0,0,22483,0.9448047850995632,0.0,0.0551952149004366,0.7227014612724932,0.0039320596623173,0.1095525326199429,0.0,0.0,0.1134845922822603,True,2026-08-17,62830.0,0.17251447792146357,0.17251447792146357,7.0,25,13.616209213878143,True,0.05157699443413725,2,0.893227790665426,12.196607996714388,0,False,0.015256130601880347,39,automation_change_abs,6.356687391606004
2026-05-04,Roblox,STATEMENT_CATEGORY_DATA_PROTECTION_AND_PRIVACY_VIOLATIONS,101485,96149,0,5336,0,12,406,0,0,418,0.9474208011036114,0.0,0.0525791988963886,0.0,0.0001182440754791,0.0040005912203773,0.0,0.0,0.0041188352958565,True,2026-04-27,182426.0,-0.028459829946787196,0.028459829946787196,7.0,17,-2.4033467281006753,False,0.0,3,0.9474208011036114,11.527676136916137,0,False,-0.07221871479193387,475,automation_change_abs,0.8977904109069618
2026-05-11,Roblox,STATEMENT_CATEGORY_DATA_PROTECTION_AND_PRIVACY_VIOLATIONS,15625,14876,0,749,0,23,462,0,0,485,0.952064,0.0,0.047936,0.0,0.001472,0.029568,0.0,0.0,0.03104,True,2026-05-04,101485.0,0.004643198896388645,0.004643198896388645,7.0,17,0.37606807172897677,False,0.0,3,0.952064,9.65669147255669,0,False,-0.07881043046194185,536,weekly_peer_divergence_abs,0.7232172357049219
2026-05-18,Roblox,STATEMENT_CATEGORY_DATA_PROTECTION_AND_PRIVACY_VIOLATIONS,6777,6415,0,362,0,2,406,0,0,408,0.9465840342334366,0.0,0.0534159657665633,0.0,0.0002951158329644,0.059908514091781,0.0,0.0,0.0602036299247454,True,2026-05-11,15625.0,-0.005479965766563399,0.005479965766563399,7.0,17,-0.4738986735684636,False,0.0,3,0.9465840342334366,8.821437352166997,0,False,-0.07017705429588555,450,weekly_peer_divergence_abs,0.7113900934643196
2026-05-25,Roblox,STATEMENT_CATEGORY_DATA_PROTECTION_AND_PRIVACY_VIOLATIONS,8601,8085,0,516,0,3,535,0,0,538,0.9400069759330312,0.0,0.0599930240669689,0.0,0.0003487966515521,0.0622020695267992,0.0,0.0,0.0625508661783513,True,2026-05-18,6777.0,-0.006577058300405447,0.006577058300405447,7.0,17,-0.5660133631272048,False,0.0,3,0.9400069759330312,9.059750013343681,0,False,-0.07459031377308008,495,weekly_peer_divergence_abs,0.6971951500363405
2026-06-01,Roblox,STATEMENT_CATEGORY_DATA_PROTECTION_AND_PRIVACY_VIOLATIONS,5688,5302,0,386,0,4,472,0,0,476,0.9321378340365682,0.0,0.0678621659634317,0.0,0.00070323488045,0.0829817158931083,0.0,0.0,0.0836849507735583,True,2026-05-25,8601.0,-0.007869141896462928,0.007869141896462928,7.0,17,-0.6745,False,0.4855635951529945,2,0.4465742388835737,8.646289764750648,0,False,-0.09258048249750109,671,fully_automated_rate,0.6385382124514095
2026-06-08,Roblox,STATEMENT_CATEGORY_DATA_PROTECTION_AND_PRIVACY_VIOLATIONS,5886,5370,0,516,0,71,432,0,0,503,0.9123343527013252,0.0,0.0876656472986748,0.0,0.0120625212368331,0.073394495412844,0.0,0.0,0.0854570166496772,True,2026-06-01,5688.0,-0.01980348133524301,0.01980348133524301,7.0,17,-1.6765376026459624,False,0.4883863754468293,2,0.42394797725449596,8.68050180902826,0,False,-0.09464298011136274,701,fully_automated_rate,0.6160406274613621
2026-06-15,Roblox,STATEMENT_CATEGORY_DATA_PROTECTION_AND_PRIVACY_VIOLATIONS,7073,6591,0,482,0,68,474,0,0,542,0.9318535274989396,0.0,0.0681464725010603,0.0,0.0096140251661246,0.0670154107168104,0.0,0.0,0.0766294358829351,True,2026-06-08,5886.0,0.019519174797614336,0.019519174797614336,7.0,17,1.6250929805266947,False,0.4935865895247628,2,0.43826693797417676,8.864181369765426,0,False,-0.09306336427317016,675,fully_automated_rate,0.6382152283060842
2026-06-22,Roblox,STATEMENT_CATEGORY_DATA_PROTECTION_AND_PRIVACY_VIOLATIONS,8989,8512,0,477,0,82,623,0,0,705,0.9469351429524976,0.0,0.0530648570475025,0.0,0.0091222605406608,0.0693069306930693,0.0,0.0,0.0784291912337301,True,2026-06-15,7073.0,0.015081615453558017,0.015081615453558017,7.0,17,1.2525041707708437,False,0.0,3,0.9469351429524976,9.103868127465667,0,False,-0.07226861510408075,476,weekly_peer_divergence_abs,0.7121478742496645
2026-06-29,Roblox,STATEMENT_CATEGORY_DATA_PROTECTION_AND_PRIVACY_VIOLATIONS,9213,8725,0,488,0,88,703,0,0,791,0.9470313687181156,0.0,0.0529686312818842,0.0,0.0095517203950938,0.0763052208835341,0.0,0.0,0.085856941278628,True,2026-06-22,8989.0,9.622576561796325e-05,9.622576561796325e-05,7.0,17,-0.0057073988469459845,False,0.0,3,0.9470313687181156,9.128479345495862,0,False,-0.06845757088408555,439,weekly_peer_divergence_abs,0.7123555536158603
2026-07-06,Roblox,STATEMENT_CATEGORY_DATA_PROTECTION_AND_PRIVACY_VIOLATIONS,64785,64200,0,585,55439,40,669,0,0,709,0.9909701319749942,0.0,0.0090298680250057,0.8557382110056341,0.0006174268735046,0.0103264644593655,0.0,0.0,0.0109438913328702,True,2026-06-29,9213.0,0.04393876325687862,0.04393876325687862,7.0,17,3.6754239605397307,False,0.0,3,0.9909701319749942,11.078844809615621,0,False,-0.05853569219298671,358,automation_change_abs,1.484358796577891
2026-07-13,Roblox,STATEMENT_CATEGORY_DATA_PROTECTION_AND_PRIVACY_VIOLATIONS,9019,8304,0,715,214,72,697,0,0,769,0.9207229182836236,0.0,0.0792770817163765,0.0237276859962301,0.0079831466903204,0.0772812950437964,0.0,0.0,0.0852644417341168,True,2026-07-06,64785.0,-0.07024721369137055,0.07024721369137055,7.0,17,-5.911922132970283,False,0.0,3,0.9207229182836236,9.10719961305667,0,False,-0.044674300697726266,238,automation_change_abs,2.481307681343933
2026-07-20,Roblox,STATEMENT_CATEGORY_DATA_PROTECTION_AND_PRIVACY_VIOLATIONS,36270,35624,0,646,28206,31,791,0,0,822,0.9821891370278468,0.0,0.0178108629721532,0.777667493796526,0.0008547008547008,0.0218086572925282,0.0,0.0,0.0226633581472291,True,2026-07-13,9019.0,0.0614662187442232,0.0614662187442232,7.0,17,5.147073863503935,False,0.0,3,0.9821891370278468,10.498773802892188,0,False,-0.04934261703424064,275,automation_change_abs,2.14855516361231
2026-07-27,Roblox,STATEMENT_CATEGORY_DATA_PROTECTION_AND_PRIVACY_VIOLATIONS,202271,201647,0,624,194319,29,770,0,0,799,0.9969150298362098,0.0,0.0030849701637901,0.9606864058614432,0.0001433720108171,0.0038067740803179,0.0,0.0,0.0039501460911351,True,2026-07-20,36270.0,0.014725892808363006,0.014725892808363006,7.0,17,1.222636789469468,False,0.0,3,0.9969150298362098,12.217368605272025,0,False,-0.06574681431616955,425,weekly_peer_divergence_abs,0.8200170209785839
2026-08-03,Roblox,STATEMENT_CATEGORY_DATA_PROTECTION_AND_PRIVACY_VIOLATIONS,213300,212677,0,623,205244,84,765,0,0,849,0.997079231129864,0.0,0.0029207688701359,0.9622315986872948,0.000393811533052,0.0035864978902953,0.0,0.0,0.0039803094233473,True,2026-07-27,202271.0,0.0001642012936541315,0.0001642012936541315,7.0,17,0.0,False,0.0,3,0.997079231129864,12.27045959268099,0,False,-0.07020957479113417,452,weekly_peer_divergence_abs,0.8203714086041395
2026-08-10,Roblox,STATEMENT_CATEGORY_DATA_PROTECTION_AND_PRIVACY_VIOLATIONS,103605,103022,0,583,95913,32,880,0,0,912,0.9943728584527772,0.0,0.0056271415472226,0.9257564789344144,0.0003088654022489,0.0084937985618454,0.0,0.0,0.0088026639640943,True,2026-08-03,213300.0,-0.0027063726770867325,0.0027063726770867325,7.0,17,-0.24102071795547167,False,0.0,3,0.9943728584527772,11.548350522188423,0,False,-0.075412987204515,500,weekly_peer_divergence_abs,0.8145303767489245
2026-08-17,Roblox,STATEMENT_CATEGORY_DATA_PROTECTION_AND_PRIVACY_VIOLATIONS,2303941,2303136,0,805,2292986,32,958,0,0,990,0.9996505986915464,0.0,0.0003494013084536,0.995245103932783,1.3889244559648012e-05,0.0004158092590044,0.0,0.0,0.0004296985035641,True,2026-08-10,103605.0,0.005277740238769146,0.005277740238769146,7.0,17,0.4293457825533056,False,0.0,3,0.9996505986915464,14.650132126869947,0,False,-0.0210365403926149,107,log1p_represented_sors,1.6052527768548346
2026-08-24,Roblox,STATEMENT_CATEGORY_DATA_PROTECTION_AND_PRIVACY_VIOLATIONS,8842975,8842064,0,911,8828812,493,3361,0,0,3854,0.9998969803714248,0.0,0.0001030196285752,0.9983983896822054,5.575046859230067e-05,0.0003800757098148,0.0,0.0,0.0004358261784071,True,2026-08-17,2303941.0,0.00024638167987844906,0.00024638167987844906,7.0,17,0.006900074999471605,False,0.0,3,0.9998969803714248,15.995134029543108,0,False,0.0072484988429800225,46,log1p_represented_sors,2.062782251998596
2026-03-09,Roblox,STATEMENT_CATEGORY_ILLEGAL_OR_HARMFUL_SPEECH,23649,14590,0,9059,0,7904,7180,0,0,15084,0.6169394054716901,0.0,0.3830605945283099,0.0,0.3342213201403864,0.3036069178400778,0.0,0.0,0.6378282379804643,True,2026-03-02,29769.0,-0.004680400366598003,0.004680400366598003,7.0,25,-0.09844338952008663,False,0.0170506912442396,3,0.5998887142274505,10.071118393920079,0,False,-0.06301683608150317,408,account_or_service_restriction_rate,1.8708063055978494
2026-03-16,Roblox,STATEMENT_CATEGORY_ILLEGAL_OR_HARMFUL_SPEECH,22859,16687,0,6172,0,8894,6400,0,0,15294,0.7299969377488079,0.0,0.2700030622511921,0.0,0.3890808871779168,0.2799772518482873,0.0,0.0,0.6690581390262041,True,2026-03-09,23649.0,0.11305753227711779,0.11305753227711779,7.0,25,3.9795612192537897,True,0.0120589548905761,3,0.7179379828582318,10.037143937348802,0,False,-0.016073837940986335,88,automation_change_abs,4.103588684811323
2026-03-23,Roblox,STATEMENT_CATEGORY_ILLEGAL_OR_HARMFUL_SPEECH,22430,15892,0,6538,0,7360,7723,0,0,15083,0.7085153811859117,0.0,0.2914846188140882,0.0,0.3281319661168078,0.3443156486847971,0.0,0.0,0.672447614801605,True,2026-03-16,22859.0,-0.021481556562896187,0.021481556562896187,7.0,25,-0.6803730264924471,False,0.0144657022865142,3,0.6940496788993975,10.018199209668026,0,False,-0.06337225874885201,413,account_or_service_restriction_rate,1.9770827671955253
2026-03-30,Roblox,STATEMENT_CATEGORY_ILLEGAL_OR_HARMFUL_SPEECH,17942,13723,0,4219,0,639,7545,0,0,8184,0.7648534165644856,0.0,0.2351465834355144,0.0,0.0356147586668152,0.420521680972021,0.0,0.0,0.4561364396388362,True,2026-03-23,22430.0,0.05633803537857385,0.05633803537857385,7.0,25,2.0150085507477367,False,0.0170979667282809,3,0.7477554498362047,9.794955345712667,0,False,-0.07063969188916926,458,automation_change_abs,1.9542245739034971
2026-04-06,Roblox,STATEMENT_CATEGORY_ILLEGAL_OR_HARMFUL_SPEECH,19296,15316,0,3980,0,1582,8170,0,0,9752,0.7937396351575456,0.0,0.2062603648424543,0.0,0.081985903814262,0.4234038142620232,0.0,0.0,0.5053897180762852,True,2026-03-30,17942.0,0.028886218593060065,0.028886218593060065,7.0,25,1.0641795965031722,False,0.0172043010752688,3,0.7765353340822768,9.867704922396356,0,False,-0.08771472312648633,627,account_or_service_restriction_rate,1.4642392738639207
2026-04-13,Roblox,STATEMENT_CATEGORY_ILLEGAL_OR_HARMFUL_SPEECH,14552,11549,0,3003,0,107,6889,0,0,6996,0.7936366135239142,0.0,0.2063633864760857,0.0,0.0073529411764705,0.4734057174271577,0.0,0.0,0.4807586586036284,True,2026-04-06,19296.0,-0.00010302163363140604,0.00010302163363140604,7.0,25,0.060100005543828904,False,0.011639185257032,3,0.7819974282668822,9.585552436913327,0,False,-0.08619982014218426,620,account_or_service_restriction_rate,1.3886254966523865
2026-04-20,Roblox,STATEMENT_CATEGORY_ILLEGAL_OR_HARMFUL_SPEECH,13781,10788,0,2993,0,291,6687,0,0,6978,0.7828169218489224,0.0,0.2171830781510775,0.0,0.0211160293157245,0.4852332922139177,0.0,0.0,0.5063493215296423,True,2026-04-13,14552.0,-0.01081969167499186,0.01081969167499186,7.0,25,-0.31108563393588273,False,0.0116129032258064,3,0.7712040186231159,9.531118671917154,0,False,-0.0895994776053389,642,account_or_service_restriction_rate,1.4671851171726145
2026-04-27,Roblox,STATEMENT_CATEGORY_ILLEGAL_OR_HARMFUL_SPEECH,40093,35921,0,4172,0,199,6717,0,0,6916,0.8959419350011224,0.0,0.1040580649988776,0.0,0.0049634599556032,0.1675354800089791,0.0,0.0,0.1724989399645823,True,2026-04-20,13781.0,0.11312501315220003,0.11312501315220003,7.0,25,3.981898506085742,True,0.0150273224043715,3,0.8809146125967509,10.59898197616442,0,False,-0.031035016283844176,150,automation_change_abs,4.106145847321666
2026-05-04,Roblox,STATEMENT_CATEGORY_ILLEGAL_OR_HARMFUL_SPEECH,29322,23975,0,5347,0,574,7844,0,0,8418,0.8176454539253802,0.0,0.1823545460746197,0.0,0.0195757451742718,0.2675124479912693,0.0,0.0,0.2870881931655412,True,2026-04-27,40093.0,-0.07829648107574216,0.07829648107574216,7.0,25,-2.648230953059261,False,0.0143472022955523,3,0.8032982516298279,10.286127470002349,0,False,-0.06678921032853471,434,automation_change_abs,2.786331656891808
2026-05-11,Roblox,STATEMENT_CATEGORY_ILLEGAL_OR_HARMFUL_SPEECH,20851,16396,0,4455,0,269,10428,0,0,10697,0.7863411826770899,0.0,0.2136588173229101,0.0,0.0129010599012037,0.5001198983262194,0.0,0.0,0.5130209582274231,True,2026-05-04,29322.0,-0.03130427124829038,0.03130427124829038,7.0,25,-1.020595373345812,False,0.0119199659429544,3,0.7744212167341354,9.945205145887996,0,False,-0.08569350030266726,612,account_or_service_restriction_rate,1.4876660734003524
2026-05-18,Roblox,STATEMENT_CATEGORY_ILLEGAL_OR_HARMFUL_SPEECH,18752,14711,0,4041,0,493,9992,0,0,10485,0.7845029863481229,0.0,0.2154970136518771,0.0,0.0262905290102389,0.5328498293515358,0.0,0.0,0.5591403583617748,True,2026-05-11,20851.0,-0.001838196328966979,0.001838196328966979,7.0,25,0.0,False,0.0139982502187226,3,0.7705047361294003,9.839109018599922,0,False,-0.0845208387786414,594,account_or_service_restriction_rate,1.629245937261252
2026-05-25,Roblox,STATEMENT_CATEGORY_ILLEGAL_OR_HARMFUL_SPEECH,29352,23696,0,5656,0,965,15497,0,0,16462,0.807304442627419,0.0,0.1926955573725811,0.0,0.0328768056691196,0.5279708367402562,0.0,0.0,0.5608476424093759,True,2026-05-18,18752.0,0.022801456279296084,0.022801456279296084,7.0,25,0.853426033894669,False,0.0122832369942196,3,0.7950212056331993,10.287150034683448,0,False,-0.08636137656779663,623,account_or_service_restriction_rate,1.6344870514632386
2026-06-01,Roblox,STATEMENT_CATEGORY_ILLEGAL_OR_HARMFUL_SPEECH,23415,18832,0,4583,0,862,11275,0,0,12137,0.8042707666026052,0.0,0.1957292333973948,0.0,0.0368140081144565,0.4815289344437326,0.0,0.0,0.5183429425581892,True,2026-05-25,29352.0,-0.0030336760248137473,0.0030336760248137473,7.0,25,-0.041406975644046384,False,0.0147397512666973,3,0.7895310153359079,10.061174828371723,0,False,-0.09126967739663579,654,account_or_service_restriction_rate,1.5040037927727794
2026-06-08,Roblox,STATEMENT_CATEGORY_ILLEGAL_OR_HARMFUL_SPEECH,19623,15364,0,4259,0,699,8648,0,0,9347,0.7829587728685726,0.0,0.2170412271314274,0.0,0.0356214646078581,0.4407073332314121,0.0,0.0,0.4763287978392702,True,2026-06-01,23415.0,-0.021311993734032586,0.021311993734032586,7.0,25,-0.6745,False,0.0158267388588088,3,0.7671320340097638,9.884508585938326,0,False,-0.09286522702113745,673,account_or_service_restriction_rate,1.375026467130894
2026-06-15,Roblox,STATEMENT_CATEGORY_ILLEGAL_OR_HARMFUL_SPEECH,32529,27966,0,4563,0,1411,8748,0,0,10159,0.8597251683113529,0.0,0.140274831688647,0.0,0.0433766792708045,0.268929263119063,0.0,0.0,0.3123059423898675,True,2026-06-08,19623.0,0.0767663954427803,0.0767663954427803,7.0,25,2.7225710552093996,False,0.0284142988084326,3,0.8313108695029203,10.389918019467396,0,False,-0.061888541350456,394,automation_change_abs,2.7283496343786937
2026-06-22,Roblox,STATEMENT_CATEGORY_ILLEGAL_OR_HARMFUL_SPEECH,32644,28186,0,4458,0,750,8846,0,0,9596,0.8634358534493322,0.0,0.1365641465506678,0.0,0.0229751255973532,0.2709839480455826,0.0,0.0,0.2939590736429359,True,2026-06-15,32529.0,0.0037106851379792305,0.0037106851379792305,7.0,25,0.19219264078826484,False,0.0192652329749103,3,0.8441706204744218,10.393446983620734,0,False,-0.09668629075259731,719,account_or_service_restriction_rate,0.8151778860814832
2026-06-29,Roblox,STATEMENT_CATEGORY_ILLEGAL_OR_HARMFUL_SPEECH,34944,30050,0,4894,0,663,9564,0,0,10227,0.8599473443223443,0.0,0.1400526556776556,0.0,0.0189732142857142,0.2736950549450549,0.0,0.0,0.2926682692307692,True,2026-06-22,32644.0,-0.0034885091269878377,0.0034885091269878377,7.0,25,-0.057160704669522513,False,0.0201149425287356,3,0.8398324017936087,10.461530675911229,0,False,-0.0975000309423926,724,account_or_service_restriction_rate,0.8112153039053659
2026-07-06,Roblox,STATEMENT_CATEGORY_ILLEGAL_OR_HARMFUL_SPEECH,34254,29109,0,5145,283,714,10660,0,0,11374,0.8497985636713961,0.0,0.1502014363286039,0.0082618088398435,0.0208442809598878,0.31120453085771,0.0,0.0,0.3320488118175979,True,2026-06-29,34944.0,-0.010148780650948264,0.010148780650948264,7.0,25,-0.28784776839252996,False,0.0186654223051796,3,0.8311331413662164,10.441587818437,0,False,-0.09373659018681471,689,account_or_service_restriction_rate,0.9321078532873925
2026-07-13,Roblox,STATEMENT_CATEGORY_ILLEGAL_OR_HARMFUL_SPEECH,31255,26333,0,4922,26,645,11344,0,0,11989,0.8425211966085426,0.0,0.1574788033914573,0.0008318669012957,0.0206366981282994,0.3629499280115181,0.0,0.0,0.3835866261398176,True,2026-07-06,34254.0,-0.007277367062853424,0.007277367062853424,7.0,25,-0.18839266855328812,False,0.0221119133574007,3,0.8204092832511419,10.349966636734907,0,False,-0.09851444088374381,737,account_or_service_restriction_rate,1.0903214621845576
2026-07-20,Roblox,STATEMENT_CATEGORY_ILLEGAL_OR_HARMFUL_SPEECH,37452,32765,0,4687,11548,1112,13544,0,0,14656,0.8748531453593934,0.0,0.1251468546406066,0.3083413435864573,0.0296913382462885,0.3616362277047955,0.0,0.0,0.391327565951084,True,2026-07-13,31255.0,0.03233194875085077,0.03233194875085077,7.0,25,1.183526888820451,False,0.0211340206185567,3,0.8537191247408367,10.530842092546065,0,False,-0.062360400835299826,400,account_or_service_restriction_rate,1.1140850237539155
2026-07-27,Roblox,STATEMENT_CATEGORY_ILLEGAL_OR_HARMFUL_SPEECH,27955,23887,0,4068,6750,1539,12011,0,0,13550,0.8544804149526024,0.0,0.1455195850473976,0.2414594884636022,0.0550527633697013,0.4296548023609372,0.0,0.0,0.4847075657306385,True,2026-07-20,37452.0,-0.020372730406790995,0.020372730406790995,7.0,25,-0.6419674075607024,False,0.0178477690288713,3,0.8366326459237311,10.23838712459702,0,False,-0.06263883514347812,404,account_or_service_restriction_rate,1.4007480683209845
2026-08-03,Roblox,STATEMENT_CATEGORY_ILLEGAL_OR_HARMFUL_SPEECH,34982,30342,0,4640,12225,1315,13176,0,0,14491,0.8673603567549025,0.0,0.1326396432450974,0.3494654393688182,0.0375907609627808,0.3766508490080613,0.0,0.0,0.4142416099708421,True,2026-07-27,27955.0,0.012879941802300121,0.012879941802300121,7.0,25,0.5097816292859916,False,0.0205152671755725,3,0.84684508957933,10.462617508188442,0,False,-0.06715806486771432,437,account_or_service_restriction_rate,1.1844278127617807
2026-08-10,Roblox,STATEMENT_CATEGORY_ILLEGAL_OR_HARMFUL_SPEECH,29041,24079,0,4962,6554,1576,12956,0,0,14532,0.8291381150786818,0.0,0.1708618849213181,0.22568093385214,0.0542681037154368,0.4461278881581212,0.0,0.0,0.5003959918735581,True,2026-08-03,34982.0,-0.03822224167622068,0.03822224167622068,7.0,25,-1.2602081697912142,False,0.0211549456832475,3,0.8079831693954344,10.276498337090683,0,False,-0.05646088317610267,331,account_or_service_restriction_rate,1.4489092592956243
2026-08-17,Roblox,STATEMENT_CATEGORY_ILLEGAL_OR_HARMFUL_SPEECH,115495,109923,0,5572,60874,13172,27275,0,0,40447,0.9517554872505304,0.0,0.0482445127494696,0.5270704359496082,0.1140482271959825,0.2361574094116628,0.0,0.0,0.3502056366076453,True,2026-08-10,29041.0,0.12261737217184854,0.12261737217184854,7.0,25,4.310678559897304,True,0.0148107515085024,3,0.936944735742028,11.656991176309651,0,False,0.017303203875173322,38,automation_change_abs,4.465855240392965
2026-08-24,Roblox,STATEMENT_CATEGORY_ILLEGAL_OR_HARMFUL_SPEECH,258377,248489,0,9888,149244,50821,22489,0,0,73310,0.9617303397748252,0.0,0.0382696602251748,0.5776210730831305,0.1966932041164655,0.0870394810683613,0.0,0.0,0.2837326851848268,True,2026-08-17,115495.0,0.009974852524294864,0.009974852524294864,7.0,25,0.40916012864817364,False,0.0165619645916619,3,0.9451683751831633,12.462178907947141,0,False,-0.04071987127410387,210,log1p_represented_sors,0.8609764409602282
2026-03-09,Roblox,STATEMENT_CATEGORY_OTHER_VIOLATION_TC,13874899,13863248,0,11651,29,13867555,6235,0,0,13873790,0.9991602821757476,0.0,0.0008397178242522,2.090105304550325e-06,0.9994706988497718,0.0004493726404783,0.0,0.0,0.99992007149025,True,2026-03-02,5125458.0,0.00106918475577078,0.00106918475577078,7.0,25,0.0,False,0.5519632091421218,6,0.44719707303362577,16.445592010363594,0,False,0.019110443278895682,35,account_or_service_restriction_rate,2.9823756743259273
2026-03-16,Roblox,STATEMENT_CATEGORY_OTHER_VIOLATION_TC,977091,972480,0,4611,43,968710,6439,0,0,975149,0.9952808899068768,0.0,0.0047191100931233,4.400818347523414e-05,0.9914224980068388,0.0065899696138844,0.0,0.0,0.9980124676207232,True,2026-03-09,13874899.0,-0.003879392268870796,0.003879392268870796,7.0,25,-0.631667379264734,False,0.512135418460741,6,0.48314547144613584,13.792336092405312,0,False,-0.02323583940950704,122,account_or_service_restriction_rate,2.9765196073484437
2026-03-23,Roblox,STATEMENT_CATEGORY_OTHER_VIOLATION_TC,1280854,1277462,0,3392,24,1272228,6769,0,0,1278997,0.9973517668680428,0.0,0.0026482331319572,1.873749857516938e-05,0.9932654307204412,0.005284755327305,0.0,0.0,0.9985501860477464,True,2026-03-16,977091.0,0.002070876961166035,0.002070876961166035,7.0,25,0.12786226971131387,False,0.6114913427529429,6,0.3858604241150999,14.06303838165397,0,False,-0.015251260057082671,84,account_or_service_restriction_rate,2.9781703248658373
2026-03-30,Roblox,STATEMENT_CATEGORY_OTHER_VIOLATION_TC,816988,813555,0,3433,15,807319,7479,0,0,814798,0.9957979798968896,0.0,0.0042020201031104,1.8360122792501235e-05,0.9881650648479536,0.0091543572243411,0.0,0.0,0.9973194220722948,True,2026-03-23,1280854.0,-0.0015537869711532704,0.0015537869711532704,7.0,25,-0.33481254679502814,False,0.7567441129032257,6,0.23905386699366382,13.613380909859211,0,False,0.0012245424886834,55,account_or_service_restriction_rate,2.9743920581151486
2026-04-06,Roblox,STATEMENT_CATEGORY_OTHER_VIOLATION_TC,999304,996403,0,2901,15,989884,7306,0,0,997190,0.9970969794977304,0.0,0.0029030205022695,1.5010447271300826e-05,0.990573439113623,0.0073110885176082,0.0,0.0,0.9978845276312314,True,2026-03-30,816988.0,0.001298999600840789,0.001298999600840789,7.0,25,0.029335006847148702,False,0.598566851382623,6,0.39853012811510735,13.814815316339814,0,False,-0.02129770174858564,110,account_or_service_restriction_rate,2.976126850152083
2026-04-13,Roblox,STATEMENT_CATEGORY_OTHER_VIOLATION_TC,352112,349048,0,3064,25,344469,6076,0,0,350545,0.9912982232925888,0.0,0.0087017767074112,7.100013632026174e-05,0.9782938383241696,0.0172558731312764,0.0,0.0,0.995549711455446,True,2026-04-06,999304.0,-0.005798756205141586,0.005798756205141586,7.0,25,-0.8766670188464234,False,0.627795562849361,6,0.36350266044322777,12.771707425790737,0,False,-0.021455709561931036,111,account_or_service_restriction_rate,2.968959303407222
2026-04-20,Roblox,STATEMENT_CATEGORY_OTHER_VIOLATION_TC,843151,840903,0,2248,17,834924,6781,0,0,841705,0.9973338109069432,0.0,0.0026661890930568,2.016246200265433e-05,0.990242554417892,0.0080424502847058,0.0,0.0,0.9982850047025976,True,2026-04-13,352112.0,0.00603558761435441,0.00603558761435441,7.0,25,0.6339427804059744,False,0.5475728334812185,6,0.44976097742572463,13.644902529152684,0,False,-0.025685465163501654,133,account_or_service_restriction_rate,2.9773562566291463
2026-04-27,Roblox,STATEMENT_CATEGORY_OTHER_VIOLATION_TC,1189928,1176189,0,13739,18,959068,6713,0,0,965781,0.988453923262584,0.0,0.011546076737416,1.5126965665149488e-05,0.8059882614746439,0.0056415178061193,0.0,0.0,0.8116297792807632,True,2026-04-20,843151.0,-0.008879887644359208,0.008879887644359208,7.0,25,-1.2699619421525308,False,0.6068007971374062,6,0.38165312612517777,13.989404199442207,0,False,-0.01731397647797338,92,account_or_service_restriction_rate,2.4043518088877467
2026-05-04,Roblox,STATEMENT_CATEGORY_OTHER_VIOLATION_TC,2484193,2462391,0,21802,139,2312366,9594,0,0,2321960,0.991223709268966,0.0,0.0087762907310341,5.59537845892006e-05,0.930831863707852,0.0038620187722934,0.0,0.0,0.9346938824801456,True,2026-04-27,1189928.0,0.0027697860063820023,0.0027697860063820023,7.0,25,0.21707539961464478,False,0.6549128495398141,6,0.33631085972915187,14.725458818824842,0,False,0.005045247138330255,51,account_or_service_restriction_rate,2.7821407420997066
2026-05-11,Roblox,STATEMENT_CATEGORY_OTHER_VIOLATION_TC,5591688,5585184,0,6504,15,5546243,8914,0,0,5555157,0.9988368449741832,0.0,0.0011631550258168,2.682553103821243e-06,0.9918727582797896,0.0015941518911641,0.0,0.0,0.9934669101709538,True,2026-05-04,2484193.0,0.007613135705217267,0.007613135705217267,7.0,25,0.8353109036578502,False,0.5856368367821754,6,0.41320000819200786,15.536791946184682,0,False,0.011188625339694992,43,account_or_service_restriction_rate,2.9625654057969175
2026-05-18,Roblox,STATEMENT_CATEGORY_OTHER_VIOLATION_TC,1577897,1571749,0,6148,28,1546051,13265,0,0,1559316,0.9961036747012004,0.0,0.0038963252987996,1.77451379906293e-05,0.979817440555372,0.0084067591230606,0.0,0.0,0.9882241996784328,True,2026-05-11,5591688.0,-0.00273317027298281,0.00273317027298281,7.0,25,-0.4853564214696297,False,0.5746611442399147,6,0.42144253046128577,14.27160413951551,0,False,-0.016617707559356466,89,account_or_service_restriction_rate,2.946471045600754
2026-05-25,Roblox,STATEMENT_CATEGORY_OTHER_VIOLATION_TC,1229030,1219061,0,9969,40,1169892,32877,0,0,1202769,0.9918887252548758,0.0,0.0081112747451242,3.254599155431519e-05,0.9518823787865228,0.0267503641082805,0.0,0.0,0.9786327428948032,True,2026-05-18,1577897.0,-0.004214949446324612,0.004214949446324612,7.0,25,-0.6745,False,0.5999392894509252,6,0.3919494358039506,14.021736611989212,0,False,-0.018647562965259146,97,account_or_service_restriction_rate,2.917026665541645
2026-06-01,Roblox,STATEMENT_CATEGORY_OTHER_VIOLATION_TC,384495,379058,0,5437,31,340452,25023,0,0,365475,0.985859373984057,0.0,0.0141406260159429,8.062523569877371e-05,0.8854523465844809,0.0650801700932391,0.0,0.0,0.95053251667772,True,2026-05-25,1229030.0,-0.006029351270818828,0.006029351270818828,7.0,25,-0.9061016179407504,False,0.5618960187015569,6,0.42396335528250007,12.859688664752786,0,False,-0.03130029749485771,152,account_or_service_restriction_rate,2.830763049998393
2026-06-08,Roblox,STATEMENT_CATEGORY_OTHER_VIOLATION_TC,445775,437139,0,8636,12,396653,25499,0,0,422152,0.980626997924962,0.0,0.0193730020750378,2.691941001626381e-05,0.889805395098424,0.0572015030003925,0.0,0.0,0.9470068980988168,True,2026-06-01,384495.0,-0.00523237605909499,0.00523237605909499,7.0,25,-0.8043707080606487,False,0.5345735691986649,6,0.44605342872629705,13.0075718626839,0,False,-0.03583359370031598,175,account_or_service_restriction_rate,2.8199399127292075
2026-06-15,Roblox,STATEMENT_CATEGORY_OTHER_VIOLATION_TC,2061642,2034347,0,27295,4,2003787,24456,0,0,2028243,0.986760552996107,0.0,0.013239447003893,1.9402010630361626e-06,0.9719374168745109,0.011862389299403,0.0,0.0,0.9837998061739138,True,2026-06-08,445775.0,0.0061335550711449915,0.0061335550711449915,7.0,25,0.6464479604559141,False,0.6524490753051433,6,0.3343114776909637,14.539013795689117,0,False,-0.002223799265430071,60,account_or_service_restriction_rate,2.9328887997733575
2026-06-22,Roblox,STATEMENT_CATEGORY_OTHER_VIOLATION_TC,620940,615511,0,5429,7,569350,22819,0,0,592169,0.9912568042000838,0.0,0.0087431957999162,1.1273230907978226e-05,0.9169162882082004,0.0367491222984507,0.0,0.0,0.9536654105066512,True,2026-06-15,2061642.0,0.004496251203976787,0.004496251203976787,7.0,25,0.4374522354860551,False,0.5392761569070074,6,0.4519806472930764,13.338991348350536,0,False,-0.03488260174368568,168,account_or_service_restriction_rate,2.840380579291892
2026-06-29,Roblox,STATEMENT_CATEGORY_OTHER_VIOLATION_TC,308297,294924,0,13373,16,254242,25614,0,0,279856,0.9566229966558222,0.0,0.0433770033441778,5.1898007440876816e-05,0.8246658254864627,0.0830822226619136,0.0,0.0,0.9077480481483764,True,2026-06-22,620940.0,-0.0346338075442616,0.0346338075442616,7.0,25,-4.557353652528809,False,0.5144443825792345,6,0.44217861407658765,12.638822126665396,0,False,-0.017373674112122362,93,account_or_service_restriction_rate,2.699420942076361
2026-07-06,Roblox,STATEMENT_CATEGORY_OTHER_VIOLATION_TC,147164,141174,0,5990,1741,90809,21719,0,0,112528,0.9592971107064228,0.0,0.0407028892935772,0.0118303389415889,0.6170598787747004,0.1475836481748253,0.0,0.0,0.7646435269495258,True,2026-06-29,308297.0,0.0026741140506005845,0.0026741140506005845,7.0,25,0.20486323169714998,False,0.548042469508209,6,0.41125464119821376,11.899309685265601,0,False,-0.03449478660866726,165,account_or_service_restriction_rate,2.2601108346120307
2026-07-13,Roblox,STATEMENT_CATEGORY_OTHER_VIOLATION_TC,271019,262270,0,8749,17559,190340,31285,0,0,221625,0.967718130463178,0.0,0.0322818695368221,0.0647888155442976,0.7023123840025977,0.1154347112195086,0.0,0.0,0.8177470952221062,True,2026-07-06,147164.0,0.008421019756755244,0.008421019756755244,7.0,25,0.9384342862067419,False,0.5331852459285068,6,0.4345328845346712,12.509947897876705,0,False,-0.02156578618753141,113,account_or_service_restriction_rate,2.423131080856732
2026-07-20,Roblox,STATEMENT_CATEGORY_OTHER_VIOLATION_TC,830344,820519,0,9825,180302,584272,36925,0,0,621197,0.988167554652048,0.0,0.0118324453479521,0.2171413293767402,0.703650535199869,0.0444695210659678,0.0,0.0,0.7481200562658368,True,2026-07-13,271019.0,0.02044942418886997,0.02044942418886997,7.0,25,2.473815198039783,False,0.6078511985153373,6,0.38031635613671066,13.629596556059594,0,False,0.0018923028413597054,54,account_or_service_restriction_rate,2.2093861781097495
2026-07-27,Roblox,STATEMENT_CATEGORY_OTHER_VIOLATION_TC,806565,795280,0,11285,483863,262196,33792,0,0,295988,0.9860085671954524,0.0,0.0139914328045476,0.5999057732482813,0.3250773341268217,0.0418961893957709,0.0,0.0,0.3669735235225927,True,2026-07-20,830344.0,-0.0021589874565955958,0.0021589874565955958,7.0,25,-0.41206412894995825,False,0.5846671053105369,6,0.4013414618849155,13.600541008288987,0,False,-0.022766538217322174,120,log1p_represented_sors,1.2482132272114657
2026-08-03,Roblox,STATEMENT_CATEGORY_OTHER_VIOLATION_TC,1282380,1273117,0,9263,524693,687705,34978,0,0,722683,0.99277671205103,0.0,0.0072232879489698,0.4091556324958281,0.5362723997567024,0.0272758464729643,0.0,0.0,0.5635482462296667,True,2026-07-27,806565.0,0.00676814485557764,0.00676814485557764,7.0,25,0.7274509768876484,False,0.49984032496028474,6,0.4929363870907453,14.064229064197667,0,False,-0.014439813572433357,83,account_or_service_restriction_rate,1.642777513180112
2026-08-10,Roblox,STATEMENT_CATEGORY_OTHER_VIOLATION_TC,1506980,1485405,0,21575,441135,977987,48159,0,0,1026146,0.9856832871040092,0.0,0.0143167128959906,0.2927278397855313,0.6489714528394538,0.0319572920675788,0.0,0.0,0.6809287449070326,True,2026-08-03,1282380.0,-0.00709342494702081,0.00709342494702081,7.0,25,-1.041926649468835,False,0.5997001290611972,6,0.385983158042812,14.225618869699026,0,False,-0.0037583695874179868,62,account_or_service_restriction_rate,2.003118605524191
2026-08-17,Roblox,STATEMENT_CATEGORY_OTHER_VIOLATION_TC,384505,355762,0,28743,165641,127819,31687,0,0,159506,0.9252467458160492,0.0,0.0747532541839507,0.430790236797961,0.3324248059192988,0.082409851627417,0.0,0.0,0.4148346575467159,True,2026-08-10,1506980.0,-0.060436541287960055,0.060436541287960055,7.0,25,-7.850976267795314,False,0.5717129423536123,6,0.3535338034624369,12.859714672487488,0,False,-0.01403453943906523,81,automation_change_abs,2.1095359217057466
2026-08-24,Roblox,STATEMENT_CATEGORY_OTHER_VIOLATION_TC,3836571,3810570,0,26001,553087,3162064,60175,0,0,3222239,0.9932228544708284,0.0,0.0067771455291717,0.1441618049033889,0.824190142708163,0.0156845787553521,0.0,0.0,0.8398747214635152,True,2026-08-17,384505.0,0.06797610865477921,0.06797610865477921,7.0,25,8.540419006009662,False,0.5850071964134768,6,0.4082156580573516,15.160089817529192,10,True,0.04986653090890344,17,account_or_service_restriction_rate,2.491059681439073
2026-05-04,Roblox,STATEMENT_CATEGORY_PROTECTION_OF_MINORS,3259,2497,0,762,0,805,60,0,0,865,0.7661859466093894,0.0,0.2338140533906106,0.0,0.2470082847499232,0.0184105553850874,0.0,0.0,0.2654188401350107,True,2026-04-27,4760.0,-0.09179724666792144,0.09179724666792144,7.0,15,-2.1436022275079365,False,0.0004816955684007,5,0.7657042510409887,8.089482474360754,0,False,-0.046790124830087834,254,automation_change_abs,3.2979381171097994
2026-05-11,Roblox,STATEMENT_CATEGORY_PROTECTION_OF_MINORS,1057,288,0,769,0,832,65,0,0,897,0.2724692526017029,0.0,0.727530747398297,0.0,0.7871333964049196,0.0614947965941343,0.0,0.0,0.8486281929990539,True,2026-05-04,3259.0,-0.49371669400768653,0.49371669400768653,7.0,15,-8.605820865098176,True,0.0006203473945409,5,0.271848905207162,6.964135612418245,10,True,0.1165495682554059,1,automation_change_abs,18.52852517843784
2026-05-18,Roblox,STATEMENT_CATEGORY_PROTECTION_OF_MINORS,1074,210,0,864,0,915,68,0,0,983,0.1955307262569832,0.0,0.8044692737430168,0.0,0.8519553072625698,0.0633147113594041,0.0,0.0,0.915270018621974,True,2026-05-11,1057.0,-0.0769385263447197,0.0769385263447197,7.0,15,-1.9046978897385733,False,0.0008326394671107,5,0.1946980867898725,6.980075940561763,7,False,0.04218354314493471,19,automation_change_abs,2.7348724704974363
2026-05-25,Roblox,STATEMENT_CATEGORY_PROTECTION_OF_MINORS,1165,296,0,869,0,971,61,0,0,1032,0.2540772532188841,0.0,0.7459227467811159,0.0,0.8334763948497854,0.0523605150214592,0.0,0.0,0.8858369098712446,True,2026-05-18,1074.0,0.05854652696190088,0.05854652696190088,7.0,15,0.2736839785386602,False,0.0005437737901033,5,0.2535334794287808,7.061334366910438,0,False,0.026153395242867895,28,account_or_service_restriction_rate,2.6321569281196178
2026-06-15,Roblox,STATEMENT_CATEGORY_PROTECTION_OF_MINORS,1143,428,0,715,0,1008,35,0,0,1043,0.3744531933508311,0.0,0.6255468066491688,0.0,0.8818897637795275,0.0306211723534558,0.0,0.0,0.9125109361329834,True,2026-06-08,1035.0,-0.0004260337023089811,0.0004260337023089811,7.0,15,-0.6745,False,0.2570144785667129,4,0.11743871478411821,7.042286171939743,0,False,0.01765510668223329,37,account_or_service_restriction_rate,2.714042316822801
2026-06-22,Roblox,STATEMENT_CATEGORY_PROTECTION_OF_MINORS,1372,602,0,770,0,1231,54,0,0,1285,0.4387755102040816,0.0,0.5612244897959183,0.0,0.8972303206997084,0.0393586005830903,0.0,0.0,0.9365889212827988,True,2026-06-15,1143.0,0.06432231685325052,0.06432231685325052,7.0,15,0.36654939555127,False,0.0009233610341643,5,0.4378521491699173,7.224753405767971,0,False,0.007364246103705507,45,account_or_service_restriction_rate,2.787958236145795
2026-06-29,Roblox,STATEMENT_CATEGORY_PROTECTION_OF_MINORS,1599,768,0,831,0,1432,43,0,0,1475,0.4803001876172608,0.0,0.5196998123827392,0.0,0.8955597248280175,0.0268918073796122,0.0,0.0,0.9224515322076298,True,2026-06-22,1372.0,0.04152467741317917,0.04152467741317917,7.0,15,0.0,False,0.001860465116279,5,0.47843972250098177,7.3777589082278725,0,False,-0.009669670063560098,74,account_or_service_restriction_rate,2.744558503825336
2026-07-06,Roblox,STATEMENT_CATEGORY_PROTECTION_OF_MINORS,2102,1178,0,924,252,1583,65,0,0,1648,0.560418648905804,0.0,0.439581351094196,0.1198858230256898,0.7530922930542341,0.0309229305423406,0.0,0.0,0.7840152235965747,True,2026-06-29,1599.0,0.08011846128854316,0.08011846128854316,7.0,15,0.6205260061568352,False,0.475378053509112,5,0.08504059539669195,7.6511201757027,3,False,0.033591873818027126,21,automation_change_abs,2.855374915282896
2026-07-13,Roblox,STATEMENT_CATEGORY_PROTECTION_OF_MINORS,1661,881,0,780,7,1392,83,0,0,1475,0.5304033714629741,0.0,0.4695966285370259,0.0042143287176399,0.8380493678506924,0.0499698976520168,0.0,0.0,0.8880192655027093,True,2026-07-06,2102.0,-0.030015277442829835,0.030015277442829835,7.0,15,-1.1502474753655099,False,0.4960343688037013,5,0.03436900265927284,7.415776975415394,0,False,0.03200389184046067,22,account_or_service_restriction_rate,2.638856443124122
2026-07-20,Roblox,STATEMENT_CATEGORY_PROTECTION_OF_MINORS,2413,1416,0,997,113,2023,83,0,0,2106,0.5868213841690841,0.0,0.4131786158309158,0.0468296726067136,0.8383754662246167,0.0343970161624533,0.0,0.0,0.8727724823870701,True,2026-07-13,1661.0,0.05641801270611002,0.05641801270611002,7.0,15,0.23946089083989458,False,0.4538296349319971,5,0.13299174923708706,7.789040401657477,0,False,0.017712593054403557,36,account_or_service_restriction_rate,2.5920510321356773
2026-07-27,Roblox,STATEMENT_CATEGORY_PROTECTION_OF_MINORS,3930,2458,0,1472,682,2391,153,0,0,2544,0.6254452926208651,0.0,0.3745547073791349,0.1735368956743002,0.6083969465648855,0.0389312977099236,0.0,0.0,0.6473282442748092,True,2026-07-20,2413.0,0.038623908451780986,0.038623908451780986,7.0,15,-0.04663970198447269,False,0.4336099585062241,5,0.19183533411464104,8.27664912542186,0,False,-0.02033835186741877,106,account_or_service_restriction_rate,1.8999699459295287
2026-08-03,Roblox,STATEMENT_CATEGORY_PROTECTION_OF_MINORS,4166,1549,0,2617,1440,2231,286,0,0,2517,0.371819491118579,0.0,0.6281805088814211,0.3456553048487758,0.5355256841094576,0.0686509841574651,0.0,0.0,0.6041766682669227,True,2026-07-27,3930.0,-0.25362580150228614,0.25362580150228614,7.0,15,-4.745545253820063,True,0.567814476458187,5,0.19599498533960796,8.334951631422454,10,True,0.05749610364335465,14,automation_change_abs,9.430370647377744
2026-08-10,Roblox,STATEMENT_CATEGORY_PROTECTION_OF_MINORS,3725,1635,0,2090,1275,2088,121,0,0,2209,0.4389261744966443,0.0,0.5610738255033557,0.3422818791946309,0.5605369127516778,0.03248322147651,0.0,0.0,0.5930201342281879,True,2026-08-03,4166.0,0.0671066833780653,0.0671066833780653,7.0,15,0.41131753346953753,False,0.5260377358490566,5,0.08711156135241227,8.223090551161533,0,False,0.006014639929694898,48,automation_change_abs,2.3622984602870076
2026-08-17,Roblox,STATEMENT_CATEGORY_PROTECTION_OF_MINORS,6429,5509,0,920,4327,1853,59,0,0,1912,0.8568984289936227,0.0,0.1431015710063773,0.673044019287603,0.2882252294291492,0.0091771659667133,0.0,0.0,0.2974023953958625,True,2026-08-10,3725.0,0.4179722544969784,0.4179722544969784,7.0,15,6.052671909279694,True,0.7439268362389254,5,0.11297159275469726,8.768729817231666,10,True,0.10324882182391174,3,automation_change_abs,15.658217986250381
2026-08-24,Roblox,STATEMENT_CATEGORY_PROTECTION_OF_MINORS,117885,115940,0,1945,114776,2444,170,0,0,2614,0.9835008694914537,0.0,0.0164991305085464,0.9736268397166732,0.0207320693896594,0.0014420833863511,0.0,0.0,0.0221741527760105,True,2026-08-17,6429.0,0.12660244049783098,0.12660244049783098,7.0,15,1.3679136699880923,False,0.64614328221561,5,0.33735758727584364,11.677473334775854,0,False,-0.007589716446123685,71,automation_change_abs,4.616867913419726
2026-03-09,Roblox,STATEMENT_CATEGORY_SCAMS_AND_FRAUD,819531,819213,0,318,0,809768,7277,0,0,817045,0.9996119731895438,0.0,0.0003880268104562,0.0,0.9880870888349556,0.0088794688669495,0.0,0.0,0.9969665577019052,True,2026-03-02,120814.0,0.0038416154495467536,0.0038416154495467536,7.0,25,0.11790711916028317,False,0.0183214098761123,5,0.9812905633134315,13.616488724603782,0,False,-0.01050141367858044,76,account_or_service_restriction_rate,2.973308815718769
2026-03-16,Roblox,STATEMENT_CATEGORY_SCAMS_AND_FRAUD,987895,987487,0,408,0,943936,41470,0,0,985406,0.9995870006427808,0.0,0.0004129993572191,0.0,0.9555023560196174,0.0419781454506804,0.0,0.0,0.997480501470298,True,2026-03-09,819531.0,-2.4972546762924708e-05,2.4972546762924708e-05,7.0,25,0.0,False,0.0161918425906948,5,0.983395158052086,13.803332708031554,0,False,-0.006564572009407988,70,account_or_service_restriction_rate,2.9748865484852236
2026-03-23,Roblox,STATEMENT_CATEGORY_SCAMS_AND_FRAUD,7894,7483,0,411,0,1243,4419,0,0,5662,0.947935140613124,0.0,0.0520648593868761,0.0,0.1574613630605523,0.5597922472764124,0.0,0.0,0.7172536103369648,True,2026-03-16,987895.0,-0.051651860029656826,0.051651860029656826,7.0,25,-1.5743020927313134,False,0.018771028864884,5,0.92916411174824,8.973984926689743,0,False,-0.029401554541137166,143,account_or_service_restriction_rate,2.1146306695873283
2026-03-30,Roblox,STATEMENT_CATEGORY_SCAMS_AND_FRAUD,7778,7396,0,382,0,1670,4133,0,0,5803,0.9508871175109282,0.0,0.0491128824890717,0.0,0.2147081511956801,0.5313705322705066,0.0,0.0,0.7460786834661867,True,2026-03-23,7894.0,0.0029519768978042427,0.0029519768978042427,7.0,25,0.09077862271070052,False,0.0249318270354499,5,0.9259552904754783,8.959183074206774,0,False,-0.04802818764553337,263,account_or_service_restriction_rate,2.2031194599342774
2026-04-06,Roblox,STATEMENT_CATEGORY_SCAMS_AND_FRAUD,12368,12084,0,284,0,588,8712,0,0,9300,0.9770375161707632,0.0,0.0229624838292367,0.0,0.047542043984476,0.704398447606727,0.0,0.0,0.7519404915912031,True,2026-03-30,7778.0,0.026150398659834928,0.026150398659834928,7.0,25,0.7981876049029653,False,0.0247871333964049,5,0.9522503827743583,9.42294862137501,0,False,-0.04361830372126265,228,account_or_service_restriction_rate,2.2211143599958763
2026-04-13,Roblox,STATEMENT_CATEGORY_SCAMS_AND_FRAUD,19465,19253,0,212,0,7828,5152,0,0,12980,0.989108656563062,0.0,0.010891343436938,0.0,0.4021577189827896,0.2646801952221936,0.0,0.0,0.6668379142049833,True,2026-04-06,12368.0,0.01207114039229884,0.01207114039229884,7.0,25,0.36885694339386543,False,0.0243947175348495,5,0.9647139390282126,9.876424632986438,0,False,-0.05416504376364315,315,account_or_service_restriction_rate,1.959861800650938
2026-04-20,Roblox,STATEMENT_CATEGORY_SCAMS_AND_FRAUD,12311,12077,0,234,0,769,6545,0,0,7314,0.9809926082365364,0.0,0.0190073917634635,0.0,0.0624644626756559,0.5316383721874746,0.0,0.0,0.5941028348631305,True,2026-04-13,19465.0,-0.008116048326525571,0.008116048326525571,7.0,25,-0.24672797748554046,False,0.0248368764470637,5,0.9561557317894728,9.418329675518715,0,False,-0.05818897905020547,354,account_or_service_restriction_rate,1.7365756650738844
2026-04-27,Roblox,STATEMENT_CATEGORY_SCAMS_AND_FRAUD,18281,17375,0,906,0,577,6073,0,0,6650,0.9504403479021936,0.0,0.0495596520978064,0.0,0.0315628247907663,0.3322028335430228,0.0,0.0,0.3637656583337891,True,2026-04-20,12311.0,-0.030552260334342884,0.030552260334342884,7.0,25,-0.9308942567053293,False,0.0280189423835832,5,0.9224214055186104,9.813672248213765,0,False,-0.0714167570710333,462,account_or_service_restriction_rate,1.0294739681713263
2026-05-04,Roblox,STATEMENT_CATEGORY_SCAMS_AND_FRAUD,19064,17835,0,1229,0,1689,5897,0,0,7586,0.9355329416701637,0.0,0.0644670583298363,0.0,0.0885963071758287,0.309326479227864,0.0,0.0,0.3979227864036928,True,2026-04-27,18281.0,-0.014907406232029907,0.014907406232029907,7.0,25,-0.4538225649069767,False,0.0260778128286014,5,0.9094551288415622,9.855609472291665,0,False,-0.08013596333105624,554,account_or_service_restriction_rate,1.1343313932013246
2026-05-11,Roblox,STATEMENT_CATEGORY_SCAMS_AND_FRAUD,55903,53880,0,2023,0,5095,44778,0,0,49873,0.9638123177646996,0.0,0.0361876822353004,0.0,0.091140010375114,0.8009945798973221,0.0,0.0,0.8921345902724361,True,2026-05-04,19064.0,0.028279376094535902,0.028279376094535902,7.0,25,0.8631083040626429,False,0.0249079108928258,5,0.9389044068718737,10.931391212933782,0,False,-0.04653002684330761,252,account_or_service_restriction_rate,2.651489892799183
2026-05-18,Roblox,STATEMENT_CATEGORY_SCAMS_AND_FRAUD,9497,9021,0,476,0,2129,3311,0,0,5440,0.9498789091291988,0.0,0.0501210908708013,0.0,0.2241760555965041,0.3486364114983679,0.0,0.0,0.5728124670948721,True,2026-05-11,55903.0,-0.013933408635500744,0.013933408635500744,7.0,25,-0.4241216371677401,False,0.0332469775474956,5,0.9166319315817032,9.158836529109067,0,False,-0.06247174904245054,401,account_or_service_restriction_rate,1.6712173264702272
2026-05-25,Roblox,STATEMENT_CATEGORY_SCAMS_AND_FRAUD,17733,17236,0,497,0,2283,10960,0,0,13243,0.9719731573901764,0.0,0.0280268426098234,0.0,0.1287430214853662,0.618056730389669,0.0,0.0,0.7467997518750352,True,2026-05-18,9497.0,0.02209424826097761,0.02209424826097761,7.0,25,0.6745,False,0.0350245499181669,5,0.9369486074720095,9.783238979939952,0,False,-0.054387688325289764,317,account_or_service_restriction_rate,2.2053330352813503
2026-06-01,Roblox,STATEMENT_CATEGORY_SCAMS_AND_FRAUD,18447,18083,0,364,0,3069,10591,0,0,13660,0.9802677942212826,0.0,0.0197322057787174,0.0,0.1663685152057245,0.5741312950615276,0.0,0.0,0.7404998102672521,True,2026-05-25,17733.0,0.008294636831106206,0.008294636831106206,7.0,25,0.25369684466502446,False,0.0216297786720321,5,0.9586380155492505,9.82271124250884,0,False,-0.05738591742046084,341,account_or_service_restriction_rate,2.185993129025779
2026-06-08,Roblox,STATEMENT_CATEGORY_SCAMS_AND_FRAUD,10503,10031,0,472,0,3430,2535,0,0,5965,0.9550604589165,0.0,0.0449395410834999,0.0,0.3265733599923831,0.2413596115395601,0.0,0.0,0.5679329715319432,True,2026-06-01,18447.0,-0.025207335304782585,0.025207335304782585,7.0,25,-0.7679069632660953,False,0.0235888795282224,5,0.9314715793882776,9.259511415982631,0,False,-0.058646321573764745,359,account_or_service_restriction_rate,1.6562379833847396
2026-06-15,Roblox,STATEMENT_CATEGORY_SCAMS_AND_FRAUD,6384,5591,0,793,0,1155,2429,0,0,3584,0.8757832080200502,0.0,0.1242167919799498,0.0,0.1809210526315789,0.3804824561403508,0.0,0.0,0.5614035087719298,True,2026-06-08,10503.0,-0.07927725089644988,0.07927725089644988,7.0,25,-2.416706366444755,False,0.0245886819743265,5,0.8511945260457237,8.76170676846664,0,False,-0.03135994535806961,153,automation_change_abs,2.8234975622499143
2026-06-22,Roblox,STATEMENT_CATEGORY_SCAMS_AND_FRAUD,6398,5341,0,1057,0,361,3209,0,0,3570,0.8347921225382933,0.0,0.1652078774617068,0.0,0.0564238824632697,0.5015629884338856,0.0,0.0,0.5579868708971554,True,2026-06-15,6384.0,-0.040991085481756895,0.040991085481756895,7.0,25,-1.2492141298659059,False,0.0293585360949125,5,0.8054335864433808,8.76389700713946,0,False,-0.06311848329313725,411,account_or_service_restriction_rate,1.6257048981815954
2026-06-29,Roblox,STATEMENT_CATEGORY_SCAMS_AND_FRAUD,5925,5617,0,308,0,372,2971,0,0,3343,0.9480168776371308,0.0,0.0519831223628692,0.0,0.0627848101265822,0.5014345991561181,0.0,0.0,0.5642194092827004,True,2026-06-22,6398.0,0.11322475509883756,0.11322475509883756,7.0,25,3.453419176060045,False,0.0221335992023928,5,0.925883278434738,8.68710472813351,0,False,-2.935545766210579e-05,58,automation_change_abs,4.109925531066715
2026-07-06,Roblox,STATEMENT_CATEGORY_SCAMS_AND_FRAUD,21091,20529,0,562,892,349,2387,0,0,2736,0.9733535631311934,0.0,0.0266464368688066,0.0422929211512019,0.0165473424683514,0.1131762363093262,0.0,0.0,0.1297235787776776,True,2026-06-29,5925.0,0.02533668549406254,0.02533668549406254,7.0,25,0.773374365092935,False,0.0257963212202781,5,0.9475572419109153,9.95664910065036,0,False,-0.058955554337867644,361,automation_change_abs,0.7794400205310632
2026-07-13,Roblox,STATEMENT_CATEGORY_SCAMS_AND_FRAUD,28272,27293,0,979,543,327,2079,0,0,2406,0.9653720996038484,0.0,0.0346279003961516,0.0192062818336163,0.0115662139219015,0.0735356536502546,0.0,0.0,0.0851018675721562,True,2026-07-06,21091.0,-0.007981463527344967,0.007981463527344967,7.0,25,-0.24262397003264002,False,0.0241495170096598,5,0.9412225825941886,10.249662564618726,0,False,-0.07473672124430022,496,weekly_peer_divergence_abs,0.6998187344714578
2026-07-20,Roblox,STATEMENT_CATEGORY_SCAMS_AND_FRAUD,28034,26317,0,1717,7211,475,3003,0,0,3478,0.9387529428551044,0.0,0.0612470571448954,0.2572233716201755,0.016943711207819,0.1071199258043804,0.0,0.0,0.1240636370121994,True,2026-07-13,28272.0,-0.026619156748744044,0.026619156748744044,7.0,25,-0.8109588217483235,False,0.0331573389651531,5,0.9055956038899513,10.241209008557773,0,False,-0.07399563665371137,489,automation_change_abs,0.8280387888349147
2026-07-27,Roblox,STATEMENT_CATEGORY_SCAMS_AND_FRAUD,30118,27995,0,2123,5815,714,5337,0,0,6051,0.9295105916727538,0.0,0.0704894083272461,0.1930739092901255,0.0237067534364831,0.1772030015273258,0.0,0.0,0.200909754963809,True,2026-07-20,28034.0,-0.009242351182350506,0.009242351182350506,7.0,25,-0.2810732775689895,False,0.0245269796776454,5,0.9049836119951085,10.312911480831472,0,False,-0.07364181369850273,485,fully_automated_rate,0.6355535549879675
2026-08-03,Roblox,STATEMENT_CATEGORY_SCAMS_AND_FRAUD,79602,77919,0,1683,5526,874,43797,0,0,44671,0.9788573151428356,0.0,0.0211426848571643,0.0694203663224542,0.010979623627547,0.550199743725032,0.0,0.0,0.5611793673525791,True,2026-07-27,30118.0,0.04934672347008173,0.04934672347008173,7.0,25,1.505532642981171,False,0.031615925058548,5,0.9472413900842875,11.284807059564494,0,False,-0.02248862579469051,118,automation_change_abs,1.6892914252340983
2026-08-10,Roblox,STATEMENT_CATEGORY_SCAMS_AND_FRAUD,48050,46091,0,1959,19325,864,13105,0,0,13969,0.9592299687825182,0.0,0.0407700312174817,0.4021852237252861,0.0179812695109261,0.2727367325702393,0.0,0.0,0.2907180020811654,True,2026-08-03,79602.0,-0.019627346360317377,0.019627346360317377,7.0,25,-0.5977516682059415,False,0.0250847457627118,5,0.9341452230198064,10.780018225836406,0,False,-0.05975107456571703,372,account_or_service_restriction_rate,0.8052282668509175
2026-08-17,Roblox,STATEMENT_CATEGORY_SCAMS_AND_FRAUD,181890,179828,0,2062,156425,1199,7357,0,0,8556,0.9886634779262192,0.0,0.0113365220737808,0.8599978008686568,0.0065918962010006,0.0404475232283248,0.0,0.0,0.0470394194293254,True,2026-08-10,48050.0,0.02943350914370102,0.02943350914370102,7.0,25,0.8983022536338435,False,0.0229885057471264,5,0.9656749721790928,12.111162885547131,0,False,-0.05762831487075283,345,automation_change_abs,0.934687619729663
2026-08-24,Roblox,STATEMENT_CATEGORY_SCAMS_AND_FRAUD,637413,634537,0,2876,550388,1899,4162,0,0,6061,0.9954880116972826,0.0,0.0045119883027173,0.8634715639624545,0.0029792301066969,0.0065295185382161,0.0,0.0,0.0095087486449131,True,2026-08-17,181890.0,0.006824533771063401,0.006824533771063401,7.0,25,0.20886775585499415,False,0.0221187427240977,5,0.9733692689731849,13.365174644953846,0,False,-0.07012962691921448,448,log1p_represented_sors,1.1681486202624367
2026-05-04,Roblox,STATEMENT_CATEGORY_UNSAFE_AND_PROHIBITED_PRODUCTS,12793,11175,0,1618,0,10,281,0,0,291,0.873524583756742,0.0,0.126475416243258,0.0,0.0007816774798718,0.0219651371843977,0.0,0.0,0.0227468146642695,True,2026-04-27,21919.0,-0.08970366570719335,0.08970366570719335,7.0,17,-1.8469088512769534,False,0.2047205739084226,3,0.6688040098483194,9.456731590010083,0,False,-0.07200762746449334,471,automation_change_abs,3.218602650007227
2026-05-11,Roblox,STATEMENT_CATEGORY_UNSAFE_AND_PROHIBITED_PRODUCTS,3506,2993,0,513,0,7,374,0,0,381,0.8536794067313177,0.0,0.1463205932686822,0.0,0.0019965772960638,0.1066742726754135,0.0,0.0,0.1086708499714774,True,2026-05-04,12793.0,-0.01984517702542432,0.01984517702542432,7.0,17,-0.2795073184345474,False,0.2111884695248564,3,0.6424909372064613,8.162516250140179,0,False,-0.09251405247440571,669,content_removed_rate,0.6123152046858831
2026-05-18,Roblox,STATEMENT_CATEGORY_UNSAFE_AND_PROHIBITED_PRODUCTS,1920,1591,0,329,0,6,299,0,0,305,0.8286458333333333,0.0,0.1713541666666666,0.0,0.003125,0.1557291666666666,0.0,0.0,0.1588541666666666,True,2026-05-11,3506.0,-0.0250335733979844,0.0250335733979844,7.0,17,-0.395918374281894,False,0.2142764941267587,3,0.6143693392065745,7.560601162768557,0,False,-0.07959957034384675,548,log1p_represented_sors,0.8063939089781248
2026-05-25,Roblox,STATEMENT_CATEGORY_UNSAFE_AND_PROHIBITED_PRODUCTS,2482,2036,0,446,0,3,429,0,0,432,0.8203062046736502,0.0,0.1796937953263497,0.0,0.0012087026591458,0.1728444802578565,0.0,0.0,0.1740531829170024,True,2026-05-18,1920.0,-0.008339628659683074,0.008339628659683074,7.0,17,-0.021359533033607908,False,0.2200661361241324,3,0.6002400685495178,7.817222785508166,0,False,-0.08606048885574154,617,log1p_represented_sors,0.7190988976259177
2026-06-01,Roblox,STATEMENT_CATEGORY_UNSAFE_AND_PROHIBITED_PRODUCTS,1906,1578,0,328,0,8,381,0,0,389,0.8279118572927597,0.0,0.1720881427072403,0.0,0.0041972717733473,0.1998950682056663,0.0,0.0,0.2040923399790136,True,2026-05-25,2482.0,0.007605652619109504,0.007605652619109504,7.0,17,0.33640168954069527,False,0.2109114811568799,3,0.6170003761358798,7.553286605600419,0,False,-0.07677416301641442,510,log1p_represented_sors,0.8088821028575506
2026-06-08,Roblox,STATEMENT_CATEGORY_UNSAFE_AND_PROHIBITED_PRODUCTS,1756,1395,0,361,0,2,314,0,0,316,0.7944191343963554,0.0,0.2055808656036446,0.0,0.0011389521640091,0.1788154897494305,0.0,0.0,0.1799544419134396,True,2026-06-01,1906.0,-0.03349272289640437,0.03349272289640437,7.0,17,-0.5857146916738376,False,0.2682079379927836,3,0.5262111964035718,7.471363088187097,0,False,-0.07875474410119412,535,automation_change_abs,1.0885100059572819
2026-06-15,Roblox,STATEMENT_CATEGORY_UNSAFE_AND_PROHIBITED_PRODUCTS,1613,1299,0,314,0,14,302,0,0,316,0.8053316800991941,0.0,0.1946683199008059,0.0,0.0086794792312461,0.1872287662740235,0.0,0.0,0.1959082455052697,True,2026-06-08,1756.0,0.010912545702838727,0.010912545702838727,7.0,17,0.4105978163993029,False,0.3900462387510565,3,0.4152854413481376,7.3864708488298945,0,False,-0.07716922200095902,518,log1p_represented_sors,0.8656278409038959
2026-06-22,Roblox,STATEMENT_CATEGORY_UNSAFE_AND_PROHIBITED_PRODUCTS,1446,1234,0,212,0,5,265,0,0,270,0.8533886583679114,0.0,0.1466113416320885,0.0,0.0034578146611341,0.1832641770401106,0.0,0.0,0.1867219917012448,True,2026-06-15,1613.0,0.048056978268717354,0.048056978268717354,7.0,17,1.2440003368221828,False,0.392767346065372,3,0.46062131230253944,7.277247726631484,0,False,-0.06664388882205688,433,automation_change_abs,1.6404170134425622
2026-06-29,Roblox,STATEMENT_CATEGORY_UNSAFE_AND_PROHIBITED_PRODUCTS,1433,1286,0,147,0,11,289,0,0,300,0.8974180041870202,0.0,0.1025819958129797,0.0,0.0076762037683182,0.2016748080949058,0.0,0.0,0.209351011863224,True,2026-06-22,1446.0,0.04402934581910878,0.04402934581910878,7.0,17,1.1536331188309672,False,0.406134435501414,3,0.49128356868560624,7.2682230211595655,0,False,-0.05974065634104595,371,automation_change_abs,1.487791388878204
2026-07-06,Roblox,STATEMENT_CATEGORY_UNSAFE_AND_PROHIBITED_PRODUCTS,1681,1425,0,256,95,6,287,0,0,293,0.8477096966091612,0.0,0.1522903033908388,0.056513979773944,0.0035693039857227,0.1707317073170731,0.0,0.0,0.1743010113027959,True,2026-06-29,1433.0,-0.049708307577859046,0.049708307577859046,7.0,17,-0.9495406599313044,False,0.2997876857749469,3,0.5479220108342142,7.427738840532894,0,False,-0.05218868930877778,298,automation_change_abs,1.7029935196959258
2026-07-13,Roblox,STATEMENT_CATEGORY_UNSAFE_AND_PROHIBITED_PRODUCTS,1705,1304,0,401,68,2,302,0,0,304,0.7648093841642228,0.0,0.2351906158357771,0.039882697947214,0.0011730205278592,0.1771260997067448,0.0,0.0,0.1782991202346041,True,2026-07-06,1681.0,-0.08290031244493834,0.08290031244493834,7.0,17,-1.6942633169553705,False,0.3636902410114579,3,0.4011191431527649,7.441906728051625,0,False,-0.04248880990229552,222,automation_change_abs,2.9607921239040946
2026-07-20,Roblox,STATEMENT_CATEGORY_UNSAFE_AND_PROHIBITED_PRODUCTS,9215,8671,0,544,7446,14,387,0,0,401,0.940965816603364,0.0,0.0590341833966359,0.8080303852414541,0.0015192620727075,0.0419967444384156,0.0,0.0,0.0435160065111231,True,2026-07-13,1705.0,0.17615643243914114,0.17615643243914114,7.0,17,4.118143259347161,True,0.3091961555264307,3,0.6317696610769332,9.128696382935672,0,False,-0.0053033571603199325,68,automation_change_abs,6.494697895257981
2026-07-27,Roblox,STATEMENT_CATEGORY_UNSAFE_AND_PROHIBITED_PRODUCTS,9530,8897,0,633,7642,11,287,0,0,298,0.9335781741867786,0.0,0.0664218258132214,0.8018887722980063,0.0011542497376705,0.030115424973767,0.0,0.0,0.0312696747114375,True,2026-07-20,9215.0,-0.007387642416585405,0.007387642416585405,7.0,17,0.0,False,0.3136749794464237,3,0.6199031947403548,9.162304922937626,0,False,-0.08794502496710946,631,fully_automated_rate,0.6401744992433821
2026-08-03,Roblox,STATEMENT_CATEGORY_UNSAFE_AND_PROHIBITED_PRODUCTS,31192,30648,0,544,29489,44,315,0,0,359,0.982559630674532,0.0,0.017440369325468,0.9454026673506029,0.0014106181072069,0.0100987432675044,0.0,0.0,0.0115093613747114,True,2026-07-27,9530.0,0.04898145648775343,0.04898145648775343,7.0,17,1.2647426775876325,False,0.351053503111974,3,0.631506127562558,10.347948989650975,0,False,-0.07039153155842931,455,automation_change_abs,1.6754497696192683
2026-08-10,Roblox,STATEMENT_CATEGORY_UNSAFE_AND_PROHIBITED_PRODUCTS,11022,10417,0,605,9343,8,302,0,0,310,0.9451097804391216,0.0,0.0548902195608782,0.8476682997641082,0.0007258210851025,0.0273997459626202,0.0,0.0,0.0281255670477227,True,2026-08-03,31192.0,-0.037449850235410365,0.037449850235410365,7.0,17,-0.6745,False,0.3304290646062798,3,0.6146807158328418,9.307739277963316,0,False,-0.07704719990652949,515,automation_change_abs,1.2384638657379037
2026-08-17,Roblox,STATEMENT_CATEGORY_UNSAFE_AND_PROHIBITED_PRODUCTS,30418,29835,0,583,28594,10,310,0,0,320,0.9808337168781642,0.0,0.0191662831218357,0.9400355052929188,0.0003287527122098,0.0101913340785061,0.0,0.0,0.010520086790716,True,2026-08-10,11022.0,0.03572393643904259,0.03572393643904259,7.0,17,0.9672862390337132,False,0.3525434642627173,3,0.6282902526154469,10.322822692163156,0,False,-0.07931035567154379,544,automation_change_abs,1.173061008250132
2026-08-24,Roblox,STATEMENT_CATEGORY_UNSAFE_AND_PROHIBITED_PRODUCTS,53334,52597,0,737,51570,14,307,0,0,321,0.986181422732216,0.0,0.0138185772677841,0.966925413432332,0.000262496718791,0.0057561780477744,0.0,0.0,0.0060186747665654,True,2026-08-17,30418.0,0.005347705854051754,0.005347705854051754,7.0,17,0.2857405703637545,False,0.3573162657250055,3,0.6288651570072105,10.884348055059583,0,False,-0.09098448165394774,648,fully_automated_rate,0.6999339948022492
2026-03-09,Roblox,STATEMENT_CATEGORY_VIOLENCE,1045,346,0,699,0,577,438,0,0,1015,0.3311004784688995,0.0,0.6688995215311004,0.0,0.5521531100478468,0.4191387559808612,0.0,0.0,0.971291866028708,True,2026-03-02,2315.0,0.1414676490952494,0.1414676490952494,7.0,20,1.6913955643989274,False,0.3634794975886483,4,0.032379019119748775,6.952728644624869,10,True,0.0824246541606652,6,automation_change_abs,5.18017943075566
2026-03-16,Roblox,STATEMENT_CATEGORY_VIOLENCE,1579,1092,0,487,0,1200,357,0,0,1557,0.6915769474350855,0.0,0.3084230525649145,0.0,0.759974667511083,0.2260924635845471,0.0,0.0,0.9860671310956302,True,2026-03-09,1045.0,0.36047646896618596,0.36047646896618596,7.0,20,4.660606964814441,True,0.3717888211786006,4,0.31978812625648484,7.365180126021013,10,True,0.0880156642461422,5,automation_change_abs,13.479436708105595
2026-04-27,Roblox,STATEMENT_CATEGORY_VIOLENCE,37036,35020,0,2016,0,50,504,0,0,554,0.945566475861324,0.0,0.0544335241386758,0.0,0.0013500378010584,0.0136083810346689,0.0,0.0,0.0149584188357274,True,2026-04-20,1143.0,0.04705378994706333,0.04705378994706333,7.0,20,0.41137995998070404,False,0.31039775342007275,4,0.6351687224412512,10.519672691959444,0,False,-0.0920339919441631,664,automation_change_abs,1.6024015673799514
2026-05-04,Roblox,STATEMENT_CATEGORY_VIOLENCE,19995,17294,0,2701,0,96,1400,0,0,1496,0.8649162290572643,0.0,0.1350837709427357,0.0,0.004801200300075,0.070017504376094,0.0,0.0,0.074818704676169,True,2026-04-27,37036.0,-0.08065024680405974,0.08065024680405974,7.0,20,-1.3199671246890823,False,0.3671650569795809,4,0.4977511720776834,9.903287532533462,0,False,-0.07399773290238283,490,automation_change_abs,2.8755267284027566
2026-05-11,Roblox,STATEMENT_CATEGORY_VIOLENCE,5214,4495,0,719,0,200,1610,0,0,1810,0.862102032988109,0.0,0.137897967011891,0.0,0.0383582662063674,0.3087840429612581,0.0,0.0,0.3471423091676256,True,2026-05-04,19995.0,-0.002814196069155339,0.002814196069155339,7.0,20,-0.26470510674115566,False,0.35701189700130376,4,0.5050901359868052,8.559294367434873,0,False,-0.08467137360640957,596,account_or_service_restriction_rate,0.9784426992259045
2026-05-18,Roblox,STATEMENT_CATEGORY_VIOLENCE,5793,4784,0,1009,0,993,1691,0,0,2684,0.8258242706715001,0.0,0.1741757293284999,0.0,0.1714137752459865,0.2919040220956326,0.0,0.0,0.4633177973416192,True,2026-05-11,5214.0,-0.03627776231660884,0.03627776231660884,7.0,20,-0.7183873030063679,False,0.34435506177392583,4,0.4814692088975743,8.664578178329295,0,False,-0.07620033378800208,505,account_or_service_restriction_rate,1.3350845842402828
2026-05-25,Roblox,STATEMENT_CATEGORY_VIOLENCE,9551,8858,0,693,0,2291,2867,0,0,5158,0.9274421526541724,0.0,0.0725578473458276,0.0,0.2398701706627578,0.3001779918333159,0.0,0.0,0.5400481624960737,True,2026-05-18,5793.0,0.1016178819826723,0.1016178819826723,7.0,20,1.151132469587059,False,0.4048141405225152,4,0.5226280121316572,9.164505835632383,0,False,-0.03140135500403003,154,automation_change_abs,3.670087417545173
2026-06-01,Roblox,STATEMENT_CATEGORY_VIOLENCE,4485,4002,0,483,0,356,2185,0,0,2541,0.8923076923076924,0.0,0.1076923076923077,0.0,0.0793756967670011,0.4871794871794871,0.0,0.0,0.5665551839464883,True,2026-05-25,9551.0,-0.035134460346480045,0.035134460346480045,7.0,20,-0.7028869900700009,False,0.37133377305612597,4,0.5209739192515663,8.408716715080153,0,False,-0.06389250495579359,416,account_or_service_restriction_rate,1.6520083754928396
2026-06-08,Roblox,STATEMENT_CATEGORY_VIOLENCE,4125,3687,0,438,0,52,2495,0,0,2547,0.8938181818181818,0.0,0.1061818181818181,0.0,0.0126060606060606,0.6048484848484849,0.0,0.0,0.6174545454545455,True,2026-06-01,4485.0,0.0015104895104894878,0.0015104895104894878,7.0,20,-0.2060731953237925,False,0.4102906306829741,4,0.48352755113520773,8.325063693631197,0,False,-0.06167298117340401,390,account_or_service_restriction_rate,1.8082620269263905
2026-06-15,Roblox,STATEMENT_CATEGORY_VIOLENCE,6005,5559,0,446,0,263,3943,0,0,4206,0.925728559533722,0.0,0.0742714404662781,0.0,0.0437968359700249,0.6566194837635304,0.0,0.0,0.7004163197335553,True,2026-06-08,4125.0,0.03191037771554017,0.03191037771554017,7.0,20,0.2060731953237925,False,0.4189621540684157,4,0.5067664054653063,8.700514248543275,0,False,-0.05357007739335416,309,account_or_service_restriction_rate,2.0629426314846486
2026-06-22,Roblox,STATEMENT_CATEGORY_VIOLENCE,4138,3817,0,321,0,146,2357,0,0,2503,0.9224262928951183,0.0,0.0775737071048815,0.0,0.0352827452875785,0.569598840019333,0.0,0.0,0.6048815853069116,True,2026-06-15,6005.0,-0.003302266638603668,0.003302266638603668,7.0,20,-0.27132212198221894,False,0.39251427216877705,4,0.5299120207263412,8.328209491748732,0,False,-0.06181574639482418,392,account_or_service_restriction_rate,1.7696648643257296
2026-06-29,Roblox,STATEMENT_CATEGORY_VIOLENCE,4236,3358,0,878,0,321,1473,0,0,1794,0.7927289896128423,0.0,0.2072710103871577,0.0,0.0757790368271954,0.3477337110481586,0.0,0.0,0.4235127478753541,True,2026-06-22,4138.0,-0.12969730328227602,0.12969730328227602,7.0,20,-1.9849224417295777,False,0.3836373703084542,4,0.40909161930438814,8.351610750626559,0,False,-0.031665822784309905,157,automation_change_abs,4.734146580558983
2026-07-06,Roblox,STATEMENT_CATEGORY_VIOLENCE,5481,4634,0,847,56,207,999,0,0,1206,0.8454661558109834,0.0,0.1545338441890166,0.0102171136653895,0.0377668308702791,0.1822660098522167,0.0,0.0,0.2200328407224959,True,2026-06-29,4236.0,0.05273716619814106,0.05273716619814106,7.0,20,0.4884323159885371,False,0.41117999272864886,4,0.43428616308233453,8.60922527686273,0,False,-0.07377846455441668,486,automation_change_abs,1.8177709837325484
2026-07-13,Roblox,STATEMENT_CATEGORY_VIOLENCE,7486,6806,0,680,65,150,1401,0,0,1551,0.9091637723751002,0.0,0.0908362276248998,0.0086828746994389,0.0200374031525514,0.1871493454448303,0.0,0.0,0.2071867485973818,True,2026-07-06,5481.0,0.06369761656411677,0.06369761656411677,7.0,20,0.6370285880451685,False,0.42025289536213306,4,0.4889108770129671,8.920923462230686,0,False,-0.06524944618788955,422,automation_change_abs,2.2331131490227962
2026-07-20,Roblox,STATEMENT_CATEGORY_VIOLENCE,12483,7541,0,4942,1850,1107,1854,0,0,2961,0.604101578146279,0.0,0.395898421853721,0.1482015541135944,0.0886806056236481,0.1485219899062725,0.0,0.0,0.2372025955299206,True,2026-07-13,7486.0,-0.3050621942288212,0.3050621942288212,7.0,20,-4.36243141026315,True,0.41361108616660347,4,0.1904904919796755,9.43220310339067,10,True,0.06060553955896475,12,automation_change_abs,11.37953350259011
2026-07-27,Roblox,STATEMENT_CATEGORY_VIOLENCE,5314,4633,0,681,1763,45,491,0,0,536,0.8718479488144524,0.0,0.1281520511855476,0.3317651486639066,0.008468197214904,0.0923974407226194,0.0,0.0,0.1008656379375235,True,2026-07-20,12483.0,0.2677463706681734,0.2677463706681734,7.0,20,3.4034189429330985,False,0.40668761025522504,4,0.46516033855922734,8.57828829077605,1,False,0.026660544243724472,26,automation_change_abs,9.965464332094983
2026-08-03,Roblox,STATEMENT_CATEGORY_VIOLENCE,7310,6079,0,1231,2527,146,612,0,0,758,0.8316005471956225,0.0,0.1683994528043775,0.3456908344733242,0.0199726402188782,0.0837209302325581,0.0,0.0,0.1036935704514363,True,2026-07-27,5314.0,-0.04024740161882989,0.04024740161882989,7.0,20,-0.77220567561181,False,0.4216767592113595,4,0.409923787984263,8.897135342293316,0,False,-0.08213472165875443,570,automation_change_abs,1.3444760285872683
2026-08-10,Roblox,STATEMENT_CATEGORY_VIOLENCE,12449,11011,0,1438,7640,288,975,0,0,1263,0.8844887139529279,0.0,0.115511286047072,0.6137039119608001,0.0231343883042814,0.0783195437384528,0.0,0.0,0.1014539320427343,True,2026-08-03,7310.0,0.052888166757305455,0.052888166757305455,7.0,20,0.4904795056040249,False,0.43068631464046936,4,0.4538023993124586,9.429475901892854,0,False,-0.07772602012917851,522,automation_change_abs,1.8234930934186675
2026-08-17,Roblox,STATEMENT_CATEGORY_VIOLENCE,13675,11790,0,1885,5946,1133,844,0,0,1977,0.8621572212065813,0.0,0.1378427787934186,0.4348080438756855,0.0828519195612431,0.0617184643510054,0.0,0.0,0.1445703839122486,True,2026-08-10,12449.0,-0.022331492746346604,0.022331492746346604,7.0,20,-0.5293107962899102,False,0.4322238154876929,4,0.42993340571888844,9.523397750759193,0,False,-0.08813539763156837,634,automation_change_abs,0.6655593658797184
2026-08-24,Roblox,STATEMENT_CATEGORY_VIOLENCE,27887,25838,0,2049,19153,2085,843,0,0,2928,0.9265249040771686,0.0,0.0734750959228314,0.6868074730161007,0.0747660200093233,0.0302291390253523,0.0,0.0,0.1049951590346756,True,2026-08-17,13675.0,0.06436768287058725,0.06436768287058725,7.0,20,0.6461130099299991,False,0.4010633618052361,4,0.5254615422719324,10.235951767759802,0,False,-0.07071293986350567,459,automation_change_abs,2.2585050609720927
2026-03-09,Snapchat,STATEMENT_CATEGORY_CYBER_VIOLENCE,13199,855,0,12344,12195,0,1004,0,0,1004,0.0647776346692931,0.0,0.9352223653307068,0.9239336313357072,0.0,0.0760663686642927,0.0,0.0,0.0760663686642927,True,2026-03-02,11716.0,-0.010162617976661112,0.010162617976661112,7.0,25,-1.4711259326491763,False,0.4063286331481745,2,0.34155099847888143,9.487972108574462,0,False,-0.10350739205318968,803,weekly_peer_divergence_abs,0.5944231321938682
2026-03-16,Snapchat,STATEMENT_CATEGORY_CYBER_VIOLENCE,12390,879,0,11511,11429,0,961,0,0,961,0.0709443099273607,0.0,0.9290556900726392,0.9224374495560936,0.0,0.0775625504439063,0.0,0.0,0.0775625504439063,True,2026-03-09,13199.0,0.006166675258067605,0.006166675258067605,7.0,25,0.7053795090126348,False,0.40855431993156544,2,0.33761001000420476,9.424725681616493,0,False,-0.11113767257843712,890,weekly_peer_divergence_abs,0.6029287749741526
2026-03-23,Snapchat,STATEMENT_CATEGORY_CYBER_VIOLENCE,12766,873,0,11893,11824,0,942,0,0,942,0.0683847720507598,0.0,0.93161522794924,0.9262102459658468,0.0,0.0737897540341532,0.0,0.0,0.0737897540341532,True,2026-03-16,12390.0,-0.0025595378766009036,0.0025595378766009036,7.0,25,-0.45772351692321556,False,0.4001273217495506,2,0.3317425496987908,9.45461899582035,0,False,-0.11521221417088538,924,weekly_peer_divergence_abs,0.615592227736329
2026-03-30,Snapchat,STATEMENT_CATEGORY_CYBER_VIOLENCE,12598,883,0,11715,11681,0,917,0,0,917,0.0700904905540562,0.0,0.9299095094459436,0.9272106683600572,0.0,0.0727893316399428,0.0,0.0,0.0727893316399428,True,2026-03-23,12766.0,0.0017057185032963995,0.0017057185032963995,7.0,25,0.11078570068245779,False,0.4112874105227384,2,0.3411969199686822,9.44137272471063,0,False,-0.11561783899718733,927,weekly_peer_divergence_abs,0.5951873225342567
2026-04-06,Snapchat,STATEMENT_CATEGORY_CYBER_VIOLENCE,11141,847,0,10294,10185,0,956,0,0,956,0.0760254914280585,0.0,0.9239745085719416,0.914190826676241,0.0,0.085809173323759,0.0,0.0,0.085809173323759,True,2026-03-30,12598.0,0.005935000874002311,0.005935000874002311,7.0,25,0.6745,False,0.4107697014729665,2,0.33474421004490795,9.31847703058076,0,False,-0.11325396510812932,913,weekly_peer_divergence_abs,0.6091138909393883
2026-04-13,Snapchat,STATEMENT_CATEGORY_CYBER_VIOLENCE,11385,926,0,10459,10362,0,1023,0,0,1023,0.0813350900307422,0.0,0.9186649099692578,0.910144927536232,0.0,0.0898550724637681,0.0,0.0,0.0898550724637681,True,2026-04-06,11141.0,0.005309598602683693,0.005309598602683693,7.0,25,0.5911411290932249,False,0.41403366867195796,2,0.33269857864121577,9.340139809511028,0,False,-0.11307147218374584,911,weekly_peer_divergence_abs,0.6135288772027939
2026-04-20,Snapchat,STATEMENT_CATEGORY_CYBER_VIOLENCE,10822,849,0,9973,9863,0,959,0,0,959,0.0784513029014969,0.0,0.9215486970985032,0.9113842173350584,0.0,0.0886157826649417,0.0,0.0,0.0886157826649417,True,2026-04-13,11385.0,-0.002883787129245294,0.002883787129245294,7.0,25,-0.500942182464377,False,0.4130020147750168,2,0.3345507118735199,9.289428778295147,0,False,-0.11644069392344263,933,weekly_peer_divergence_abs,0.6095315085840579
2026-04-27,Snapchat,STATEMENT_CATEGORY_CYBER_VIOLENCE,10900,907,0,9993,9860,0,1040,0,0,1040,0.0832110091743119,0.0,0.916788990825688,0.9045871559633027,0.0,0.0954128440366972,0.0,0.0,0.0954128440366972,True,2026-04-20,10822.0,0.004759706272814995,0.004759706272814995,7.0,25,0.517846857805237,False,0.4190320192070366,2,0.3358210100327247,9.296609807128359,0,False,-0.11272733128928522,905,weekly_peer_divergence_abs,0.6067898861621515
2026-05-04,Snapchat,STATEMENT_CATEGORY_CYBER_VIOLENCE,10702,872,0,9830,9720,0,982,0,0,982,0.0814800971780975,0.0,0.9185199028219024,0.908241450196225,0.0,0.091758549803775,0.0,0.0,0.091758549803775,True,2026-04-27,10900.0,-0.0017309119962144043,0.0017309119962144043,7.0,25,-0.34727729540963714,False,0.41249797823424755,2,0.33101788105615004,9.278279354984376,0,False,-0.11636439565991655,932,weekly_peer_divergence_abs,0.6171562446442651
2026-05-11,Snapchat,STATEMENT_CATEGORY_CYBER_VIOLENCE,11255,885,0,10370,10302,0,953,0,0,953,0.0786317192358951,0.0,0.9213682807641048,0.9153265215459796,0.0,0.0846734784540204,0.0,0.0,0.0846734784540204,True,2026-05-04,10702.0,-0.0028483779422023986,0.0028483779422023986,7.0,25,-0.496222548419238,False,0.40766200016765863,2,0.32903028093176356,9.328656598794225,0,False,-0.11540665054145664,926,weekly_peer_divergence_abs,0.6214459848342482
2026-05-18,Snapchat,STATEMENT_CATEGORY_CYBER_VIOLENCE,10596,887,0,9709,9635,0,961,0,0,961,0.0837108342770857,0.0,0.9162891657229144,0.9093053982634955,0.0,0.0906946017365043,0.0,0.0,0.0906946017365043,True,2026-05-11,11255.0,0.005079115041190602,0.005079115041190602,7.0,25,0.5604203429212664,False,0.4072422869880718,2,0.3235314527109861,9.268326221174837,0,False,-0.1128358361071123,906,weekly_peer_divergence_abs,0.6333138369877405
2026-05-25,Snapchat,STATEMENT_CATEGORY_CYBER_VIOLENCE,13844,1171,0,12673,12690,0,1154,0,0,1154,0.0845853799479919,0.0,0.915414620052008,0.916642588847154,0.0,0.0833574111528459,0.0,0.0,0.0833574111528459,True,2026-05-18,10596.0,0.0008745456709061961,0.0008745456709061961,7.0,25,0.0,False,0.41102310930732655,2,0.3264377293593347,9.535679435605061,0,False,-0.11383666256554573,915,weekly_peer_divergence_abs,0.6270413621631183
2026-06-01,Snapchat,STATEMENT_CATEGORY_CYBER_VIOLENCE,13367,1023,0,12344,12379,0,988,0,0,988,0.0765317573127852,0.0,0.9234682426872148,0.9260866312560784,0.0,0.0739133687439216,0.0,0.0,0.0739133687439216,True,2026-05-25,13844.0,-0.00805362263520669,0.00805362263520669,7.0,25,-1.1900213085156248,False,0.4024128530827678,2,0.3258810957699826,9.50061907027523,0,False,-0.10525925820034424,828,weekly_peer_divergence_abs,0.6282427172294828
2026-06-08,Snapchat,STATEMENT_CATEGORY_CYBER_VIOLENCE,10986,972,0,10014,10013,0,973,0,0,973,0.0884762424904423,0.0,0.9115237575095576,0.9114327325687238,0.0,0.0885672674312761,0.0,0.0,0.0885672674312761,True,2026-06-01,13367.0,0.011944485177657088,0.011944485177657088,7.0,25,1.475494574625456,False,0.40117443733061,2,0.3126981948401677,9.30446803470088,0,False,-0.10006239804883514,755,weekly_peer_divergence_abs,0.656694727895686
2026-06-15,Snapchat,STATEMENT_CATEGORY_CYBER_VIOLENCE,10812,978,0,9834,9790,0,1022,0,0,1022,0.0904550499445061,0.0,0.909544950055494,0.9054753977062524,0.0,0.0945246022937476,0.0,0.0,0.0945246022937476,True,2026-06-08,10986.0,0.0019788074540637995,0.0019788074540637995,7.0,25,0.14718529121334797,False,0.40655970755483345,2,0.31610465761032736,9.288504392945537,0,False,-0.11270954496197312,904,weekly_peer_divergence_abs,0.6493427258146108
2026-06-22,Snapchat,STATEMENT_CATEGORY_CYBER_VIOLENCE,10309,1042,0,9267,9223,0,1086,0,0,1086,0.1010767290716849,0.0,0.898923270928315,0.8946551556892036,0.0,0.1053448443107964,0.0,0.0,0.1053448443107964,True,2026-06-15,10812.0,0.010621679127178804,0.010621679127178804,7.0,25,1.2991798667110943,False,0.4073895598127532,2,0.3063128307410683,9.240869577011006,0,False,-0.09716794910954522,722,weekly_peer_divergence_abs,0.6704759470994411
2026-06-29,Snapchat,STATEMENT_CATEGORY_CYBER_VIOLENCE,10113,983,0,9130,8984,0,1129,0,0,1129,0.0972016216750717,0.0,0.9027983783249284,0.8883615148818352,0.0,0.1116384851181647,0.0,0.0,0.1116384851181647,True,2026-06-22,10309.0,-0.0038751073966132032,0.0038751073966132032,7.0,25,-0.6330736792377425,False,0.4045179978098838,2,0.3073163761348121,9.221675881639928,0,False,-0.10551127508542632,831,weekly_peer_divergence_abs,0.6683100441317383
2026-07-06,Snapchat,STATEMENT_CATEGORY_CYBER_VIOLENCE,12653,2440,0,10213,11482,0,1171,0,0,1171,0.192839642772465,0.0,0.807160357227535,0.9074527779973128,0.0,0.0925472220026871,0.0,0.0,0.0925472220026871,True,2026-06-29,10113.0,0.09563802109739329,0.09563802109739329,7.0,25,12.630872443265364,False,0.40588702723722253,2,0.21304738446475754,9.44572864970683,0,False,-0.022501333478797302,119,automation_change_abs,3.443482826922118
2026-07-13,Snapchat,STATEMENT_CATEGORY_CYBER_VIOLENCE,9036,986,0,8050,7842,0,1194,0,0,1194,0.1091190792386011,0.0,0.8908809207613988,0.8678618857901726,0.0,0.1321381142098273,0.0,0.0,0.1321381142098273,True,2026-07-06,12653.0,-0.08372056353386388,0.08372056353386388,7.0,25,-11.275547133330422,False,0.41513678012636035,2,0.30601770088775926,9.109082539901955,0,False,-0.03831282156795276,192,automation_change_abs,2.991875231986368
2026-07-20,Snapchat,STATEMENT_CATEGORY_CYBER_VIOLENCE,8407,843,0,7564,7199,0,1208,0,0,1208,0.1002735815391935,0.0,0.8997264184608065,0.8563102176757464,0.0,0.1436897823242535,0.0,0.0,0.1436897823242535,True,2026-07-13,9036.0,-0.008845497699407609,0.008845497699407609,7.0,25,-1.2955690723762223,False,0.40988670576564973,2,0.30961312422645626,9.036938912556787,0,False,-0.0898844012233193,643,weekly_peer_divergence_abs,0.6633530849958891
2026-07-27,Snapchat,STATEMENT_CATEGORY_CYBER_VIOLENCE,7837,750,0,7087,6669,0,1168,0,0,1168,0.0956998851601378,0.0,0.9043001148398622,0.8509633788439454,0.0,0.1490366211560546,0.0,0.0,0.1490366211560546,True,2026-07-20,8407.0,-0.004573696379055692,0.004573696379055692,7.0,25,-0.7261874900998894,False,0.40607638250119577,2,0.310376497341058,8.966738978759576,0,False,-0.09351343803149978,683,weekly_peer_divergence_abs,0.6617055341180834
2026-08-03,Snapchat,STATEMENT_CATEGORY_CYBER_VIOLENCE,8242,772,0,7470,7072,0,1170,0,0,1170,0.0936665857801504,0.0,0.9063334142198496,0.8580441640378549,0.0,0.1419558359621451,0.0,0.0,0.1419558359621451,True,2026-07-27,7837.0,-0.002033299379987405,0.002033299379987405,7.0,25,-0.38758202732982105,False,0.40561429336188437,2,0.31194770758173396,9.017119634313227,0,False,-0.09765205825084075,726,weekly_peer_divergence_abs,0.6583144678600146
2026-08-10,Snapchat,STATEMENT_CATEGORY_CYBER_VIOLENCE,7599,782,0,6817,6441,0,1158,0,0,1158,0.1029082774049217,0.0,0.8970917225950783,0.8476115278326095,0.0,0.1523884721673904,0.0,0.0,0.1523884721673904,True,2026-08-03,8242.0,0.0092416916247713,0.0092416916247713,7.0,25,1.1152435343028215,False,0.3968455673493796,2,0.2939372899444579,8.935903526274423,0,False,-0.0850067733839486,602,weekly_peer_divergence_abs,0.6971854718557753
2026-08-17,Snapchat,STATEMENT_CATEGORY_CYBER_VIOLENCE,8725,844,0,7881,7460,0,1265,0,0,1265,0.0967335243553008,0.0,0.9032664756446992,0.8550143266475645,0.0,0.1449856733524355,0.0,0.0,0.1449856733524355,True,2026-08-10,7599.0,-0.006174753049620896,0.006174753049620896,7.0,25,-0.9395897792132307,False,0.3861451535890498,2,0.289411629233749,9.074062353683555,0,False,-0.09149567005471583,658,weekly_peer_divergence_abs,0.70695298414296
2026-08-24,Snapchat,STATEMENT_CATEGORY_CYBER_VIOLENCE,8085,834,0,7251,6879,0,1206,0,0,1206,0.1031539888682745,0.0,0.8968460111317255,0.850834879406308,0.0,0.149165120593692,0.0,0.0,0.149165120593692,True,2026-08-17,8725.0,0.006420464512973692,0.006420464512973692,7.0,25,0.7392066738750809,False,0.4724023925497816,2,0.36924840368150713,8.997889450200717,0,False,-0.09358386760461285,684,weekly_peer_divergence_abs,0.5346451764581177
2026-03-09,Snapchat,STATEMENT_CATEGORY_ILLEGAL_OR_HARMFUL_SPEECH,2170,37,0,2133,2123,0,47,0,0,47,0.0170506912442396,0.0,0.9829493087557604,0.9783410138248848,0.0,0.0216589861751152,0.0,0.0,0.0216589861751152,True,2026-03-02,2017.0,-0.0017891699357306008,0.0017891699357306008,7.0,25,-0.5557774240922009,False,0.6169394054716901,3,0.5998887142274505,7.682943169878292,0,False,-0.12750897760578933,993,log1p_represented_sors,0.7647768122366986
2026-03-16,Snapchat,STATEMENT_CATEGORY_ILLEGAL_OR_HARMFUL_SPEECH,2239,27,0,2212,2197,0,42,0,0,42,0.0120589548905761,0.0,0.9879410451094238,0.9812416257257704,0.0,0.0187583742742295,0.0,0.0,0.0187583742742295,True,2026-03-09,2170.0,-0.004991736353663501,0.004991736353663501,7.0,25,-1.4947962015598049,False,0.7299969377488079,3,0.7179379828582318,7.7142311448490855,0,False,-0.12806325045546121,996,log1p_represented_sors,0.7541335776522364
2026-03-23,Snapchat,STATEMENT_CATEGORY_ILLEGAL_OR_HARMFUL_SPEECH,2143,31,0,2112,2108,0,35,0,0,35,0.0144657022865142,0.0,0.9855342977134858,0.9836677554829678,0.0,0.0163322445170321,0.0,0.0,0.0163322445170321,True,2026-03-16,2239.0,0.0024067473959381008,0.0024067473959381008,7.0,25,0.6745,False,0.7085153811859117,3,0.6940496788993975,7.670428522190693,0,False,-0.1318130030758186,1018,log1p_represented_sors,0.7690339215959763
2026-03-30,Snapchat,STATEMENT_CATEGORY_ILLEGAL_OR_HARMFUL_SPEECH,2164,37,0,2127,2120,0,44,0,0,44,0.0170979667282809,0.0,0.982902033271719,0.9796672828096118,0.0,0.0203327171903881,0.0,0.0,0.0203327171903881,True,2026-03-23,2143.0,0.0026322644417667,0.0026322644417667,7.0,25,0.7406234500825,False,0.7648534165644856,3,0.7477554498362047,7.68017564043659,0,False,-0.1341800820957254,1027,log1p_represented_sors,0.7657182430929599
2026-04-06,Snapchat,STATEMENT_CATEGORY_ILLEGAL_OR_HARMFUL_SPEECH,2325,40,0,2285,2275,0,50,0,0,50,0.0172043010752688,0.0,0.9827956989247312,0.978494623655914,0.0,0.021505376344086,0.0,0.0,0.021505376344086,True,2026-03-30,2164.0,0.00010633434698789981,0.00010633434698789981,7.0,25,0.0,False,0.7937396351575456,3,0.7765353340822768,7.75190533307861,0,False,-0.1400113928255999,1054,log1p_represented_sors,0.7413179440588092
2026-04-13,Snapchat,STATEMENT_CATEGORY_ILLEGAL_OR_HARMFUL_SPEECH,2062,24,0,2038,2024,0,38,0,0,38,0.011639185257032,0.0,0.988360814742968,0.9815712900096992,0.0,0.0184287099903006,0.0,0.0,0.0184287099903006,True,2026-04-06,2325.0,-0.0055651158182368,0.0055651158182368,7.0,25,-1.66291576992653,False,0.7936366135239142,3,0.7819974282668822,7.631916513071252,0,False,-0.12667853364318699,989,log1p_represented_sors,0.78213455683235
2026-04-20,Snapchat,STATEMENT_CATEGORY_ILLEGAL_OR_HARMFUL_SPEECH,2325,27,0,2298,2293,0,32,0,0,32,0.0116129032258064,0.0,0.9883870967741936,0.9862365591397848,0.0,0.013763440860215,0.0,0.0,0.013763440860215,True,2026-04-13,2062.0,-2.628203122559923e-05,2.628203122559923e-05,7.0,25,-0.03888421131406193,False,0.7828169218489224,3,0.7712040186231159,7.75190533307861,0,False,-0.14186321865183832,1060,log1p_represented_sors,0.7413179440588092
2026-04-27,Snapchat,STATEMENT_CATEGORY_ILLEGAL_OR_HARMFUL_SPEECH,2196,33,0,2163,2146,0,50,0,0,50,0.0150273224043715,0.0,0.9849726775956285,0.977231329690346,0.0,0.0227686703096539,0.0,0.0,0.0227686703096539,True,2026-04-20,2325.0,0.0034144191785651003,0.0034144191785651003,7.0,25,0.9699576430054953,False,0.818611538632928,3,0.8035842162285565,7.69484807238461,0,False,-0.13491930565001664,1032,log1p_represented_sors,0.7607271199763919
2026-05-04,Snapchat,STATEMENT_CATEGORY_ILLEGAL_OR_HARMFUL_SPEECH,2091,30,0,2061,2051,0,40,0,0,40,0.0143472022955523,0.0,0.9856527977044476,0.9808703969392636,0.0,0.0191296030607364,0.0,0.0,0.0191296030607364,True,2026-04-27,2196.0,-0.0006801201088192012,0.0006801201088192012,7.0,25,-0.23059490585135045,False,0.8176454539253802,3,0.8032982516298279,7.645875825184813,0,False,-0.14030621777357716,1055,log1p_represented_sors,0.7773860157841982
2026-05-11,Snapchat,STATEMENT_CATEGORY_ILLEGAL_OR_HARMFUL_SPEECH,2349,28,0,2321,2308,0,41,0,0,41,0.0119199659429544,0.0,0.9880800340570456,0.9825457641549596,0.0,0.0174542358450404,0.0,0.0,0.0174542358450404,True,2026-05-04,2091.0,-0.0024272363525979,0.0024272363525979,7.0,25,-0.7428637381667086,False,0.7863411826770899,3,0.7744212167341354,7.762170607138205,0,False,-0.13837847029463043,1050,log1p_represented_sors,0.7378260044241077
2026-05-18,Snapchat,STATEMENT_CATEGORY_ILLEGAL_OR_HARMFUL_SPEECH,2286,32,0,2254,2240,0,46,0,0,46,0.0139982502187226,0.0,0.9860017497812772,0.9798775153105862,0.0,0.0201224846894138,0.0,0.0,0.0201224846894138,True,2026-05-11,2349.0,0.0020782842757681996,0.0020782842757681996,7.0,25,0.5781919153907153,False,0.7845029863481229,3,0.7705047361294003,7.734996194022781,0,False,-0.1389531391779239,1053,log1p_represented_sors,0.7470699281281035
2026-05-25,Snapchat,STATEMENT_CATEGORY_ILLEGAL_OR_HARMFUL_SPEECH,2768,34,0,2734,2725,0,43,0,0,43,0.0122832369942196,0.0,0.9877167630057804,0.9844653179190752,0.0,0.0155346820809248,0.0,0.0,0.0155346820809248,True,2026-05-18,2286.0,-0.0017150132245029991,0.0017150132245029991,7.0,25,-0.5340340672868464,False,0.807304442627419,3,0.7950212056331993,7.926241523170962,0,False,-0.1415040399073076,1059,log1p_represented_sors,0.6820139792146052
2026-06-01,Snapchat,STATEMENT_CATEGORY_ILLEGAL_OR_HARMFUL_SPEECH,2171,32,0,2139,2130,0,41,0,0,41,0.0147397512666973,0.0,0.9852602487333026,0.981114693689544,0.0,0.018885306310456,0.0,0.0,0.018885306310456,True,2026-05-25,2768.0,0.0024565142724777,0.0024565142724777,7.0,25,0.6890920569531104,False,0.8042707666026052,3,0.7895310153359079,7.683403681053826,0,False,-0.13820046070865336,1049,log1p_represented_sors,0.7646201600892025
2026-06-08,Snapchat,STATEMENT_CATEGORY_ILLEGAL_OR_HARMFUL_SPEECH,2401,38,0,2363,2354,0,47,0,0,47,0.0158267388588088,0.0,0.9841732611411912,0.9804248229904208,0.0,0.0195751770095793,0.0,0.0,0.0195751770095793,True,2026-06-01,2171.0,0.001086987592111498,0.001086987592111498,7.0,25,0.2875355858973768,False,0.7829587728685726,3,0.7671320340097638,7.784057002639929,0,False,-0.14036162375892877,1056,log1p_represented_sors,0.7303809063712421
2026-06-15,Snapchat,STATEMENT_CATEGORY_ILLEGAL_OR_HARMFUL_SPEECH,2182,62,0,2120,2114,0,68,0,0,68,0.0284142988084326,0.0,0.9715857011915674,0.9688359303391384,0.0,0.0311640696608615,0.0,0.0,0.0311640696608615,True,2026-06-08,2401.0,0.012587559949623801,0.012587559949623801,7.0,25,3.659597859097416,False,0.8597251683113529,3,0.8313108695029203,7.688455356549944,0,False,-0.10187624740800102,782,log1p_represented_sors,0.7629017309674729
2026-06-22,Snapchat,STATEMENT_CATEGORY_ILLEGAL_OR_HARMFUL_SPEECH,2232,43,0,2189,2180,0,52,0,0,52,0.0192652329749103,0.0,0.9807347670250895,0.9767025089605734,0.0,0.0232974910394265,0.0,0.0,0.0232974910394265,True,2026-06-15,2182.0,-0.009149065833522301,0.009149065833522301,7.0,25,-2.7137593505666437,False,0.8423358400465627,3,0.8230706070716524,7.711101251840158,0,False,-0.11597258628942005,930,log1p_represented_sors,0.7551982737710929
2026-06-29,Snapchat,STATEMENT_CATEGORY_ILLEGAL_OR_HARMFUL_SPEECH,2088,42,0,2046,2037,0,51,0,0,51,0.0201149425287356,0.0,0.9798850574712644,0.975574712643678,0.0,0.0244252873563218,0.0,0.0,0.0244252873563218,True,2026-06-22,2232.0,0.0008497095538253022,0.0008497095538253022,7.0,25,0.21796371622941627,False,0.8333464189544215,3,0.8132314764256859,7.644440761556566,0,False,-0.13456681827649059,1030,log1p_represented_sors,0.7778741815684436
2026-07-06,Snapchat,STATEMENT_CATEGORY_ILLEGAL_OR_HARMFUL_SPEECH,2143,40,0,2103,2103,0,40,0,0,40,0.0186654223051796,0.0,0.9813345776948204,0.9813345776948204,0.0,0.0186654223051796,0.0,0.0,0.0186654223051796,True,2026-06-29,2088.0,-0.0014495202235559994,0.0014495202235559994,7.0,25,-0.4561893388279844,False,0.8303417817912147,3,0.811676359486035,7.670428522190693,0,False,-0.13720135244002105,1047,log1p_represented_sors,0.7690339215959763
2026-07-13,Snapchat,STATEMENT_CATEGORY_ILLEGAL_OR_HARMFUL_SPEECH,2216,49,0,2167,2089,0,127,0,0,127,0.0221119133574007,0.0,0.9778880866425992,0.9426895306859204,0.0,0.0573104693140794,0.0,0.0,0.0573104693140794,True,2026-07-06,2143.0,0.0034464910522210984,0.0034464910522210984,7.0,25,0.9793613797782643,False,0.8020798919271842,3,0.7799679785697835,7.7039102096163115,0,False,-0.12817953833899134,997,log1p_represented_sors,0.7576444515555809
2026-07-20,Snapchat,STATEMENT_CATEGORY_ILLEGAL_OR_HARMFUL_SPEECH,1940,41,0,1899,1882,0,58,0,0,58,0.0211340206185567,0.0,0.9788659793814432,0.9701030927835051,0.0,0.0298969072164948,0.0,0.0,0.0298969072164948,True,2026-07-13,2216.0,-0.000977892738844001,0.000977892738844001,7.0,25,-0.3179042866790173,False,0.8119494054474629,3,0.7908153848289061,7.57095858316901,0,False,-0.13057903786243294,1011,log1p_represented_sors,0.8028706239104648
2026-07-27,Snapchat,STATEMENT_CATEGORY_ILLEGAL_OR_HARMFUL_SPEECH,1905,34,0,1871,1865,0,40,0,0,40,0.0178477690288713,0.0,0.9821522309711286,0.979002624671916,0.0,0.0209973753280839,0.0,0.0,0.0209973753280839,True,2026-07-20,1940.0,-0.003286251589685398,0.003286251589685398,7.0,25,-0.9947340610549963,False,0.8017280149603682,3,0.7838802459314969,7.552762084214147,0,False,-0.12899986352121348,1002,log1p_represented_sors,0.8090605293669001
2026-08-03,Snapchat,STATEMENT_CATEGORY_ILLEGAL_OR_HARMFUL_SPEECH,2096,43,0,2053,2041,0,55,0,0,55,0.0205152671755725,0.0,0.9794847328244276,0.9737595419847328,0.0,0.0262404580152671,0.0,0.0,0.0262404580152671,True,2026-07-27,1905.0,0.0026674981467012006,0.0026674981467012006,7.0,25,0.7509542617552845,False,0.7849786230268195,3,0.764463355851247,7.64826303090192,0,False,-0.13151819921350927,1017,log1p_represented_sors,0.7765739596996399
2026-08-10,Snapchat,STATEMENT_CATEGORY_ILLEGAL_OR_HARMFUL_SPEECH,1749,37,0,1712,1701,0,47,0,0,47,0.0211549456832475,0.0,0.9788450543167524,0.9725557461406518,0.0,0.0268724985706117,0.0,0.0,0.0268724985706117,True,2026-08-03,2096.0,0.0006396785076750004,0.0006396785076750004,7.0,25,0.1563808884441939,False,0.8291381150786818,3,0.8079831693954344,7.4673710669175595,0,False,-0.1267231590624832,990,log1p_represented_sors,0.8381080030158601
2026-08-17,Snapchat,STATEMENT_CATEGORY_ILLEGAL_OR_HARMFUL_SPEECH,1823,27,0,1796,1788,0,35,0,0,35,0.0148107515085024,0.0,0.9851892484914976,0.9808008776741636,0.0,0.0191991223258365,0.0,0.0,0.0191991223258365,True,2026-08-10,1749.0,-0.006344194174745101,0.006344194174745101,7.0,25,-1.8913479428811468,False,0.8654628082093307,3,0.8506520567008283,7.508787170634276,0,False,-0.11394741630264511,917,log1p_represented_sors,0.8240194815361891
2026-08-24,Snapchat,STATEMENT_CATEGORY_ILLEGAL_OR_HARMFUL_SPEECH,1751,29,0,1722,1713,0,38,0,0,38,0.0165619645916619,0.0,0.983438035408338,0.97829811536265,0.0,0.02170188463735,0.0,0.0,0.02170188463735,True,2026-08-17,1823.0,0.0017512130831594981,0.0017512130831594981,7.0,25,0.4822919553747327,False,0.8580503742178356,3,0.8414884096261737,7.468513271496337,0,False,-0.12594972354834694,988,log1p_represented_sors,0.837719459133211
2026-03-09,Snapchat,STATEMENT_CATEGORY_OTHER_VIOLATION_TC,58418,15178,0,43240,34797,0,7093,0,0,7093,0.2598171796364134,0.0,0.7401828203635865,0.5956554486630833,0.0,0.1214180560786059,0.0,0.0,0.1214180560786059,True,2026-03-02,55126.0,0.008393169187623395,0.008393169187623395,7.0,25,-0.05098878682231662,False,0.7977735416265743,6,0.537956361990161,10.975396458369689,0,False,-0.09998834209419863,753,log1p_represented_sors,0.3552174584218745
2026-03-16,Snapchat,STATEMENT_CATEGORY_OTHER_VIOLATION_TC,57432,15025,0,42407,32831,0,6486,0,0,6486,0.2616137345034127,0.0,0.7383862654965873,0.5716499512466917,0.0,0.1129335562055996,0.0,0.0,0.1129335562055996,True,2026-03-09,58418.0,0.0017965548669993114,0.0017965548669993114,7.0,25,-0.5814779252112372,False,0.7553699110407361,6,0.49375617653732345,10.958374330000542,0,False,-0.10037526991309328,760,log1p_represented_sors,0.34942703876292314
2026-03-23,Snapchat,STATEMENT_CATEGORY_OTHER_VIOLATION_TC,56226,15816,0,40410,35169,0,7311,0,0,7311,0.2812933518301141,0.0,0.7187066481698858,0.6254935439120691,0.0,0.1300288122932451,0.0,0.0,0.1300288122932451,True,2026-03-16,57432.0,0.019679617326701426,0.019679617326701426,7.0,25,0.8566492616916823,False,0.8641047008852196,6,0.5828113490551055,10.937152347559921,0,False,-0.09331556165461956,681,automation_change_abs,0.5650675391665958
2026-03-30,Snapchat,STATEMENT_CATEGORY_OTHER_VIOLATION_TC,64337,19015,0,45322,36063,0,7233,0,0,7233,0.2955531031910098,0.0,0.7044468968089902,0.5605328193729892,0.0,0.1124236442482552,0.0,0.0,0.1124236442482552,True,2026-03-23,56226.0,0.01425975136089569,0.01425975136089569,7.0,25,0.42079233772470565,False,0.8335019004632536,6,0.5379487972722438,11.071905715448201,0,False,-0.09912319598006587,744,log1p_represented_sors,0.3880470251681277
2026-04-06,Snapchat,STATEMENT_CATEGORY_OTHER_VIOLATION_TC,62220,16969,0,45251,35081,0,7510,0,0,7510,0.2727258116361298,0.0,0.7272741883638701,0.5638219222115075,0.0,0.1207007393121182,0.0,0.0,0.1207007393121182,True,2026-03-30,64337.0,-0.022827291554880003,0.022827291554880003,7.0,25,-2.5616881417345594,False,0.8315090648451616,6,0.5587832532090318,11.038447842325047,0,False,-0.09230217529250129,666,automation_change_abs,0.6843474762044399
2026-04-13,Snapchat,STATEMENT_CATEGORY_OTHER_VIOLATION_TC,60065,17423,0,42642,33873,0,7431,0,0,7431,0.290069091817198,0.0,0.7099309081828019,0.5639390660118205,0.0,0.1237159743611088,0.0,0.0,0.1237159743611088,True,2026-04-06,62220.0,0.017343280181068177,0.017343280181068177,7.0,25,0.6687647774498088,False,0.8564723653979145,6,0.5664032735807165,11.00319923664754,0,False,-0.09924733069365729,746,automation_change_abs,0.4765329172748094
2026-04-20,Snapchat,STATEMENT_CATEGORY_OTHER_VIOLATION_TC,60288,18328,0,41960,34067,0,7640,0,0,7640,0.3040074309978768,0.0,0.6959925690021231,0.5650709925690022,0.0,0.1267250530785562,0.0,0.0,0.1267250530785562,True,2026-04-13,60065.0,0.013938339180678827,0.013938339180678827,7.0,25,0.39494488594662186,False,0.830138755390885,6,0.5261313243930081,11.006904944847303,0,False,-0.10186807839327376,781,log1p_represented_sors,0.3659357044347802
2026-04-27,Snapchat,STATEMENT_CATEGORY_OTHER_VIOLATION_TC,60545,17799,0,42746,33731,0,7658,0,0,7658,0.2939796845321661,0.0,0.7060203154678338,0.5571228012222313,0.0,0.1264844330663143,0.0,0.0,0.1264844330663143,True,2026-04-20,60288.0,-0.010027746465710696,0.010027746465710696,7.0,25,-1.5323692644894844,False,0.8207634301088753,6,0.5267837455767093,11.011158685692584,0,False,-0.10379678689039695,808,log1p_represented_sors,0.367382700020787
2026-05-04,Snapchat,STATEMENT_CATEGORY_OTHER_VIOLATION_TC,55672,16869,0,38803,32673,0,7428,0,0,7428,0.3030068975427504,0.0,0.6969931024572497,0.5868838913637017,0.0,0.1334243425779566,0.0,0.0,0.1334243425779566,True,2026-04-27,60545.0,0.00902721301058429,0.00902721301058429,7.0,25,0.0,False,0.9302560068600487,6,0.6272491093172983,10.927250568714278,0,False,-0.09759931310854994,725,log1p_represented_sors,0.3388396647692492
2026-05-11,Snapchat,STATEMENT_CATEGORY_OTHER_VIOLATION_TC,60319,18372,0,41947,36111,0,8050,0,0,8050,0.3045806462308725,0.0,0.6954193537691274,0.5986670866559459,0.0,0.133457119647209,0.0,0.0,0.133457119647209,True,2026-05-04,55672.0,0.0015737486881221008,0.0015737486881221008,7.0,25,-0.5993956405899828,False,0.8694728249716073,6,0.5648921787407348,11.007419002681837,0,False,-0.10304942294003008,797,log1p_represented_sors,0.36611057155635124
2026-05-18,Snapchat,STATEMENT_CATEGORY_OTHER_VIOLATION_TC,57047,17911,0,39136,34137,0,8308,0,0,8308,0.3139691833049941,0.0,0.6860308166950059,0.5984013182112995,0.0,0.1456343015408347,0.0,0.0,0.1456343015408347,True,2026-05-11,60319.0,0.009388537074121628,0.009388537074121628,7.0,25,0.029057101390000947,False,0.8528587545497917,6,0.5388895712447975,10.95164829770814,0,False,-0.10303962531289206,794,account_or_service_restriction_rate,0.3598423660998848
2026-05-25,Snapchat,STATEMENT_CATEGORY_OTHER_VIOLATION_TC,75466,24113,0,51353,45312,0,10794,0,0,10794,0.3195213738637267,0.0,0.6804786261362733,0.6004293324145973,0.0,0.1430312988630641,0.0,0.0,0.1430312988630641,True,2026-05-18,57047.0,0.005552190558732573,0.005552190558732573,7.0,25,-0.27945572937339286,False,0.8488450199101247,6,0.529323646046398,11.231450753594432,0,False,-0.09712834928440714,721,log1p_represented_sors,0.44231948189830583
2026-06-01,Snapchat,STATEMENT_CATEGORY_OTHER_VIOLATION_TC,61833,19295,0,42538,37221,0,8621,0,0,8621,0.3120501997315349,0.0,0.6879498002684651,0.6019601183833875,0.0,0.1394239322044863,0.0,0.0,0.1394239322044863,True,2026-05-25,75466.0,-0.007471174132191782,0.007471174132191782,7.0,25,-1.3267738198388574,False,0.8454375644129062,6,0.5333873646813713,11.032208653974555,0,False,-0.10295165648605686,790,log1p_represented_sors,0.3745432705156702
2026-06-08,Snapchat,STATEMENT_CATEGORY_OTHER_VIOLATION_TC,59176,18494,0,40682,36338,0,8426,0,0,8426,0.3125253481141003,0.0,0.6874746518858997,0.6140665134513992,0.0,0.1423888062728133,0.0,0.0,0.1423888062728133,True,2026-06-01,61833.0,0.0004751483825654046,0.0004751483825654046,7.0,25,-0.6877433142907913,False,0.8492743493493962,6,0.5367490012352958,10.988288231867655,0,False,-0.10162627618324013,775,log1p_represented_sors,0.3596028547179494
2026-06-15,Snapchat,STATEMENT_CATEGORY_OTHER_VIOLATION_TC,58447,19284,0,39163,34855,0,8634,0,0,8634,0.3299399455917327,0.0,0.6700600544082673,0.5963522507570962,0.0,0.1477235786267901,0.0,0.0,0.1477235786267901,True,2026-06-08,59176.0,0.017414597477632354,0.017414597477632354,7.0,25,0.6745,False,0.7504803311479484,6,0.42054038555621576,10.975892749035063,0,False,-0.09454869646204447,700,automation_change_abs,0.4792354595416458
2026-06-22,Snapchat,STATEMENT_CATEGORY_OTHER_VIOLATION_TC,58521,19945,0,38576,33733,0,8178,0,0,8178,0.340817826079527,0.0,0.659182173920473,0.5764255566377882,0.0,0.1397447070282462,0.0,0.0,0.1397447070282462,True,2026-06-15,58447.0,0.010877880487794311,0.010877880487794311,7.0,25,0.1488277088384729,False,0.7982027130693935,6,0.4573848869898665,10.977158030900029,0,False,-0.0995904932110403,751,log1p_represented_sors,0.35581669278253386
2026-06-29,Snapchat,STATEMENT_CATEGORY_OTHER_VIOLATION_TC,59787,18288,0,41499,32807,0,9244,0,0,9244,0.3058858949269908,0.0,0.6941141050730092,0.5487313295532473,0.0,0.1546155518758258,0.0,0.0,0.1546155518758258,True,2026-06-22,58521.0,-0.03493193115253618,0.03493193115253618,7.0,25,-3.535123834434194,False,0.7977780125315538,6,0.491892117604563,10.998560250905705,0,False,-0.08809213164665124,633,automation_change_abs,1.143048264281138
2026-07-06,Snapchat,STATEMENT_CATEGORY_OTHER_VIOLATION_TC,57441,19096,0,38345,31518,0,8943,0,0,8943,0.3324454657822809,0.0,0.667554534217719,0.5487021465503734,0.0,0.1556901864521857,0.0,0.0,0.1556901864521857,True,2026-06-29,59787.0,0.026559570855290093,0.026559570855290093,7.0,25,1.4099240845240602,False,0.8170791408378508,6,0.4846336750555699,10.958531022057445,0,False,-0.0925660034722409,670,automation_change_abs,0.8257808036991264
2026-07-13,Snapchat,STATEMENT_CATEGORY_OTHER_VIOLATION_TC,75937,18085,0,57852,34148,0,27048,0,0,27048,0.2381579467189907,0.0,0.7618420532810093,0.4496885576201325,0.0,0.3561899996049357,0.0,0.0,0.3561899996049357,True,2026-07-06,57441.0,-0.09428751906329019,0.09428751906329019,7.0,25,-8.308404969106443,False,0.8024636195783712,6,0.5643056728593805,11.237672496857467,0,False,-0.01568763037640659,86,automation_change_abs,3.392306057688755
2026-07-20,Snapchat,STATEMENT_CATEGORY_OTHER_VIOLATION_TC,58819,19247,0,39572,32933,0,12036,0,0,12036,0.3272241962631123,0.0,0.6727758037368877,0.5599041126166715,0.0,0.2046277563372379,0.0,0.0,0.2046277563372379,True,2026-07-13,75937.0,0.08906624954412157,0.08906624954412157,7.0,25,6.436610883162645,False,0.7978133424941964,6,0.47058914623108417,10.982237212107986,0,False,-0.05002313514778652,283,automation_change_abs,3.1944480030245557
2026-07-27,Snapchat,STATEMENT_CATEGORY_OTHER_VIOLATION_TC,54762,18391,0,36371,32192,0,9143,0,0,9143,0.335835068112925,0.0,0.6641649318870749,0.5878528906906249,0.0,0.1669588400715825,0.0,0.0,0.1669588400715825,True,2026-07-20,58819.0,0.00861087184981274,0.00861087184981274,7.0,25,-0.03348148806623685,False,0.7851153191761819,6,0.4492802510632569,10.910770062416013,0,False,-0.09603383078158886,713,account_or_service_restriction_rate,0.4253056039842606
2026-08-03,Snapchat,STATEMENT_CATEGORY_OTHER_VIOLATION_TC,60512,22064,0,38448,31289,0,8754,0,0,8754,0.3646218931782126,0.0,0.6353781068217874,0.517070994182972,0.0,0.1446655208884188,0.0,0.0,0.1446655208884188,True,2026-07-27,54762.0,0.02878682506528757,0.02878682506528757,7.0,25,1.5890362941223433,False,0.6278119183487205,6,0.26319002517050794,11.010613496969443,0,False,-0.07214721277912292,474,automation_change_abs,0.9101817685631118
2026-08-10,Snapchat,STATEMENT_CATEGORY_OTHER_VIOLATION_TC,66336,28805,0,37531,31878,0,9203,0,0,9203,0.4342287747226242,0.0,0.5657712252773758,0.4805535455861071,0.0,0.1387331162566329,0.0,0.0,0.1387331162566329,True,2026-08-03,60512.0,0.06960688154441164,0.06960688154441164,7.0,25,4.871719734155402,False,0.802747460621369,6,0.3685186858987448,11.102503089892746,0,False,-0.0596280858112699,370,automation_change_abs,2.4570425342430005
2026-08-17,Snapchat,STATEMENT_CATEGORY_OTHER_VIOLATION_TC,65264,29368,0,35896,32458,0,8796,0,0,8796,0.4499877420936504,0.0,0.5500122579063496,0.497333905368963,0.0,0.1347756803138024,0.0,0.0,0.1347756803138024,True,2026-08-10,66336.0,0.015758967371026167,0.015758967371026167,7.0,25,0.5413568835382238,False,0.7739020469413305,6,0.3239143048476801,11.08621118382289,0,False,-0.08051530563422529,557,weekly_peer_divergence_abs,0.6324875459358097
2026-08-24,Snapchat,STATEMENT_CATEGORY_OTHER_VIOLATION_TC,61207,26903,0,34304,30471,0,7573,0,0,7573,0.4395412289444018,0.0,0.5604587710555983,0.4978352149263973,0.0,0.123727678206741,0.0,0.0,0.123727678206741,True,2026-08-17,65264.0,-0.010446513149248604,0.010446513149248604,7.0,25,-1.5660458092044698,False,0.777528310702783,6,0.33798708175838127,11.022033178911688,0,False,-0.0858722232175576,613,weekly_peer_divergence_abs,0.6021149594392509
2026-03-09,Snapchat,STATEMENT_CATEGORY_PROTECTION_OF_MINORS,3198,1844,0,1354,1401,0,1797,0,0,1797,0.5766103814884302,0.0,0.4233896185115697,0.4380863039399624,0.0,0.5619136960600375,0.0,0.0,0.5619136960600375,True,2026-03-02,2427.0,0.012127480787976985,0.012127480787976985,7.0,25,0.42228332666097046,False,0.0004555808656036,4,0.5761548006228266,8.070593539949519,0,False,-0.04506206359924394,240,account_or_service_restriction_rate,1.637759681425671
2026-03-16,Snapchat,STATEMENT_CATEGORY_PROTECTION_OF_MINORS,2378,1358,0,1020,837,0,1541,0,0,1541,0.5710681244743482,0.0,0.4289318755256518,0.3519764507989907,0.0,0.6480235492010092,0.0,0.0,0.6480235492010092,True,2026-03-09,3198.0,-0.005542257014082064,0.005542257014082064,7.0,25,0.0540617326716124,False,0.00175526579739215,4,0.569312858676956,7.774435510302958,0,False,-0.0389702531833366,201,account_or_service_restriction_rate,1.9021044311246191
2026-03-23,Snapchat,STATEMENT_CATEGORY_PROTECTION_OF_MINORS,2772,1575,0,1197,1039,0,1733,0,0,1733,0.5681818181818182,0.0,0.4318181818181818,0.3748196248196248,0.0,0.6251803751803752,0.0,0.0,0.6251803751803752,True,2026-03-16,2378.0,-0.00288630629252995,0.00288630629252995,7.0,25,0.10940937954688983,False,0.00074183976261125,4,0.567439978419207,7.927685045615778,0,False,-0.04226029684859282,220,account_or_service_restriction_rate,1.8319792027267916
2026-03-30,Snapchat,STATEMENT_CATEGORY_PROTECTION_OF_MINORS,2648,1483,0,1165,866,0,1782,0,0,1782,0.5600453172205438,0.0,0.4399546827794562,0.3270392749244713,0.0,0.6729607250755287,0.0,0.0,0.6729607250755287,True,2026-03-23,2772.0,-0.008136500961274384,0.008136500961274384,7.0,25,0.0,False,0.0005270555165144,4,0.5595182617040294,7.88193748927207,0,False,-0.039940168772157426,207,account_or_service_restriction_rate,1.9786579412549479
2026-04-06,Snapchat,STATEMENT_CATEGORY_PROTECTION_OF_MINORS,2788,1421,0,1367,892,0,1896,0,0,1896,0.5096843615494978,0.0,0.4903156384505021,0.3199426111908178,0.0,0.6800573888091822,0.0,0.0,0.6800573888091822,True,2026-03-30,2648.0,-0.05036095567104604,0.05036095567104604,7.0,25,-0.8799200187764968,False,0.0012450199203187,4,0.5084393416291791,7.933438387627489,0,False,-0.03140460071377092,155,account_or_service_restriction_rate,2.000443668787186
2026-04-13,Snapchat,STATEMENT_CATEGORY_PROTECTION_OF_MINORS,2471,1639,0,832,1106,0,1365,0,0,1365,0.6632942128692837,0.0,0.3367057871307163,0.4475920679886686,0.0,0.5524079320113314,0.0,0.0,0.5524079320113314,True,2026-04-06,2788.0,0.15360985131978588,0.15360985131978588,7.0,25,3.370649883211958,False,0.00016801075268815,4,0.6631262021165956,7.812782818577581,0,False,0.024563801249792273,30,automation_change_abs,5.6403036405223
2026-04-20,Snapchat,STATEMENT_CATEGORY_PROTECTION_OF_MINORS,3087,1859,0,1228,1340,0,1747,0,0,1747,0.6022027858762553,0.0,0.3977972141237447,0.4340783932620667,0.0,0.5659216067379332,0.0,0.0,0.5659216067379332,True,2026-04-13,2471.0,-0.061091426993028386,0.061091426993028386,7.0,25,-1.1035334814492141,False,0.0007638252367858,4,0.6014389606394696,8.035278911144667,0,False,-0.02713832724223585,135,automation_change_abs,2.1343525704453894
2026-04-27,Snapchat,STATEMENT_CATEGORY_PROTECTION_OF_MINORS,2966,1666,0,1300,1097,0,1869,0,0,1869,0.5616992582602832,0.0,0.4383007417397168,0.3698583951449764,0.0,0.6301416048550236,0.0,0.0,0.6301416048550236,True,2026-04-20,3087.0,-0.04050352761597209,0.04050352761597209,7.0,25,-0.6745,False,0.0002260397830018,4,0.5614732184772814,7.995306620290822,0,False,-0.03987382711907587,205,account_or_service_restriction_rate,1.8472094576709834
2026-05-04,Snapchat,STATEMENT_CATEGORY_PROTECTION_OF_MINORS,3014,1752,0,1262,1285,0,1729,0,0,1729,0.5812873258128732,0.0,0.4187126741871267,0.4263437292634373,0.0,0.5736562707365627,0.0,0.0,0.5736562707365627,True,2026-04-27,2966.0,0.019588067552590016,0.019588067552590016,7.0,25,0.577755308267941,False,0.0004816955684007,5,0.5808056302444725,8.011355109161286,0,False,-0.043767262143835986,229,account_or_service_restriction_rate,1.6738076811662523
2026-05-11,Snapchat,STATEMENT_CATEGORY_PROTECTION_OF_MINORS,2791,1577,0,1214,992,0,1799,0,0,1799,0.5650304550340379,0.0,0.434969544965962,0.3554281619491222,0.0,0.6445718380508778,0.0,0.0,0.6445718380508778,True,2026-05-04,3014.0,-0.01625687077883531,0.01625687077883531,7.0,25,-0.16922127263580114,False,0.0006203473945409,5,0.5644101076394971,7.934513463882263,0,False,-0.04534556704355417,242,account_or_service_restriction_rate,1.891508178933586
2026-05-18,Snapchat,STATEMENT_CATEGORY_PROTECTION_OF_MINORS,2495,1416,0,1079,886,0,1609,0,0,1609,0.5675350701402806,0.0,0.4324649298597194,0.3551102204408817,0.0,0.6448897795591182,0.0,0.0,0.6448897795591182,True,2026-05-11,2791.0,0.002504615106242669,0.002504615106242669,7.0,25,0.22175137877542822,False,0.0008326394671107,5,0.5667024306731699,7.822444729489319,0,False,-0.03883940925736824,200,account_or_service_restriction_rate,1.8924842132124635
2026-05-25,Snapchat,STATEMENT_CATEGORY_PROTECTION_OF_MINORS,3469,1707,0,1762,1222,0,2247,0,0,2247,0.4920726434130873,0.0,0.5079273565869127,0.3522628999711732,0.0,0.6477371000288268,0.0,0.0,0.6477371000288268,True,2026-05-18,2495.0,-0.07546242672719328,0.07546242672719328,7.0,25,-1.4030123129188128,False,0.0005437737901033,5,0.49152886962298403,8.151909872940905,0,False,-0.024013544201925842,126,automation_change_abs,2.6789362278380358
2026-06-01,Snapchat,STATEMENT_CATEGORY_PROTECTION_OF_MINORS,3536,2048,0,1488,1413,0,2123,0,0,2123,0.579185520361991,0.0,0.420814479638009,0.39960407239819,0.0,0.6003959276018099,0.0,0.0,0.6003959276018099,True,2026-05-25,3469.0,0.08711287694890368,0.08711287694890368,7.0,25,1.9849121788605988,False,0.00069686411149825,4,0.5784886562504927,8.17103418920548,0,False,-0.01963941063642527,101,automation_change_abs,3.1204256794679446
2026-06-08,Snapchat,STATEMENT_CATEGORY_PROTECTION_OF_MINORS,2663,1446,0,1217,892,0,1771,0,0,1771,0.5429966203529853,0.0,0.4570033796470146,0.3349605707848291,0.0,0.6650394292151709,0.0,0.0,0.6650394292151709,True,2026-06-01,3536.0,-0.03618890000900565,0.03618890000900565,7.0,25,-0.584587004532544,False,0.0011061946902654,3,0.5418904256627199,7.88758403166028,0,False,-0.03663617861612882,180,account_or_service_restriction_rate,1.9543407127948138
2026-06-15,Snapchat,STATEMENT_CATEGORY_PROTECTION_OF_MINORS,2834,1455,0,1379,896,0,1938,0,0,1938,0.5134086097388849,0.0,0.486591390261115,0.3161609033168666,0.0,0.6838390966831334,0.0,0.0,0.6838390966831334,True,2026-06-08,2663.0,-0.029588010614100435,0.029588010614100435,7.0,25,-0.4470303502138697,False,0.187536770372686,4,0.3258718393661989,7.949797216161852,0,False,-0.03051428281715658,147,account_or_service_restriction_rate,2.0120529630190265
2026-06-22,Snapchat,STATEMENT_CATEGORY_PROTECTION_OF_MINORS,2952,1602,0,1350,960,0,1992,0,0,1992,0.5426829268292683,0.0,0.4573170731707317,0.3252032520325203,0.0,0.6747967479674797,0.0,0.0,0.6747967479674797,True,2026-06-15,2834.0,0.029274317090383417,0.029274317090383417,7.0,25,0.779608119245665,False,0.0009233610341643,5,0.541759565795104,7.990576881743923,0,False,-0.04076557910015567,213,account_or_service_restriction_rate,1.98429426502175
2026-06-29,Snapchat,STATEMENT_CATEGORY_PROTECTION_OF_MINORS,2843,1356,0,1487,916,0,1927,0,0,1927,0.4769609567358424,0.0,0.5230390432641576,0.3221948645796693,0.0,0.6778051354203306,0.0,0.0,0.6778051354203306,True,2026-06-22,2952.0,-0.06572197009342595,0.06572197009342595,7.0,25,-1.2000298743535913,False,0.001860465116279,5,0.47510049161956336,7.952966790923131,0,False,-0.023500272162523504,123,automation_change_abs,2.309825268516198
2026-07-06,Snapchat,STATEMENT_CATEGORY_PROTECTION_OF_MINORS,2579,1226,0,1353,678,0,1901,0,0,1901,0.475378053509112,0.0,0.5246219464908879,0.2628925940286933,0.0,0.7371074059713068,0.0,0.0,0.7371074059713068,True,2026-06-29,2843.0,-0.001582903226730381,0.001582903226730381,7.0,25,0.13657113824844824,False,0.560418648905804,5,0.08504059539669195,7.855544677915663,0,False,0.009840248680939356,44,account_or_service_restriction_rate,2.1755789402682946
2026-07-13,Snapchat,STATEMENT_CATEGORY_PROTECTION_OF_MINORS,3026,1501,0,1525,876,0,2150,0,0,2150,0.4960343688037013,0.0,0.5039656311962988,0.2894910773298083,0.0,0.7105089226701917,0.0,0.0,0.7105089226701917,True,2026-07-06,2579.0,0.020656315294589278,0.020656315294589278,7.0,25,0.6000166395191985,False,0.5304033714629741,5,0.03436900265927284,8.01532730902172,0,False,0.013662008339462883,41,account_or_service_restriction_rate,2.0939254574886403
2026-07-20,Snapchat,STATEMENT_CATEGORY_PROTECTION_OF_MINORS,2794,1268,0,1526,684,0,2110,0,0,2110,0.4538296349319971,0.0,0.5461703650680029,0.2448103078024338,0.0,0.7551896921975663,0.0,0.0,0.7551896921975663,True,2026-07-13,3026.0,-0.0422047338717042,0.0422047338717042,7.0,25,-0.7099516227805797,False,0.5868213841690841,5,0.13299174923708706,7.9355873855892,0,False,0.005155396814485536,50,account_or_service_restriction_rate,2.231088934213354
2026-07-27,Snapchat,STATEMENT_CATEGORY_PROTECTION_OF_MINORS,2892,1254,0,1638,719,0,2173,0,0,2173,0.4336099585062241,0.0,0.5663900414937759,0.2486168741355463,0.0,0.7513831258644537,0.0,0.0,0.7513831258644537,True,2026-07-20,2794.0,-0.020219676425772992,0.020219676425772992,7.0,25,-0.2518026118911796,False,0.6254452926208651,5,0.19183533411464104,7.970049304976135,0,False,-0.008794752670065197,73,account_or_service_restriction_rate,2.219403328120266
2026-08-03,Snapchat,STATEMENT_CATEGORY_PROTECTION_OF_MINORS,2846,1616,0,1230,1055,0,1791,0,0,1791,0.567814476458187,0.0,0.432185523541813,0.370695713281799,0.0,0.6293042867182009,0.0,0.0,0.6293042867182009,True,2026-07-27,2892.0,0.13420451795196287,0.13420451795196287,7.0,25,2.966260023858074,False,0.371819491118579,5,0.19599498533960796,7.954021087278037,0,False,0.014218576835687724,40,automation_change_abs,4.904945793896696
2026-08-10,Snapchat,STATEMENT_CATEGORY_PROTECTION_OF_MINORS,2650,1394,0,1256,810,0,1840,0,0,1840,0.5260377358490566,0.0,0.4739622641509434,0.3056603773584905,0.0,0.6943396226415094,0.0,0.0,0.6943396226415094,True,2026-08-03,2846.0,-0.04177674060913039,0.04177674060913039,7.0,25,-0.7010326244837701,False,0.4389261744966443,5,0.08711156135241227,7.8826922062890254,0,False,0.006075027511530673,47,account_or_service_restriction_rate,2.0442880534868966
2026-08-17,Snapchat,STATEMENT_CATEGORY_PROTECTION_OF_MINORS,6998,5206,0,1792,3208,0,3790,0,0,3790,0.7439268362389254,0.0,0.2560731637610746,0.4584166904829951,0.0,0.5415833095170048,0.0,0.0,0.5415833095170048,True,2026-08-10,2650.0,0.21788910038986886,0.21788910038986886,7.0,25,4.710172168045567,True,0.8568984289936227,5,0.11297159275469726,8.85352256068954,10,True,0.05789191845363577,13,automation_change_abs,8.076141731161082
2026-08-24,Snapchat,STATEMENT_CATEGORY_PROTECTION_OF_MINORS,4369,2823,0,1546,1966,0,2403,0,0,2403,0.64614328221561,0.0,0.35385671778439,0.4499885557335775,0.0,0.5500114442664226,0.0,0.0,0.5500114442664226,True,2026-08-17,6998.0,-0.0977835540233154,0.0977835540233154,7.0,25,-1.8681647200846783,False,0.8706031706712906,5,0.22445988845568055,8.382518288089635,0,False,0.0006338621906693098,56,automation_change_abs,3.524786994305634
2026-03-09,Snapchat,STATEMENT_CATEGORY_SCAMS_AND_FRAUD,5731,105,0,5626,5140,0,591,0,0,591,0.0183214098761123,0.0,0.9816785901238876,0.8968766358401675,0.0,0.1031233641598324,0.0,0.0,0.1031233641598324,True,2026-03-02,5317.0,-0.0002981124108915982,0.0002981124108915982,7.0,25,-0.04918777088013886,False,0.5474483340362716,5,0.5291269241601593,8.653819788948063,0,False,-0.1284910754303752,998,log1p_represented_sors,0.4345135843040874
2026-03-16,Snapchat,STATEMENT_CATEGORY_SCAMS_AND_FRAUD,4879,79,0,4800,4380,0,499,0,0,499,0.0161918425906948,0.0,0.9838081574093052,0.897724943635991,0.0,0.102275056364009,0.0,0.0,0.102275056364009,True,2026-03-09,5731.0,-0.002129567285417501,0.002129567285417501,7.0,25,-0.6363726483315636,False,0.6141818181818182,5,0.5979899755911233,8.492900498847193,0,False,-0.12673495824632255,991,log1p_represented_sors,0.4892535205034554
2026-03-23,Snapchat,STATEMENT_CATEGORY_SCAMS_AND_FRAUD,5647,106,0,5541,5092,0,555,0,0,555,0.018771028864884,0.0,0.981228971135116,0.9017177262263149,0.0,0.0982822737736851,0.0,0.0,0.0982822737736851,True,2026-03-16,4879.0,0.0025791862741892,0.0025791862741892,7.0,25,0.8733063070739607,False,0.8765334978449257,5,0.8577624689800417,8.639056779173078,0,False,-0.12992569930666634,1008,weekly_peer_divergence_abs,0.5196908509809779
2026-03-30,Snapchat,STATEMENT_CATEGORY_SCAMS_AND_FRAUD,5134,128,0,5006,4685,0,449,0,0,449,0.0249318270354499,0.0,0.97506817296455,0.9125438254772108,0.0,0.0874561745227892,0.0,0.0,0.0874561745227892,True,2026-03-23,5647.0,0.0061607981705659,0.0061607981705659,7.0,25,2.0216110628746873,False,0.8704730514129844,5,0.8455412243775344,8.543835122362658,0,False,-0.12492517000226115,982,weekly_peer_divergence_abs,0.49331433615802245
2026-04-06,Snapchat,STATEMENT_CATEGORY_SCAMS_AND_FRAUD,5285,131,0,5154,4852,0,433,0,0,433,0.0247871333964049,0.0,0.9752128666035952,0.918070009460738,0.0,0.081929990539262,0.0,0.0,0.081929990539262,True,2026-03-30,5134.0,-0.00014469363904499877,0.00014469363904499877,7.0,25,0.0,False,0.951347000745412,5,0.9265598673490071,8.572817095164234,0,False,-0.12249302287744371,969,weekly_peer_divergence_abs,0.6681729129051373
2026-04-13,Snapchat,STATEMENT_CATEGORY_SCAMS_AND_FRAUD,5452,133,0,5319,5024,0,428,0,0,428,0.0243947175348495,0.0,0.9756052824651504,0.921496698459281,0.0,0.078503301540719,0.0,0.0,0.078503301540719,True,2026-04-06,5285.0,-0.00039241586155540006,0.00039241586155540006,7.0,25,-0.07942250987997644,False,0.8906277586386415,5,0.8662330411037921,8.60392119492606,0,False,-0.1327698520607637,1020,weekly_peer_divergence_abs,0.5379724727345575
2026-04-20,Snapchat,STATEMENT_CATEGORY_SCAMS_AND_FRAUD,4751,118,0,4633,4281,0,470,0,0,470,0.0248368764470637,0.0,0.9751631235529362,0.9010734582193224,0.0,0.0989265417806777,0.0,0.0,0.0989265417806777,True,2026-04-13,5452.0,0.00044215891221419806,0.00044215891221419806,7.0,25,0.18815147901604157,False,0.9291212965307672,5,0.9042844200837036,8.466320861042481,0,False,-0.12301891568661438,972,weekly_peer_divergence_abs,0.6200969039476945
2026-04-27,Snapchat,STATEMENT_CATEGORY_SCAMS_AND_FRAUD,5068,142,0,4926,4559,0,509,0,0,509,0.0280189423835832,0.0,0.9719810576164168,0.8995659037095501,0.0,0.1004340962904498,0.0,0.0,0.1004340962904498,True,2026-04-20,4751.0,0.003182065936519502,0.003182065936519502,7.0,25,1.0665962568113319,False,0.8621473205832229,5,0.8341283781996397,8.53089883847235,0,False,-0.12714957995910875,992,log1p_represented_sors,0.4763276202868987
2026-05-04,Snapchat,STATEMENT_CATEGORY_SCAMS_AND_FRAUD,4755,124,0,4631,4287,0,468,0,0,468,0.0260778128286014,0.0,0.9739221871713986,0.901577287066246,0.0,0.0984227129337539,0.0,0.0,0.0984227129337539,True,2026-04-27,5068.0,-0.0019411295549817999,0.0019411295549817999,7.0,25,-0.5759574084083007,False,0.9355329416701637,5,0.9094551288415622,8.467162257810672,0,False,-0.12046190880387844,960,weekly_peer_divergence_abs,0.6312565919036055
2026-05-11,Snapchat,STATEMENT_CATEGORY_SCAMS_AND_FRAUD,5701,142,0,5559,5208,0,493,0,0,493,0.0249079108928258,0.0,0.9750920891071742,0.9135239431678652,0.0,0.0864760568321347,0.0,0.0,0.0864760568321347,True,2026-05-04,4755.0,-0.0011699019357756003,0.0011699019357756003,7.0,25,-0.32869322441470183,False,0.922624385155948,5,0.8977164742631222,8.648572269472618,0,False,-0.1256879017614384,985,weekly_peer_divergence_abs,0.6059216275394805
2026-05-18,Snapchat,STATEMENT_CATEGORY_SCAMS_AND_FRAUD,4632,154,0,4478,4142,0,490,0,0,490,0.0332469775474956,0.0,0.9667530224525044,0.8942141623488774,0.0,0.1057858376511226,0.0,0.0,0.1057858376511226,True,2026-05-11,5701.0,0.0083390666546698,0.0083390666546698,7.0,25,2.7199882550651027,False,0.9498789091291988,5,0.9166319315817032,8.440959885416648,0,False,-0.09937060742588552,749,weekly_peer_divergence_abs,0.6467459344389738
2026-05-25,Snapchat,STATEMENT_CATEGORY_SCAMS_AND_FRAUD,6110,214,0,5896,5478,0,632,0,0,632,0.0350245499181669,0.0,0.964975450081833,0.8965630114566284,0.0,0.1034369885433715,0.0,0.0,0.1034369885433715,True,2026-05-18,4632.0,0.0017775723706712973,0.0017775723706712973,7.0,25,0.6162999411254884,False,0.9719731573901764,5,0.9369486074720095,8.717845704894916,0,False,-0.10989139767547525,877,weekly_peer_divergence_abs,0.6905944228870247
2026-06-01,Snapchat,STATEMENT_CATEGORY_SCAMS_AND_FRAUD,5964,129,0,5835,5471,0,493,0,0,493,0.0216297786720321,0.0,0.9783702213279678,0.9173373574782026,0.0,0.0826626425217974,0.0,0.0,0.0826626425217974,True,2026-05-25,6110.0,-0.0133947712461348,0.0133947712461348,7.0,25,-4.248122792517568,False,0.9611578496405552,5,0.9395280709685231,8.693664334532016,0,False,-0.09217250904482026,665,weekly_peer_divergence_abs,0.6961615528614223
2026-06-08,Snapchat,STATEMENT_CATEGORY_SCAMS_AND_FRAUD,5935,140,0,5795,5344,0,591,0,0,591,0.0235888795282224,0.0,0.9764111204717776,0.9004212299915754,0.0,0.0995787700084246,0.0,0.0,0.0995787700084246,True,2026-06-01,5964.0,0.001959100856190301,0.001959100856190301,7.0,25,0.6745,False,0.9550604589165,5,0.9314715793882776,8.688790784847216,0,False,-0.11722729502907776,939,weekly_peer_divergence_abs,0.6787736209036769
2026-06-15,Snapchat,STATEMENT_CATEGORY_SCAMS_AND_FRAUD,5531,136,0,5395,4950,0,581,0,0,581,0.0245886819743265,0.0,0.9754113180256736,0.8949557042126198,0.0,0.1050442957873802,0.0,0.0,0.1050442957873802,True,2026-06-08,5935.0,0.0009998024461040991,0.0009998024461040991,7.0,25,0.36693822100087115,False,0.8757832080200502,5,0.8511945260457237,8.61830469278465,0,False,-0.1290846750276819,1003,weekly_peer_divergence_abs,0.5055155808020451
2026-06-22,Snapchat,STATEMENT_CATEGORY_SCAMS_AND_FRAUD,4973,146,0,4827,4404,0,569,0,0,569,0.0293585360949125,0.0,0.9706414639050874,0.8855821435753066,0.0,0.1144178564246933,0.0,0.0,0.1144178564246933,True,2026-06-15,5531.0,0.004769854120586,0.004769854120586,7.0,25,1.5756588732305608,False,0.8347921225382933,5,0.8054335864433808,8.51197962436335,0,False,-0.12037969362140881,958,log1p_represented_sors,0.4827633718529144
2026-06-29,Snapchat,STATEMENT_CATEGORY_SCAMS_AND_FRAUD,5015,111,0,4904,4472,0,543,0,0,543,0.0221335992023928,0.0,0.9778664007976072,0.8917248255234297,0.0,0.1082751744765702,0.0,0.0,0.1082751744765702,True,2026-06-22,4973.0,-0.007224936892519698,0.007224936892519698,7.0,25,-2.270005024390252,False,0.9480168776371308,5,0.925883278434738,8.520388082312756,0,False,-0.10300489375878266,792,weekly_peer_divergence_abs,0.6667126641246978
2026-07-06,Snapchat,STATEMENT_CATEGORY_SCAMS_AND_FRAUD,4458,115,0,4343,3959,0,499,0,0,499,0.0257963212202781,0.0,0.9742036787797218,0.8880663974876626,0.0,0.1119336025123373,0.0,0.0,0.1119336025123373,True,2026-06-29,5015.0,0.0036627220178852976,0.0036627220178852976,7.0,25,1.2206999620997936,False,0.9733535631311934,5,0.9475572419109153,8.402679804627477,0,False,-0.10479596061869759,818,weekly_peer_divergence_abs,0.7134905200219849
2026-07-13,Snapchat,STATEMENT_CATEGORY_SCAMS_AND_FRAUD,4762,115,0,4647,3684,0,1078,0,0,1078,0.0241495170096598,0.0,0.9758504829903402,0.7736245275094498,0.0,0.2263754724905501,0.0,0.0,0.2263754724905501,True,2026-07-06,4458.0,-0.0016468042106182988,0.0016468042106182988,7.0,25,-0.481593417427814,False,0.9653720996038484,5,0.9412225825941886,8.46863300080086,0,False,-0.07666264834877799,507,weekly_peer_divergence_abs,0.6998187344714578
2026-07-20,Snapchat,STATEMENT_CATEGORY_SCAMS_AND_FRAUD,4735,157,0,4578,4172,0,563,0,0,563,0.0331573389651531,0.0,0.9668426610348468,0.8810982048574446,0.0,0.1189017951425554,0.0,0.0,0.1189017951425554,True,2026-07-13,4762.0,0.009007821955493298,0.009007821955493298,7.0,25,2.9343986698784557,False,0.9387529428551044,5,0.9055956038899513,8.462948176563842,0,False,-0.09688112413359637,720,weekly_peer_divergence_abs,0.622926767863029
2026-07-27,Snapchat,STATEMENT_CATEGORY_SCAMS_AND_FRAUD,4281,105,0,4176,3734,0,547,0,0,547,0.0245269796776454,0.0,0.9754730203223546,0.8722261153935996,0.0,0.1277738846064003,0.0,0.0,0.1277738846064003,True,2026-07-20,4735.0,-0.008630359287507699,0.008630359287507699,7.0,25,-2.7205991330669086,False,0.9295105916727538,5,0.9049836119951085,8.362175469149628,0,False,-0.09622329189648424,716,weekly_peer_divergence_abs,0.6216059356719656
2026-08-03,Snapchat,STATEMENT_CATEGORY_SCAMS_AND_FRAUD,4270,135,0,4135,3696,0,574,0,0,574,0.031615925058548,0.0,0.968384074941452,0.8655737704918033,0.0,0.1344262295081967,0.0,0.0,0.1344262295081967,True,2026-07-27,4281.0,0.007088945380902604,0.007088945380902604,7.0,25,2.319185419490773,False,0.9788573151428356,5,0.9472413900842875,8.359603270841466,0,False,-0.0852377483816132,606,weekly_peer_divergence_abs,0.7128088324641403
2026-08-10,Snapchat,STATEMENT_CATEGORY_SCAMS_AND_FRAUD,4425,111,0,4314,3858,0,567,0,0,567,0.0250847457627118,0.0,0.974915254237288,0.871864406779661,0.0,0.128135593220339,0.0,0.0,0.128135593220339,True,2026-08-03,4270.0,-0.006531179295836204,0.006531179295836204,7.0,25,-2.04757859442154,False,0.9592299687825182,5,0.9341452230198064,8.395251520610994,0,False,-0.09493186581656332,702,weekly_peer_divergence_abs,0.6845440152597355
2026-08-17,Snapchat,STATEMENT_CATEGORY_SCAMS_AND_FRAUD,4872,112,0,4760,4304,0,568,0,0,568,0.0229885057471264,0.0,0.9770114942528736,0.8834154351395731,0.0,0.1165845648604269,0.0,0.0,0.1165845648604269,True,2026-08-10,4425.0,-0.0020962400155854002,0.0020962400155854002,7.0,25,-0.625687553588392,False,0.987082579998693,5,0.9640940742515666,8.491465042843506,0,False,-0.10020161646885554,757,weekly_peer_divergence_abs,0.7491811569042899
2026-08-24,Snapchat,STATEMENT_CATEGORY_SCAMS_AND_FRAUD,4295,95,0,4200,3762,0,533,0,0,533,0.0221187427240977,0.0,0.9778812572759022,0.8759022118742724,0.0,0.1240977881257276,0.0,0.0,0.1240977881257276,True,2026-08-17,4872.0,-0.0008697630230286996,0.0008697630230286996,7.0,25,-0.2324653385131646,False,0.9891817942646672,5,0.9670630515405695,8.3654396361887,0,False,-0.09627933879720109,717,weekly_peer_divergence_abs,0.7555889554566843
2026-03-09,Snapchat,STATEMENT_CATEGORY_UNSAFE_AND_PROHIBITED_PRODUCTS,22205,4054,0,18151,15614,0,6591,0,0,6591,0.1825714929070029,0.0,0.8174285070929971,0.7031749605944607,0.0,0.2968250394055393,0.0,0.0,0.2968250394055393,True,2026-03-02,19076.0,0.001086904943069178,0.001086904943069178,7.0,25,-0.16781111914695984,False,0.4545551880844179,2,0.27198369517741505,10.008117801614212,0,False,-0.06714376128360508,436,account_or_service_restriction_rate,0.8239759849578205
2026-03-16,Snapchat,STATEMENT_CATEGORY_UNSAFE_AND_PROHIBITED_PRODUCTS,22737,4481,0,18256,16740,0,5997,0,0,5997,0.1970796499098386,0.0,0.8029203500901614,0.7362448871882834,0.0,0.2637551128117166,0.0,0.0,0.2637551128117166,True,2026-03-09,22205.0,0.014508157002835698,0.014508157002835698,7.0,25,0.4961892133566923,False,0.4291770512632556,2,0.23209740135341703,10.031792812689051,0,False,-0.05377166789250078,312,weekly_peer_divergence_abs,0.8306514805253723
2026-03-23,Snapchat,STATEMENT_CATEGORY_UNSAFE_AND_PROHIBITED_PRODUCTS,31320,9969,0,21351,16138,0,15182,0,0,15182,0.3182950191570881,0.0,0.6817049808429119,0.5152618135376756,0.0,0.4847381864623244,0.0,0.0,0.4847381864623244,True,2026-03-16,22737.0,0.12121536924724949,0.12121536924724949,7.0,25,5.775400429665607,True,0.4638045626010418,2,0.14550954344395373,10.35204407807524,0,False,0.021446767088859463,32,automation_change_abs,4.412726864185553
2026-03-30,Snapchat,STATEMENT_CATEGORY_UNSAFE_AND_PROHIBITED_PRODUCTS,24406,4644,0,19762,15735,0,8671,0,0,8671,0.1902810784233385,0.0,0.8097189215766615,0.6447185118413505,0.0,0.3552814881586495,0.0,0.0,0.3552814881586495,True,2026-03-23,31320.0,-0.12801394073374958,0.12801394073374958,7.0,25,-6.5549204643984345,True,0.476060296371998,2,0.28577921794865946,10.102625255383492,0,False,0.002737230367010812,53,automation_change_abs,4.670356186685762
2026-04-06,Snapchat,STATEMENT_CATEGORY_UNSAFE_AND_PROHIBITED_PRODUCTS,25550,7529,0,18021,14868,0,10682,0,0,10682,0.2946771037181996,0.0,0.7053228962818003,0.581917808219178,0.0,0.4180821917808219,0.0,0.0,0.4180821917808219,True,2026-03-30,24406.0,0.10439602529486111,0.10439602529486111,7.0,25,4.943283580421853,True,0.4627739735081828,2,0.16809686978998317,10.14843173380919,0,False,0.004416583835009846,52,automation_change_abs,3.775364118797622
2026-04-13,Snapchat,STATEMENT_CATEGORY_UNSAFE_AND_PROHIBITED_PRODUCTS,22062,4443,0,17619,15078,0,6984,0,0,6984,0.2013870002719608,0.0,0.7986129997280391,0.6834375849877617,0.0,0.3165624150122382,0.0,0.0,0.3165624150122382,True,2026-04-06,25550.0,-0.09329010344623881,0.09329010344623881,7.0,25,-4.83700030299801,False,0.4724768633404373,2,0.2710898630684765,10.001657276308372,0,False,-0.01926966749028446,99,automation_change_abs,3.3545093661069534
2026-04-20,Snapchat,STATEMENT_CATEGORY_UNSAFE_AND_PROHIBITED_PRODUCTS,22417,4573,0,17844,15095,0,7322,0,0,7322,0.2039969665878574,0.0,0.7960030334121426,0.6733728866485257,0.0,0.3266271133514743,0.0,0.0,0.3266271133514743,True,2026-04-13,22062.0,0.0026099663158966058,0.0026099663158966058,7.0,25,-0.09245948626819592,False,0.4693468352724117,2,0.26534986868455435,10.01761948658104,0,False,-0.061489697474441926,387,account_or_service_restriction_rate,0.9154640259936182
2026-04-27,Snapchat,STATEMENT_CATEGORY_UNSAFE_AND_PROHIBITED_PRODUCTS,21256,4334,0,16922,14275,0,6981,0,0,6981,0.2038953707188558,0.0,0.7961046292811441,0.6715750846819721,0.0,0.3284249153180278,0.0,0.0,0.3284249153180278,True,2026-04-20,22417.0,-0.00010159586900160278,0.00010159586900160278,7.0,25,-0.22661076994567883,False,0.4652940768002222,2,0.2613987060813664,9.964441531873126,0,False,-0.06151881784202835,388,account_or_service_restriction_rate,0.9209830170674833
2026-05-04,Snapchat,STATEMENT_CATEGORY_UNSAFE_AND_PROHIBITED_PRODUCTS,22582,4623,0,17959,15512,0,7070,0,0,7070,0.2047205739084226,0.0,0.7952794260915773,0.6869187848729076,0.0,0.3130812151270923,0.0,0.0,0.3130812151270923,True,2026-04-27,21256.0,0.0008252031895668033,0.0008252031895668033,7.0,25,-0.18075849921020176,False,0.873524583756742,3,0.6688040098483194,10.024952689817304,0,False,-0.07305686472968245,479,account_or_service_restriction_rate,0.8738800847260664
2026-05-11,Snapchat,STATEMENT_CATEGORY_UNSAFE_AND_PROHIBITED_PRODUCTS,24561,5187,0,19374,17159,0,7402,0,0,7402,0.2111884695248564,0.0,0.7888115304751435,0.6986279060298848,0.0,0.3013720939701152,0.0,0.0,0.3013720939701152,True,2026-05-04,22582.0,0.006467895616433794,0.006467895616433794,7.0,25,0.09840693416149675,False,0.8536794067313177,3,0.6424909372064613,10.10895581217033,0,False,-0.07485417685575904,499,account_or_service_restriction_rate,0.8379347824344866
2026-05-18,Snapchat,STATEMENT_CATEGORY_UNSAFE_AND_PROHIBITED_PRODUCTS,23241,4980,0,18261,16324,0,6917,0,0,6917,0.2142764941267587,0.0,0.7857235058732412,0.7023794156877932,0.0,0.2976205843122069,0.0,0.0,0.2976205843122069,True,2026-05-11,24561.0,0.0030880246019023005,0.0030880246019023005,7.0,25,-0.06880812651052592,False,0.8286458333333333,3,0.6143693392065745,10.05371626578282,0,False,-0.07944953986163966,545,account_or_service_restriction_rate,0.8264181923424161
2026-05-25,Snapchat,STATEMENT_CATEGORY_UNSAFE_AND_PROHIBITED_PRODUCTS,27519,6056,0,21463,20018,0,7501,0,0,7501,0.2200661361241324,0.0,0.7799338638758676,0.7274246883971075,0.0,0.2725753116028925,0.0,0.0,0.2725753116028925,True,2026-05-18,23241.0,0.005789641997373696,0.005789641997373696,7.0,25,0.06485115064948174,False,0.8203062046736502,3,0.6002400685495178,10.22266829204728,0,False,-0.07886917299122737,539,account_or_service_restriction_rate,0.749532840620274
2026-06-01,Snapchat,STATEMENT_CATEGORY_UNSAFE_AND_PROHIBITED_PRODUCTS,22820,4813,0,18007,16250,0,6570,0,0,6570,0.2109114811568799,0.0,0.78908851884312,0.7120946538124452,0.0,0.2879053461875547,0.0,0.0,0.2879053461875547,True,2026-05-25,27519.0,-0.009154654967252485,0.009154654967252485,7.0,25,-0.6745,False,0.8279118572927597,3,0.6170003761358798,10.03543644366541,0,False,-0.07676000136052312,509,account_or_service_restriction_rate,0.7965938215340898
2026-06-08,Snapchat,STATEMENT_CATEGORY_UNSAFE_AND_PROHIBITED_PRODUCTS,22449,6021,0,16428,15486,0,6963,0,0,6963,0.2682079379927836,0.0,0.7317920620072164,0.689830281972471,0.0,0.3101697180275291,0.0,0.0,0.3101697180275291,True,2026-06-01,22820.0,0.057296456835903675,0.057296456835903675,7.0,25,2.613088977246333,False,0.7944191343963554,3,0.5262111964035718,10.0190458931704,0,False,-0.0552369630281133,323,automation_change_abs,1.9905435963940086
2026-06-15,Snapchat,STATEMENT_CATEGORY_UNSAFE_AND_PROHIBITED_PRODUCTS,20113,7845,0,12268,14140,0,5973,0,0,5973,0.3900462387510565,0.0,0.6099537612489435,0.7030278924078954,0.0,0.2969721075921046,0.0,0.0,0.2969721075921046,True,2026-06-08,22449.0,0.1218383007582729,0.1218383007582729,7.0,25,5.806219218300573,True,0.8053316800991941,3,0.4152854413481376,9.909171369004426,0,False,-0.022408045026142086,117,automation_change_abs,4.436332620698913
2026-06-22,Snapchat,STATEMENT_CATEGORY_UNSAFE_AND_PROHIBITED_PRODUCTS,18693,7342,0,11351,13339,0,5354,0,0,5354,0.392767346065372,0.0,0.6072326539346279,0.7135826245118494,0.0,0.2864173754881506,0.0,0.0,0.2864173754881506,True,2026-06-15,20113.0,0.0027211073143155184,0.0027211073143155184,7.0,25,-0.08696091880397457,False,0.8533886583679114,3,0.46062131230253944,9.83595789574253,0,False,-0.0781553141597818,527,account_or_service_restriction_rate,0.7920259674762109
2026-06-29,Snapchat,STATEMENT_CATEGORY_UNSAFE_AND_PROHIBITED_PRODUCTS,22985,9335,0,13650,16324,0,6661,0,0,6661,0.406134435501414,0.0,0.5938655644985861,0.7102023058516423,0.0,0.2897976941483576,0.0,0.0,0.2897976941483576,True,2026-06-22,18693.0,0.013367089436041979,0.013367089436041979,7.0,25,0.43973626542112215,False,0.8974180041870202,3,0.49128356868560624,10.042640613928704,0,False,-0.07634400429113826,506,account_or_service_restriction_rate,0.8024030550862922
2026-07-06,Snapchat,STATEMENT_CATEGORY_UNSAFE_AND_PROHIBITED_PRODUCTS,32970,9884,0,23086,19925,0,13045,0,0,13045,0.2997876857749469,0.0,0.700212314225053,0.6043372763117986,0.0,0.3956627236882014,0.0,0.0,0.3956627236882014,True,2026-06-29,22985.0,-0.10634674972646707,0.10634674972646707,7.0,25,-5.482962202293788,True,0.8477096966091612,3,0.5479220108342142,10.403383666209391,0,False,-0.01878512687183447,98,automation_change_abs,3.8492860911850846
2026-07-13,Snapchat,STATEMENT_CATEGORY_UNSAFE_AND_PROHIBITED_PRODUCTS,20248,7364,0,12884,14485,0,5763,0,0,5763,0.3636902410114579,0.0,0.636309758988542,0.7153792967206638,0.0,0.2846207032793362,0.0,0.0,0.2846207032793362,True,2026-07-06,32970.0,0.063902555236511,0.063902555236511,7.0,25,2.9399177645324737,False,0.7648093841642228,3,0.4011191431527649,9.915860688599269,0,False,-0.05391679957105744,313,automation_change_abs,2.2408792233264734
2026-07-20,Snapchat,STATEMENT_CATEGORY_UNSAFE_AND_PROHIBITED_PRODUCTS,18312,5662,0,12650,11874,0,6438,0,0,6438,0.3091961555264307,0.0,0.6908038444735692,0.648427260812582,0.0,0.3515727391874181,0.0,0.0,0.3515727391874181,True,2026-07-13,20248.0,-0.05449408548502721,0.05449408548502721,7.0,25,-2.9176138917044057,False,0.908433586658872,3,0.5992374311324413,9.81536646914095,0,False,-0.05103208020251958,287,automation_change_abs,1.8843487826814633
2026-07-27,Snapchat,STATEMENT_CATEGORY_UNSAFE_AND_PROHIBITED_PRODUCTS,18245,5723,0,12522,11907,0,6338,0,0,6338,0.3136749794464237,0.0,0.6863250205535764,0.652617155385037,0.0,0.347382844614963,0.0,0.0,0.347382844614963,True,2026-07-20,18312.0,0.004478823919992991,0.004478823919992991,7.0,25,0.0,False,0.8797632591494203,3,0.5660882797029967,9.81170115690542,0,False,-0.07686613882850327,513,account_or_service_restriction_rate,0.9791811081338379
2026-08-03,Snapchat,STATEMENT_CATEGORY_UNSAFE_AND_PROHIBITED_PRODUCTS,17513,6148,0,11365,12222,0,5291,0,0,5291,0.351053503111974,0.0,0.6489464968880261,0.6978815736881174,0.0,0.3021184263118826,0.0,0.0,0.3021184263118826,True,2026-07-27,18245.0,0.03737852366555028,0.03737852366555028,7.0,25,1.6276731465171803,False,0.9449567067703384,3,0.5939032036583645,9.77075584008217,0,False,-0.06608192039328463,429,automation_change_abs,1.2357609720629887
2026-08-10,Snapchat,STATEMENT_CATEGORY_UNSAFE_AND_PROHIBITED_PRODUCTS,18249,6030,0,12219,12312,0,5937,0,0,5937,0.3304290646062798,0.0,0.6695709353937203,0.6746671050468519,0.0,0.3253328949531481,0.0,0.0,0.3253328949531481,True,2026-08-03,17513.0,-0.020624438505694176,0.020624438505694176,7.0,25,-1.2419537702857724,False,0.919811503553685,3,0.5893824389474052,9.811920359010637,0,False,-0.07205224907136536,473,account_or_service_restriction_rate,0.9114909633755549
2026-08-17,Snapchat,STATEMENT_CATEGORY_UNSAFE_AND_PROHIBITED_PRODUCTS,18636,6570,0,12066,13042,0,5594,0,0,5594,0.3525434642627173,0.0,0.6474565357372827,0.6998282893324748,0.0,0.3001717106675252,0.0,0.0,0.3001717106675252,True,2026-08-10,18249.0,0.022114399656437522,0.022114399656437522,7.0,25,0.8724989368164969,False,0.9088459753519312,3,0.5563025110892139,9.832904131080666,0,False,-0.07611505833298811,504,account_or_service_restriction_rate,0.8342497799395169
2026-08-24,Snapchat,STATEMENT_CATEGORY_UNSAFE_AND_PROHIBITED_PRODUCTS,18124,6476,0,11648,12602,0,5522,0,0,5522,0.3573162657250055,0.0,0.6426837342749945,0.6953211211653056,0.0,0.3046788788346943,0.0,0.0,0.3046788788346943,True,2026-08-17,18636.0,0.004772801462288201,0.004772801462288201,7.0,25,0.014544185964421965,False,0.939953612232626,3,0.5826373465076204,9.805047479722875,0,False,-0.08031484958284696,555,account_or_service_restriction_rate,0.8480861319659319
2026-03-09,Snapchat,STATEMENT_CATEGORY_VIOLENCE,1966,41,0,1925,1869,0,97,0,0,97,0.0208545269582909,0.0,0.9791454730417092,0.9506612410986776,0.0,0.0493387589013224,0.0,0.0,0.0493387589013224,True,2026-03-02,1675.0,0.0071231836747089,0.0071231836747089,7.0,25,1.2712977751318195,False,0.5186024733439526,4,0.4977479463856617,7.584264818389059,0,False,-0.10562557072785639,833,log1p_represented_sors,0.7983442401155657
2026-03-16,Snapchat,STATEMENT_CATEGORY_VIOLENCE,1948,32,0,1916,1866,0,82,0,0,82,0.0164271047227926,0.0,0.9835728952772074,0.957905544147844,0.0,0.042094455852156,0.0,0.0,0.042094455852156,True,2026-03-09,1966.0,-0.004427422235498298,0.004427422235498298,7.0,25,-0.3801546125976068,False,0.709363742534747,4,0.6929366378119544,7.575071699507561,0,False,-0.11927132726436765,949,log1p_represented_sors,0.8014714645815136
2026-03-23,Snapchat,STATEMENT_CATEGORY_VIOLENCE,1773,31,0,1742,1674,0,99,0,0,99,0.0174844895657078,0.0,0.9825155104342922,0.9441624365482234,0.0,0.0558375634517766,0.0,0.0,0.0558375634517766,True,2026-03-16,1948.0,0.0010573848429151975,0.0010573848429151975,7.0,25,0.40403781992896903,False,0.765625,3,0.7481405104342922,7.480992162869525,0,False,-0.1244645149569827,979,log1p_represented_sors,0.8334745130041363
2026-03-30,Snapchat,STATEMENT_CATEGORY_VIOLENCE,1718,27,0,1691,1616,0,102,0,0,102,0.0157159487776484,0.0,0.9842840512223516,0.940628637951106,0.0,0.059371362048894,0.0,0.0,0.059371362048894,True,2026-03-23,1773.0,-0.001768540788059398,0.001768540788059398,7.0,25,0.0,False,0.7562568008705114,3,0.740540852092863,7.449498005382849,0,False,-0.1220162978284215,966,log1p_represented_sors,0.8441878847222991
2026-04-06,Snapchat,STATEMENT_CATEGORY_VIOLENCE,1767,36,0,1731,1656,0,111,0,0,111,0.0203735144312393,0.0,0.9796264855687606,0.9371816638370118,0.0,0.0628183361629881,0.0,0.0,0.0628183361629881,True,2026-03-30,1718.0,0.004657565653590899,0.004657565653590899,7.0,25,0.9187750763350614,False,0.8230808337569904,3,0.8027073193257511,7.477604243197589,0,False,-0.11771547370639653,940,log1p_represented_sors,0.8346269820870792
2026-04-13,Snapchat,STATEMENT_CATEGORY_VIOLENCE,1716,25,0,1691,1634,0,82,0,0,82,0.0145687645687645,0.0,0.9854312354312356,0.9522144522144522,0.0,0.0477855477855477,0.0,0.0,0.0477855477855477,True,2026-04-06,1767.0,-0.0058047498624748,0.0058047498624748,7.0,25,-0.5770785675778392,False,0.7458057956278596,3,0.7312370310590951,7.448333860897476,0,False,-0.11464027506545818,922,log1p_represented_sors,0.8445838919058768
2026-04-20,Snapchat,STATEMENT_CATEGORY_VIOLENCE,2299,40,0,2259,2190,0,109,0,0,109,0.0173988690735102,0.0,0.9826011309264898,0.9525880817746848,0.0,0.0474119182253153,0.0,0.0,0.0474119182253153,True,2026-04-13,1716.0,0.0028301045047456983,0.0028301045047456983,7.0,25,0.6574931053973975,False,0.6514472075010191,3,0.634048338427509,7.7406644019172415,0,False,-0.12482242117909817,981,log1p_represented_sors,0.7451417730988771
2026-04-27,Snapchat,STATEMENT_CATEGORY_VIOLENCE,1968,38,0,1930,1846,0,122,0,0,122,0.0193089430894308,0.0,0.9806910569105692,0.9380081300813008,0.0,0.0619918699186991,0.0,0.0,0.0619918699186991,True,2026-04-20,2299.0,0.0019100740159206028,0.0019100740159206028,7.0,25,0.525951387208276,False,0.7209734384603312,4,0.7016644953709005,7.585281078639126,0,False,-0.12375544918624512,976,log1p_represented_sors,0.7979985387318737
2026-05-04,Snapchat,STATEMENT_CATEGORY_VIOLENCE,1725,27,0,1698,1614,0,111,0,0,111,0.0156521739130434,0.0,0.9843478260869564,0.9356521739130436,0.0,0.0643478260869565,0.0,0.0,0.0643478260869565,True,2026-04-27,1968.0,-0.003656769176387402,0.003656769176387402,7.0,25,-0.2699701907176254,False,0.7917970845516913,4,0.7761449106386479,7.453561871643373,0,False,-0.11876607898944713,945,log1p_represented_sors,0.8428054787989047
2026-05-11,Snapchat,STATEMENT_CATEGORY_VIOLENCE,1888,41,0,1847,1766,0,122,0,0,122,0.0217161016949152,0.0,0.9782838983050848,0.9353813559322034,0.0,0.0646186440677966,0.0,0.0,0.0646186440677966,True,2026-05-04,1725.0,0.0060639277818718,0.0060639277818718,7.0,25,1.11985025047024,False,0.7706361572749882,4,0.748920055580073,7.543802867501509,0,False,-0.1152784472027972,925,log1p_represented_sors,0.8121081873011272
2026-05-18,Snapchat,STATEMENT_CATEGORY_VIOLENCE,1479,27,0,1452,1361,0,118,0,0,118,0.0182555780933062,0.0,0.9817444219066938,0.9202163624070318,0.0,0.0797836375929682,0.0,0.0,0.0797836375929682,True,2026-05-11,1888.0,-0.003460523601608999,0.003460523601608999,7.0,25,-0.24191190307725746,False,0.7481394080630228,4,0.7298838299697166,7.299797366758161,0,False,-0.10624183895084216,837,log1p_represented_sors,0.8951115707650567
2026-05-25,Snapchat,STATEMENT_CATEGORY_VIOLENCE,3078,79,0,2999,2932,0,146,0,0,146,0.025666016894087,0.0,0.9743339831059128,0.9525666016894088,0.0,0.0474333983105912,0.0,0.0,0.0474333983105912,True,2026-05-18,1479.0,0.007410438800780798,0.007410438800780798,7.0,25,1.3123681888855898,False,0.8557022084025578,4,0.8300361915084709,8.0323601479245,0,False,-0.11997234224023993,952,log1p_represented_sors,0.64591559259525
2026-06-01,Snapchat,STATEMENT_CATEGORY_VIOLENCE,15254,391,0,14863,15112,0,142,0,0,142,0.0256326209518814,0.0,0.9743673790481184,0.9906909663039204,0.0,0.0093090336960797,0.0,0.0,0.0093090336960797,True,2026-05-25,3078.0,-3.33959422056003e-05,3.33959422056003e-05,7.0,25,0.2480830114902829,False,0.8046713087340315,4,0.7790386877821501,9.63266259715077,0,False,-0.13077651096104417,1015,content_removed_rate,0.4667306148887611
2026-06-08,Snapchat,STATEMENT_CATEGORY_VIOLENCE,2102,36,0,2066,1985,0,117,0,0,117,0.0171265461465271,0.0,0.9828734538534728,0.9443387250237868,0.0,0.0556612749762131,0.0,0.0,0.0556612749762131,True,2026-06-01,15254.0,-0.0085060748053543,0.0085060748053543,7.0,25,-0.9633015554999836,False,0.8486364485188015,4,0.8315099023722744,7.6511201757027,0,False,-0.11386367017532997,916,log1p_represented_sors,0.775602044374827
2026-06-15,Snapchat,STATEMENT_CATEGORY_VIOLENCE,1814,38,0,1776,1700,0,114,0,0,114,0.0209481808158765,0.0,0.9790518191841234,0.9371554575523704,0.0,0.0628445424476295,0.0,0.0,0.0628445424476295,True,2026-06-08,2102.0,0.0038216346693493997,0.0038216346693493997,7.0,25,0.7992575176342929,False,0.8713523434273385,4,0.850404162611462,7.503840746698951,0,False,-0.1156975981662662,928,log1p_represented_sors,0.8257021072205618
2026-06-22,Snapchat,STATEMENT_CATEGORY_VIOLENCE,1610,35,0,1575,1488,0,122,0,0,122,0.0217391304347826,0.0,0.9782608695652174,0.924223602484472,0.0,0.0757763975155279,0.0,0.0,0.0757763975155279,True,2026-06-15,1814.0,0.0007909496189061026,0.0007909496189061026,7.0,25,0.3659441397977636,False,0.8428578533989449,4,0.8211187229641623,7.384610383176974,0,False,-0.11396992573092875,918,log1p_represented_sors,0.8662607157511447
2026-06-29,Snapchat,STATEMENT_CATEGORY_VIOLENCE,1777,32,0,1745,1684,0,93,0,0,93,0.0180078784468204,0.0,0.9819921215531796,0.947664603263928,0.0,0.052335396736072,0.0,0.0,0.052335396736072,True,2026-06-22,1610.0,-0.0037312519879621996,0.0037312519879621996,7.0,25,-0.28061939977005285,False,0.7709979258914652,4,0.7529900474446448,7.48324441607385,0,False,-0.12225960446967243,968,log1p_represented_sors,0.832708363733702
2026-07-06,Snapchat,STATEMENT_CATEGORY_VIOLENCE,33617,3502,0,30115,33457,0,160,0,0,160,0.1041734836541035,0.0,0.8958265163458964,0.9952405033167744,0.0,0.0047594966832257,0.0,0.0,0.0047594966832257,True,2026-06-29,1777.0,0.0861656052072831,0.0861656052072831,7.0,25,12.572418840697107,False,0.7818263288070888,4,0.6776528451529853,10.422816916793339,0,False,-0.031105427319711852,151,automation_change_abs,3.084529171282085
2026-07-13,Snapchat,STATEMENT_CATEGORY_VIOLENCE,4134,302,0,3832,3973,0,161,0,0,161,0.0730527334300919,0.0,0.926947266569908,0.9610546686018384,0.0,0.0389453313981615,0.0,0.0,0.0389453313981615,True,2026-07-06,33617.0,-0.031120750224011604,0.031120750224011604,7.0,25,-4.196643599042843,False,0.8383084148346371,4,0.7652556814045453,8.327242607457793,0,False,-0.07837821080104093,529,automation_change_abs,0.9986249891135232
2026-07-20,Snapchat,STATEMENT_CATEGORY_VIOLENCE,1757,77,0,1680,1599,0,158,0,0,158,0.0438247011952191,0.0,0.9561752988047808,0.9100739897552648,0.0,0.0899260102447353,0.0,0.0,0.0899260102447353,True,2026-07-13,4134.0,-0.029228032234872803,0.029228032234872803,7.0,25,-3.926031505897191,False,0.6937495246421335,4,0.6499248234469144,7.471932078245122,0,False,-0.06129731693412296,385,automation_change_abs,0.9269011491577248
2026-07-27,Snapchat,STATEMENT_CATEGORY_VIOLENCE,1509,40,0,1469,1412,0,97,0,0,97,0.0265076209410205,0.0,0.9734923790589796,0.9357190192180252,0.0,0.0642809807819748,0.0,0.0,0.0642809807819748,True,2026-07-20,1757.0,-0.017317080254198598,0.017317080254198598,7.0,25,-2.2230584981147703,False,0.8293577741919409,4,0.8028501532509204,7.31986492980897,0,False,-0.08122476404184473,564,log1p_represented_sors,0.8882851851876064
2026-08-03,Snapchat,STATEMENT_CATEGORY_VIOLENCE,2643,143,0,2500,2517,0,126,0,0,126,0.0541051835035944,0.0,0.9458948164964056,0.9523269012485812,0.0,0.0476730987514188,0.0,0.0,0.0476730987514188,True,2026-07-27,1509.0,0.027597562562573903,0.027597562562573903,7.0,25,4.198630086916586,False,0.8104244410573735,4,0.7563192575537792,7.880048200971577,0,False,-0.07827618640769622,528,automation_change_abs,0.86511511103698
2026-08-10,Snapchat,STATEMENT_CATEGORY_VIOLENCE,2331,111,0,2220,2204,0,126,0,0,126,0.0476190476190476,0.0,0.9523809523809524,0.9455169455169457,0.0,0.054054054054054,0.0,0.0,0.054054054054054,True,2026-08-03,2643.0,-0.006486135884546801,0.006486135884546801,7.0,25,-0.6745,False,0.8491211478074095,4,0.801502100188362,7.754481547470383,0,False,-0.11155001184035014,896,log1p_represented_sors,0.7404415928683886
2026-08-17,Snapchat,STATEMENT_CATEGORY_VIOLENCE,1987,89,0,1898,1843,0,144,0,0,144,0.0447911424257674,0.0,0.9552088575742324,0.9275289380976346,0.0,0.0724710619023653,0.0,0.0,0.0724710619023653,True,2026-08-10,2331.0,-0.002827905193280203,0.002827905193280203,7.0,25,-0.15146303926198787,False,0.8409068548780998,4,0.7961157124523324,7.59488438721652,0,False,-0.11203272017509032,900,log1p_represented_sors,0.7947317799828145
2026-08-24,Snapchat,STATEMENT_CATEGORY_VIOLENCE,1765,40,0,1725,1623,0,142,0,0,142,0.0226628895184136,0.0,0.9773371104815864,0.9195467422096316,0.0,0.0804532577903682,0.0,0.0,0.0804532577903682,True,2026-08-17,1987.0,-0.0221282529073538,0.0221282529073538,7.0,25,-2.910937785798749,False,0.8529943690846136,4,0.8303314795662,7.476472381163905,0,False,-0.0770534286043025,516,log1p_represented_sors,0.8350120077447954
2026-03-09,TikTok,STATEMENT_CATEGORY_DATA_PROTECTION_AND_PRIVACY_VIOLATIONS,38977,37318,0,1659,37551,0,0,0,0,0,0.9574364368730276,0.0,0.0425635631269723,0.9634143212663878,0.0,0.0,0.0,0.0,0.0,True,2026-03-02,5957.0,0.24382220151966183,0.24382220151966183,7.0,25,22.752882390448367,True,0.0,2,0.9574364368730276,10.57075266338197,0,False,0.029143795911666583,23,automation_change_abs,9.058866894478797
2026-03-16,TikTok,STATEMENT_CATEGORY_DATA_PROTECTION_AND_PRIVACY_VIOLATIONS,37828,35068,0,2760,35407,0,0,0,0,0,0.9270381727820662,0.0,0.0729618272179338,0.9359997885164428,0.0,0.0,0.0,0.0,0.0,True,2026-03-09,38977.0,-0.030398264090961358,0.030398264090961358,7.0,25,-2.885210794814574,False,0.0,2,0.9270381727820662,10.540831283230636,0,False,-0.0911019814802265,652,automation_change_abs,0.9712466474511408
2026-03-23,TikTok,STATEMENT_CATEGORY_DATA_PROTECTION_AND_PRIVACY_VIOLATIONS,42120,40548,0,1572,40803,0,0,0,0,0,0.9626780626780628,0.0,0.0373219373219373,0.9687321937321938,0.0,0.0,0.0,0.0,0.0,True,2026-03-16,37828.0,0.035639889895996535,0.035639889895996535,7.0,25,3.2889904703253543,False,0.0,2,0.9626780626780628,10.64830170765649,0,False,-0.08137085105291778,565,automation_change_abs,1.1698760959510652
2026-03-30,TikTok,STATEMENT_CATEGORY_DATA_PROTECTION_AND_PRIVACY_VIOLATIONS,47205,45465,0,1740,45838,0,0,0,0,0,0.9631394979345408,0.0,0.0368605020654591,0.9710412032623664,0.0,0.0,0.0,0.0,0.0,True,2026-03-23,42120.0,0.00046143525647801553,0.00046143525647801553,7.0,25,0.0,False,0.0,2,0.9631394979345408,10.762276282138824,0,False,-0.09930420621303952,747,weekly_peer_divergence_abs,0.7471209415011462
2026-04-06,TikTok,STATEMENT_CATEGORY_DATA_PROTECTION_AND_PRIVACY_VIOLATIONS,43650,42052,0,1598,42337,0,0,0,0,0,0.9633906071019472,0.0,0.0366093928980526,0.9699198167239405,0.0,0.0,0.0,0.0,0.0,True,2026-03-30,47205.0,0.0002511091674064492,0.0002511091674064492,7.0,25,-0.019664323225843994,False,0.0,2,0.9633906071019472,10.683981470512775,0,False,-0.09890973693004304,741,weekly_peer_divergence_abs,0.747662898142364
2026-04-13,TikTok,STATEMENT_CATEGORY_DATA_PROTECTION_AND_PRIVACY_VIOLATIONS,45184,43430,0,1754,43718,0,0,0,0,0,0.9611809490084986,0.0,0.0388190509915014,0.9675548866855525,0.0,0.0,0.0,0.0,0.0,True,2026-04-06,43650.0,-0.002209658093448641,0.002209658093448641,7.0,25,-0.2497324189843503,False,0.0,2,0.9611809490084986,10.718520452336056,0,False,-0.10131038437267077,770,weekly_peer_divergence_abs,0.74289390109246
2026-04-20,TikTok,STATEMENT_CATEGORY_DATA_PROTECTION_AND_PRIVACY_VIOLATIONS,42126,40368,0,1758,40606,0,0,0,0,0,0.9582680529839054,0.0,0.0417319470160945,0.9639177704980296,0.0,0.0,0.0,0.0,0.0,True,2026-04-13,45184.0,-0.0029128960245932145,0.0029128960245932145,7.0,25,-0.3154812666130214,False,0.0,2,0.9582680529839054,10.648444144272437,0,False,-0.10232691881658833,786,weekly_peer_divergence_abs,0.7366071399916595
2026-04-27,TikTok,STATEMENT_CATEGORY_DATA_PROTECTION_AND_PRIVACY_VIOLATIONS,37018,35708,0,1310,35963,0,0,0,0,0,0.964611810470582,0.0,0.0353881895294181,0.9715003511805068,0.0,0.0,0.0,0.0,0.0,True,2026-04-20,42126.0,0.006343757486676593,0.006343757486676593,7.0,25,0.5499645154046172,False,0.0,2,0.964611810470582,10.519186573336931,0,False,-0.09826501669131371,735,weekly_peer_divergence_abs,0.7502985616776497
2026-05-04,TikTok,STATEMENT_CATEGORY_DATA_PROTECTION_AND_PRIVACY_VIOLATIONS,43286,40594,0,2692,41264,0,0,0,0,0,0.937808991359793,0.0,0.062191008640207,0.95328743704662,0.0,0.0,0.0,0.0,0.0,True,2026-04-27,37018.0,-0.026802819110788967,0.026802819110788967,7.0,25,-2.5490566232472474,False,0.0,3,0.937808991359793,10.675607637965365,0,False,-0.09274203268300814,672,automation_change_abs,0.8349986053193598
2026-05-11,TikTok,STATEMENT_CATEGORY_DATA_PROTECTION_AND_PRIVACY_VIOLATIONS,48707,46339,0,2368,46933,0,0,0,0,0,0.9513827581251156,0.0,0.0486172418748845,0.9635781304535282,0.0,0.0,0.0,0.0,0.0,True,2026-05-04,43286.0,0.013573766765322626,0.013573766765322626,7.0,25,1.2259302979127984,False,0.0,3,0.9513827581251156,10.793598566626898,0,False,-0.09852824054870421,738,weekly_peer_divergence_abs,0.7217469446670337
2026-05-18,TikTok,STATEMENT_CATEGORY_DATA_PROTECTION_AND_PRIVACY_VIOLATIONS,42521,40376,0,2145,41069,0,0,0,0,0,0.9495543378565884,0.0,0.0504456621434114,0.96585216716446,0.0,0.0,0.0,0.0,0.0,True,2026-05-11,48707.0,-0.0018284202685272533,0.0018284202685272533,7.0,25,-0.2140887960355063,False,0.0,3,0.9495543378565884,10.657776868038312,0,False,-0.10163590777617555,776,weekly_peer_divergence_abs,0.717800754578873
2026-05-25,TikTok,STATEMENT_CATEGORY_DATA_PROTECTION_AND_PRIVACY_VIOLATIONS,53706,51409,0,2297,51954,0,0,0,0,0,0.9572301046438014,0.0,0.0427698953561985,0.9673779465981456,0.0,0.0,0.0,0.0,0.0,True,2026-05-18,42521.0,0.007675766787213045,0.007675766787213045,7.0,25,0.6744999999999999,False,0.0,3,0.9572301046438014,10.89129862581914,0,False,-0.10082624062994831,764,weekly_peer_divergence_abs,0.734366986826523
2026-06-01,TikTok,STATEMENT_CATEGORY_DATA_PROTECTION_AND_PRIVACY_VIOLATIONS,57355,55699,0,1656,55933,0,0,0,0,0,0.971127190305989,0.0,0.0288728096940109,0.975207043849708,0.0,0.0,0.0,0.0,0.0,True,2026-05-25,53706.0,0.013897085662187614,0.013897085662187614,7.0,25,1.2561588222059168,False,0.4660689170182841,2,0.5050582732877049,10.957032737834929,0,False,-0.0856832852161424,611,fully_automated_rate,0.6828317556688583
2026-06-08,TikTok,STATEMENT_CATEGORY_DATA_PROTECTION_AND_PRIVACY_VIOLATIONS,63503,62028,0,1475,62014,0,0,0,0,0,0.9767727508936586,0.0,0.0232272491063414,0.9765522888682424,0.0,0.0,0.0,0.0,0.0,True,2026-06-01,57355.0,0.005645560587669518,0.005645560587669518,7.0,25,0.4846869763320136,False,0.4561671763506626,2,0.5206055745429959,11.058858175022847,0,False,-0.08823630514904439,635,fully_automated_rate,0.6892453491672662
2026-06-15,TikTok,STATEMENT_CATEGORY_DATA_PROTECTION_AND_PRIVACY_VIOLATIONS,58939,58183,0,756,57853,0,0,0,0,0,0.9871731790495256,0.0,0.0128268209504742,0.9815741699044775,0.0,0.0,0.0,0.0,0.0,True,2026-06-08,63503.0,0.010400428155867059,0.010400428155867059,7.0,25,0.9292407317403792,False,0.4659267637494698,2,0.5212464153000558,10.984275256291685,0,False,-0.08361555755286953,587,fully_automated_rate,0.7010606715547039
2026-06-22,TikTok,STATEMENT_CATEGORY_DATA_PROTECTION_AND_PRIVACY_VIOLATIONS,44542,43543,0,999,43546,0,0,0,0,0,0.9775717300525348,0.0,0.0224282699474653,0.9776390822145392,0.0,0.0,0.0,0.0,0.0,True,2026-06-15,58939.0,-0.00960144899699078,0.00960144899699078,7.0,25,-0.9408238864610605,False,0.0,3,0.9775717300525348,10.70421029372945,0,False,-0.09098830684638262,649,weekly_peer_divergence_abs,0.7782693226006052
2026-06-29,TikTok,STATEMENT_CATEGORY_DATA_PROTECTION_AND_PRIVACY_VIOLATIONS,41061,40117,0,944,40238,0,0,0,0,0,0.9770098146659848,0.0,0.0229901853340152,0.9799566498623998,0.0,0.0,0.0,0.0,0.0,True,2026-06-22,44542.0,-0.0005619153865500381,0.0005619153865500381,7.0,25,-0.09567761140193903,False,0.0,3,0.9770098146659848,10.622838398592709,0,False,-0.09148821259746645,657,weekly_peer_divergence_abs,0.7770565680895349
2026-07-06,TikTok,STATEMENT_CATEGORY_DATA_PROTECTION_AND_PRIVACY_VIOLATIONS,52896,52173,0,723,52222,0,0,0,0,0,0.98633166969147,0.0,0.0136683303085299,0.9872580157289776,0.0,0.0,0.0,0.0,0.0,True,2026-06-29,41061.0,0.009321855025485215,0.009321855025485215,7.0,25,0.8284001239386426,False,0.0,3,0.98633166969147,10.876101905463226,0,False,-0.08337386873745203,583,weekly_peer_divergence_abs,0.7971754721172564
2026-07-13,TikTok,STATEMENT_CATEGORY_DATA_PROTECTION_AND_PRIVACY_VIOLATIONS,39521,38833,0,688,38863,0,0,0,0,0,0.98259153361504,0.0,0.0174084663849598,0.9833506237190356,0.0,0.0,0.0,0.0,0.0,True,2026-07-06,52896.0,-0.0037401360764299785,0.0037401360764299785,7.0,25,-0.39282362502651785,False,0.0,3,0.98259153361504,10.584612757868747,0,False,-0.08860700176694083,638,weekly_peer_divergence_abs,0.7891033192499791
2026-07-20,TikTok,STATEMENT_CATEGORY_DATA_PROTECTION_AND_PRIVACY_VIOLATIONS,29674,28985,0,689,29041,0,0,0,0,0,0.9767810204219182,0.0,0.0232189795780818,0.9786681943789176,0.0,0.0,0.0,0.0,0.0,True,2026-07-13,39521.0,-0.005810513193121869,0.005810513193121869,7.0,25,-0.5863924067299006,False,0.0,3,0.9767810204219182,10.298060219477868,0,False,-0.08852610629699845,637,weekly_peer_divergence_abs,0.7765627726565565
2026-07-27,TikTok,STATEMENT_CATEGORY_DATA_PROTECTION_AND_PRIVACY_VIOLATIONS,26934,26110,0,824,26270,0,0,0,0,0,0.9694066978540136,0.0,0.0305933021459864,0.9753471448726516,0.0,0.0,0.0,0.0,0.0,True,2026-07-20,29674.0,-0.007374322567904601,0.007374322567904601,7.0,25,-0.732599913107624,False,0.0,3,0.9694066978540136,10.201181835114634,0,False,-0.09066388386915884,647,weekly_peer_divergence_abs,0.7606471327321509
2026-08-03,TikTok,STATEMENT_CATEGORY_DATA_PROTECTION_AND_PRIVACY_VIOLATIONS,30736,30126,0,610,30221,0,0,0,0,0,0.9801535658511192,0.0,0.0198464341488807,0.9832444039562728,0.0,0.0,0.0,0.0,0.0,True,2026-07-27,26934.0,0.010746867997105669,0.010746867997105669,7.0,25,0.9616309361439236,False,0.0,3,0.9801535658511192,10.33322241961703,0,False,-0.08226894355018737,572,weekly_peer_divergence_abs,0.7838415725985985
2026-08-10,TikTok,STATEMENT_CATEGORY_DATA_PROTECTION_AND_PRIVACY_VIOLATIONS,52791,52326,0,465,52432,0,0,0,0,0,0.9911916804000682,0.0,0.0088083195999318,0.9931995984163968,0.0,0.0,0.0,0.0,0.0,True,2026-08-03,30736.0,0.011038114548948985,0.011038114548948985,7.0,25,0.9888608739949087,False,0.0,3,0.9911916804000682,10.874114943063258,0,False,-0.07458616015000513,494,weekly_peer_divergence_abs,0.8076645956610862
2026-08-17,TikTok,STATEMENT_CATEGORY_DATA_PROTECTION_AND_PRIVACY_VIOLATIONS,75049,74658,0,391,74761,0,0,0,0,0,0.9947900704872816,0.0,0.0052099295127183,0.9961625071619876,0.0,0.0,0.0,0.0,0.0,True,2026-08-10,52791.0,0.00359839008721341,0.00359839008721341,7.0,25,0.29328788458318167,False,0.0,3,0.9947900704872816,11.225909837061607,0,False,-0.07329291291968533,480,weekly_peer_divergence_abs,0.8154308250887083
2026-08-24,TikTok,STATEMENT_CATEGORY_DATA_PROTECTION_AND_PRIVACY_VIOLATIONS,64384,64005,0,379,64086,0,0,0,0,0,0.994113444333996,0.0,0.0058865556660039,0.9953715208747514,0.0,0.0,0.0,0.0,0.0,True,2026-08-17,75049.0,-0.0006766261532856754,0.0006766261532856754,7.0,25,-0.10640243210550107,False,0.0,3,0.994113444333996,11.072635965707883,0,False,-0.07434684090863351,492,weekly_peer_divergence_abs,0.8139704959371196
2026-03-09,TikTok,STATEMENT_CATEGORY_ILLEGAL_OR_HARMFUL_SPEECH,931071,713197,0,217874,810664,0,0,0,0,0,0.7659963633278235,0.0,0.2340036366721764,0.8706790352185816,0.0,0.0,0.0,0.0,0.0,True,2026-03-02,1417534.0,-0.08521496564206366,0.08521496564206366,7.0,25,-6.01898399610956,False,0.0170506912442396,3,0.7489456720835839,13.744091889466551,0,False,-0.03810786630655011,190,automation_change_abs,3.048505040681164
2026-03-16,TikTok,STATEMENT_CATEGORY_ILLEGAL_OR_HARMFUL_SPEECH,913293,708957,0,204336,795577,0,0,0,0,0,0.7762645722676075,0.0,0.2237354277323925,0.8711081766749553,0.0,0.0,0.0,0.0,0.0,True,2026-03-09,931071.0,0.010268208939783974,0.010268208939783974,7.0,25,0.6757310297201742,False,0.0120589548905761,3,0.7642056173770314,13.724813123075359,0,False,-0.08502916240101546,603,log1p_represented_sors,1.2904868889365604
2026-03-23,TikTok,STATEMENT_CATEGORY_ILLEGAL_OR_HARMFUL_SPEECH,936951,751958,0,184993,838961,0,0,0,0,0,0.802558511597725,0.0,0.197441488402275,0.8954160889950489,0.0,0.0,0.0,0.0,0.0,True,2026-03-16,913293.0,0.026293939330117477,0.026293939330117477,7.0,25,1.7993603865561845,False,0.0144657022865142,3,0.7880928093112107,13.750387332587158,0,False,-0.08114404996935902,562,log1p_represented_sors,1.2991864711690424
2026-03-30,TikTok,STATEMENT_CATEGORY_ILLEGAL_OR_HARMFUL_SPEECH,971940,785795,0,186145,870313,0,0,0,0,0,0.808480976191946,0.0,0.191519023808054,0.8954390188694775,0.0,0.0,0.0,0.0,0.0,True,2026-03-23,936951.0,0.005922464594221077,0.005922464594221077,7.0,25,0.3710331591679573,False,0.0170979667282809,3,0.7913830094636651,13.787050382011804,0,False,-0.09247724397201115,668,log1p_represented_sors,1.3116581455414649
2026-04-06,TikTok,STATEMENT_CATEGORY_ILLEGAL_OR_HARMFUL_SPEECH,938412,768007,0,170405,848090,0,0,0,0,0,0.8184113161383273,0.0,0.1815886838616727,0.9037501651726534,0.0,0.0,0.0,0.0,0.0,True,2026-03-30,971940.0,0.009930339946381261,0.009930339946381261,7.0,25,0.6520416557880561,False,0.0172043010752688,3,0.8012070150630585,13.75194542959288,0,False,-0.09296906340423194,674,log1p_represented_sors,1.2997164892335775
2026-04-13,TikTok,STATEMENT_CATEGORY_ILLEGAL_OR_HARMFUL_SPEECH,832239,675538,0,156701,745842,0,0,0,0,0,0.8117115395937946,0.0,0.1882884604062054,0.8961872731270705,0.0,0.0,0.0,0.0,0.0,True,2026-04-06,938412.0,-0.006699776544532687,0.006699776544532687,7.0,25,-0.5139636769900838,False,0.011639185257032,3,0.8000723543367626,13.631876139744778,0,False,-0.09614637975158682,715,log1p_represented_sors,1.258872503023667
2026-04-20,TikTok,STATEMENT_CATEGORY_ILLEGAL_OR_HARMFUL_SPEECH,825833,675552,0,150281,742592,0,0,0,0,0,0.8180249517759643,0.0,0.1819750482240356,0.8992035920095225,0.0,0.0,0.0,0.0,0.0,True,2026-04-13,832239.0,0.006313412182169742,0.006313412182169742,7.0,25,0.39844408997135555,False,0.0116129032258064,3,0.8064120485501579,13.624149063783234,0,False,-0.096144657717518,714,log1p_represented_sors,1.256243982571722
2026-04-27,TikTok,STATEMENT_CATEGORY_ILLEGAL_OR_HARMFUL_SPEECH,875199,716448,0,158751,779982,0,0,0,0,0,0.818611538632928,0.0,0.1813884613670719,0.8912053144484854,0.0,0.0,0.0,0.0,0.0,True,2026-04-20,825833.0,0.0005865868569636667,0.0005865868569636667,7.0,25,-0.003087004096898335,False,0.0150273224043715,3,0.8035842162285565,13.682207710649854,0,False,-0.09327995228808486,679,log1p_represented_sors,1.275993800156104
2026-05-04,TikTok,STATEMENT_CATEGORY_ILLEGAL_OR_HARMFUL_SPEECH,1005126,834737,0,170389,913530,0,0,0,0,0,0.8304799597264423,0.0,0.1695200402735577,0.9088711266050228,0.0,0.0,0.0,0.0,0.0,True,2026-04-27,875199.0,0.01186842109351427,0.01186842109351427,7.0,25,0.7879284341006756,False,0.0143472022955523,3,0.81613275743089,13.820624459650734,0,False,-0.09034154618659954,646,log1p_represented_sors,1.3230790439729432
2026-05-11,TikTok,STATEMENT_CATEGORY_ILLEGAL_OR_HARMFUL_SPEECH,1037602,858668,0,178934,929990,0,0,0,0,0,0.827550448052336,0.0,0.1724495519476639,0.8962877866465176,0.0,0.0,0.0,0.0,0.0,True,2026-05-04,1005126.0,-0.0029295116741062666,0.0029295116741062666,7.0,25,-0.24961502090549328,False,0.0119199659429544,3,0.8156304821093816,13.852423803267778,0,False,-0.09330431406433762,680,log1p_represented_sors,1.333896230897442
2026-05-18,TikTok,STATEMENT_CATEGORY_ILLEGAL_OR_HARMFUL_SPEECH,1014926,835864,0,179062,912072,0,0,0,0,0,0.8235713736765045,0.0,0.1764286263234955,0.8986586214167338,0.0,0.0,0.0,0.0,0.0,True,2026-05-11,1037602.0,-0.003979074375831559,0.003979074375831559,7.0,25,-0.32320414506859574,False,0.0139982502187226,3,0.8095731234577819,13.830327246689306,0,False,-0.0930784483758359,676,log1p_represented_sors,1.3263796423232999
2026-05-25,TikTok,STATEMENT_CATEGORY_ILLEGAL_OR_HARMFUL_SPEECH,1494340,1231638,0,262702,1355561,0,0,0,0,0,0.8242019888378816,0.0,0.1757980111621184,0.9071302380984247,0.0,0.0,0.0,0.0,0.0,True,2026-05-18,1014926.0,0.0006306151613771904,0.0006306151613771904,7.0,25,0.0,False,0.0122832369942196,3,0.811918751843662,14.217195864949279,0,False,-0.07801773903863558,525,log1p_represented_sors,1.4579807913702167
2026-06-01,TikTok,STATEMENT_CATEGORY_ILLEGAL_OR_HARMFUL_SPEECH,1727264,1529174,0,198090,1618744,0,0,0,0,0,0.8853157363321414,0.0,0.1146842636678585,0.9371723141337978,0.0,0.0,0.0,0.0,0.0,True,2026-05-25,1494340.0,0.061113747494259796,0.061113747494259796,7.0,25,4.240719232592174,False,0.0147397512666973,3,0.8705759850654441,14.362049790638126,0,False,-0.03558573414261229,171,automation_change_abs,2.135198397487369
2026-06-08,TikTok,STATEMENT_CATEGORY_ILLEGAL_OR_HARMFUL_SPEECH,1755358,1578670,0,176688,1646217,0,0,0,0,0,0.8993436096796209,0.0,0.1006563903203791,0.9378240791906836,0.0,0.0,0.0,0.0,0.0,True,2026-06-01,1727264.0,0.014027873347479458,0.014027873347479458,7.0,25,0.9393364441034249,False,0.0158267388588088,3,0.8835168708208121,14.378183952367444,0,False,-0.06259226221178152,402,log1p_represented_sors,1.5127441303621094
2026-06-15,TikTok,STATEMENT_CATEGORY_ILLEGAL_OR_HARMFUL_SPEECH,1726537,1555327,0,171210,1610686,0,0,0,0,0,0.9008361824855188,0.0,0.0991638175144813,0.9328997872620164,0.0,0.0,0.0,0.0,0.0,True,2026-06-08,1755358.0,0.0014925728058978738,0.0014925728058978738,7.0,25,0.060435368007741845,False,0.0284142988084326,3,0.8724218836770862,14.361628805416482,0,False,-0.06936347927020939,445,log1p_represented_sors,1.5071125638339526
2026-06-22,TikTok,STATEMENT_CATEGORY_ILLEGAL_OR_HARMFUL_SPEECH,1209552,1018849,0,190703,1078745,0,0,0,0,0,0.8423358400465627,0.0,0.1576641599534373,0.8918550008598225,0.0,0.0,0.0,0.0,0.0,True,2026-06-15,1726537.0,-0.05850034243895608,0.05850034243895608,7.0,25,-4.145912744022969,False,0.0192652329749103,3,0.8230706070716524,14.005761427832393,0,False,-0.056923975772434486,333,automation_change_abs,2.0361643908356086
2026-06-29,TikTok,STATEMENT_CATEGORY_ILLEGAL_OR_HARMFUL_SPEECH,1159033,965876,0,193157,1020405,0,0,0,0,0,0.8333464189544215,0.0,0.1666535810455785,0.8803933969093201,0.0,0.0,0.0,0.0,0.0,True,2026-06-22,1209552.0,-0.008989421092141181,0.008989421092141181,7.0,25,-0.6745,False,0.0201149425287356,3,0.8132314764256859,13.963097457525775,0,False,-0.09030342616829641,645,log1p_represented_sors,1.37154410250585
2026-07-06,TikTok,STATEMENT_CATEGORY_ILLEGAL_OR_HARMFUL_SPEECH,1205506,1000982,0,204524,1052326,0,0,0,0,0,0.8303417817912147,0.0,0.1696582182087853,0.8729330256340491,0.0,0.0,0.0,0.0,0.0,True,2026-06-29,1159033.0,-0.003004637163206869,0.003004637163206869,7.0,25,-0.25488237552485077,False,0.0186654223051796,3,0.811676359486035,14.002410783305708,0,False,-0.08897902481307125,640,log1p_represented_sors,1.384917321736618
2026-07-13,TikTok,STATEMENT_CATEGORY_ILLEGAL_OR_HARMFUL_SPEECH,1020053,818164,0,201889,879328,0,0,0,0,0,0.8020798919271842,0.0,0.1979201080728158,0.86204148215828,0.0,0.0,0.0,0.0,0.0,True,2026-07-06,1205506.0,-0.028261889864030443,0.028261889864030443,7.0,25,-2.0257714343342554,False,0.0221119133574007,3,0.7799679785697835,13.83536612503559,0,False,-0.07882516855209444,538,log1p_represented_sors,1.3280937182368777
2026-07-20,TikTok,STATEMENT_CATEGORY_ILLEGAL_OR_HARMFUL_SPEECH,976785,793100,0,183685,852146,0,0,0,0,0,0.8119494054474629,0.0,0.1880505945525371,0.8723987366718366,0.0,0.0,0.0,0.0,0.0,True,2026-07-13,1020053.0,0.00986951352027865,0.00986951352027865,7.0,25,0.6477768668283256,False,0.0211340206185567,3,0.7908153848289061,13.792022869161588,0,False,-0.0917769550459082,662,log1p_represented_sors,1.3133496371529474
2026-07-27,TikTok,STATEMENT_CATEGORY_ILLEGAL_OR_HARMFUL_SPEECH,1125106,902029,0,223077,965959,0,0,0,0,0,0.8017280149603682,0.0,0.1982719850396318,0.8585493277966698,0.0,0.0,0.0,0.0,0.0,True,2026-07-20,976785.0,-0.010221390487094695,0.010221390487094695,7.0,25,-0.7608784018061505,False,0.0178477690288713,3,0.7838802459314969,13.933388700208994,0,False,-0.08515450865508806,605,log1p_represented_sors,1.3614380705996458
2026-08-03,TikTok,STATEMENT_CATEGORY_ILLEGAL_OR_HARMFUL_SPEECH,1100951,864223,0,236728,929073,0,0,0,0,0,0.7849786230268195,0.0,0.2150213769731804,0.8438822436239215,0.0,0.0,0.0,0.0,0.0,True,2026-07-27,1125106.0,-0.01674939193354863,0.01674939193354863,7.0,25,-1.2185832232430556,False,0.0205152671755725,3,0.764463355851247,13.911685818024207,0,False,-0.07791404125038967,524,log1p_represented_sors,1.354055398296077
2026-08-10,TikTok,STATEMENT_CATEGORY_ILLEGAL_OR_HARMFUL_SPEECH,1484316,1240661,0,243655,1307661,0,0,0,0,0,0.8358469490324163,0.0,0.1641530509675837,0.8809855852796844,0.0,0.0,0.0,0.0,0.0,True,2026-08-03,1100951.0,0.050868326005596765,0.050868326005596765,7.0,25,3.5223709216306847,False,0.0211549456832475,3,0.8146920033491688,14.210465291757536,0,False,-0.05727050691583124,339,automation_change_abs,1.7469519839437844
2026-08-17,TikTok,STATEMENT_CATEGORY_ILLEGAL_OR_HARMFUL_SPEECH,1780608,1541050,0,239558,1606615,0,0,0,0,0,0.8654628082093307,0.0,0.1345371917906692,0.9022845005750844,0.0,0.0,0.0,0.0,0.0,True,2026-08-10,1484316.0,0.02961585917691445,0.02961585917691445,7.0,25,2.0322737433894376,False,0.0148107515085024,3,0.8506520567008283,14.392465998584953,0,False,-0.06077117361837593,381,log1p_represented_sors,1.5176024559130912
2026-08-24,TikTok,STATEMENT_CATEGORY_ILLEGAL_OR_HARMFUL_SPEECH,1678835,1440525,0,238310,1499974,0,0,0,0,0,0.8580503742178356,0.0,0.1419496257821644,0.89346123949048,0.0,0.0,0.0,0.0,0.0,True,2026-08-17,1780608.0,-0.00741243399149516,0.00741243399149516,7.0,25,-0.5639309988700179,False,0.0165619645916619,3,0.8414884096261737,14.333611254100148,0,False,-0.07703124833070002,514,log1p_represented_sors,1.4975818296966268
2026-03-09,TikTok,STATEMENT_CATEGORY_INTELLECTUAL_PROPERTY_INFRINGEMENTS,21742,6417,0,15325,0,0,0,0,0,0,0.2951430411185723,0.0,0.7048569588814276,0.0,0.0,0.0,0.0,0.0,0.0,True,2026-03-02,6705.0,-0.2551925293512263,0.2551925293512263,7.0,25,-2.3389391250457563,False,0.0001414227124876,2,0.2950016184060847,9.987047145635058,1,False,0.026399275223561603,27,automation_change_abs,9.489741212954083
2026-03-16,TikTok,STATEMENT_CATEGORY_INTELLECTUAL_PROPERTY_INFRINGEMENTS,18137,5377,0,12760,0,0,0,0,0,0,0.2964657881678337,0.0,0.7035342118321662,0.0,0.0,0.0,0.0,0.0,0.0,True,2026-03-09,21742.0,0.0013227470492613858,0.0013227470492613858,7.0,25,0.012143829091128171,False,0.00013921759710425,2,0.2963265705707295,9.805764464007513,0,False,-0.0715965882524319,465,weekly_peer_divergence_abs,0.6920288042736435
2026-03-23,TikTok,STATEMENT_CATEGORY_INTELLECTUAL_PROPERTY_INFRINGEMENTS,6657,4119,0,2538,0,0,0,0,0,0,0.6187471834159531,0.0,0.3812528165840468,0.0,0.0,0.0,0.0,0.0,0.0,True,2026-03-16,18137.0,0.32228139524811944,0.32228139524811944,7.0,25,2.9538805449388925,False,0.0002149921169557,2,0.6185321912989974,8.80357441813497,0,False,0.02711423100799031,25,automation_change_abs,12.032048681904708
2026-03-30,TikTok,STATEMENT_CATEGORY_INTELLECTUAL_PROPERTY_INFRINGEMENTS,5831,3380,0,2451,0,0,0,0,0,0,0.5796604356028126,0.0,0.4203395643971874,0.0,0.0,0.0,0.0,0.0,0.0,True,2026-03-23,6657.0,-0.03908674781314059,0.03908674781314059,7.0,25,-0.3582281654716668,False,0.00030693677102515,2,0.5793534988317874,8.671115273688494,0,False,-0.09767814083291258,727,automation_change_abs,1.3004934869296885
2026-04-06,TikTok,STATEMENT_CATEGORY_INTELLECTUAL_PROPERTY_INFRINGEMENTS,4757,2712,0,2045,0,0,0,0,0,0,0.5701072104267395,0.0,0.4298927895732604,0.0,0.0,0.0,0.0,0.0,0.0,True,2026-03-30,5831.0,-0.009553225176073044,0.009553225176073044,7.0,25,-0.08753956313198451,False,0.00018091906886985,2,0.5699262913578697,8.467582690862903,0,False,-0.10023224531943878,759,content_removed_rate,0.6123152046858831
2026-04-13,TikTok,STATEMENT_CATEGORY_INTELLECTUAL_PROPERTY_INFRINGEMENTS,4857,2769,0,2088,0,0,0,0,0,0,0.5701050030883261,0.0,0.4298949969116739,0.0,0.0,0.0,0.0,0.0,0.0,True,2026-04-06,4757.0,-2.2073384133847185e-06,2.2073384133847185e-06,7.0,25,0.0,False,0.00014234875444835,2,0.5699626543338778,8.488382109562117,0,False,-0.09528025215057864,704,content_removed_rate,0.6123152046858831
2026-04-20,TikTok,STATEMENT_CATEGORY_INTELLECTUAL_PROPERTY_INFRINGEMENTS,4807,2182,0,2625,0,0,0,0,0,0,0.4539213646765134,0.0,0.5460786353234865,0.0,0.0,0.0,0.0,0.0,0.0,True,2026-04-13,4857.0,-0.11618363841181273,0.11618363841181273,7.0,25,-1.064857368406536,False,3.295978905735003e-05,2,0.453888404887456,8.478036476215044,0,False,-0.06539020458387616,424,automation_change_abs,4.222051307017244
2026-04-27,TikTok,STATEMENT_CATEGORY_INTELLECTUAL_PROPERTY_INFRINGEMENTS,16252,5834,0,10418,0,0,0,0,0,0,0.3589712035441791,0.0,0.6410287964558208,0.0,0.0,0.0,0.0,0.0,0.0,True,2026-04-20,4807.0,-0.09495016113233429,0.09495016113233429,7.0,25,-0.8702425790288705,False,0.0001968697706467,2,0.3587743337735324,9.696032786103176,0,False,-0.057178433066092806,337,automation_change_abs,3.417416630938879
2026-05-04,TikTok,STATEMENT_CATEGORY_INTELLECTUAL_PROPERTY_INFRINGEMENTS,3328,2250,0,1078,0,0,0,0,0,0,0.6760817307692307,0.0,0.3239182692307692,0.0,0.0,0.0,0.0,0.0,0.0,True,2026-04-27,16252.0,0.3171105272250516,0.3171105272250516,7.0,25,2.906487111542958,False,0.0,2,0.6760817307692307,8.110427237575024,1,False,0.027249642931247063,24,automation_change_abs,11.83610057307534
2026-05-11,TikTok,STATEMENT_CATEGORY_INTELLECTUAL_PROPERTY_INFRINGEMENTS,3254,1601,0,1653,0,0,0,0,0,0,0.4920098340503995,0.0,0.5079901659496004,0.0,0.0,0.0,0.0,0.0,0.0,True,2026-05-04,3328.0,-0.18407189671883123,0.18407189671883123,7.0,25,-1.6870851325046023,False,5.336748852595e-05,2,0.49195646656187353,8.08794755464267,0,False,-0.0320998145815356,158,automation_change_abs,6.794651452222191
2026-05-18,TikTok,STATEMENT_CATEGORY_INTELLECTUAL_PROPERTY_INFRINGEMENTS,5149,1595,0,3554,0,0,0,0,0,0,0.3097688871625558,0.0,0.6902311128374442,0.0,0.0,0.0,0.0,0.0,0.0,True,2026-05-11,3254.0,-0.1822409468878437,0.1822409468878437,7.0,25,-1.6703036175869732,False,5.923468783315e-05,2,0.30970965247472265,8.546751993657782,0,False,-0.019836172338848723,103,automation_change_abs,6.725268293506296
2026-05-25,TikTok,STATEMENT_CATEGORY_INTELLECTUAL_PROPERTY_INFRINGEMENTS,3157,1487,0,1670,0,0,0,0,0,0,0.4710167880899588,0.0,0.5289832119100412,0.0,0.0,0.0,0.0,0.0,0.0,True,2026-05-18,5149.0,0.161247900927403,0.161247900927403,7.0,25,1.4779329567280588,False,0.00029850746268655,2,0.4707182806272722,8.057694194815587,0,False,-0.04331398570096521,225,automation_change_abs,5.929744672295049
2026-06-01,TikTok,STATEMENT_CATEGORY_INTELLECTUAL_PROPERTY_INFRINGEMENTS,3313,1242,0,2071,0,0,0,0,0,0,0.3748868095381829,0.0,0.6251131904618171,0.0,0.0,0.0,0.0,0.0,0.0,True,2026-05-25,3157.0,-0.09612997855177591,0.09612997855177591,7.0,25,-0.8810561596575431,False,0.0004493708807669,2,0.37443743865741597,8.105911197986508,0,False,-0.07203110367385132,472,automation_change_abs,3.462125370568705
2026-06-08,TikTok,STATEMENT_CATEGORY_INTELLECTUAL_PROPERTY_INFRINGEMENTS,3344,1358,0,1986,0,0,0,0,0,0,0.4061004784688995,0.0,0.5938995215311005,0.0,0.0,0.0,0.0,0.0,0.0,True,2026-06-01,3313.0,0.031213668930716643,0.031213668930716643,7.0,25,0.28610816332129435,False,0.00015411486694745,2,0.4059463636019521,8.11522197256233,0,False,-0.09576259559032432,710,automation_change_abs,1.002146108734542
2026-06-15,TikTok,STATEMENT_CATEGORY_INTELLECTUAL_PROPERTY_INFRINGEMENTS,3133,1194,0,1939,0,0,0,0,0,0,0.3811043728056176,0.0,0.6188956271943824,0.0,0.0,0.0,0.0,0.0,0.0,True,2026-06-08,3344.0,-0.02499610566328192,0.02499610566328192,7.0,25,-0.22908081395232302,False,0.0002268945696566,2,0.380877478235961,8.050065422915965,0,False,-0.09403661510332158,693,automation_change_abs,0.7665338752863632
2026-06-22,TikTok,STATEMENT_CATEGORY_INTELLECTUAL_PROPERTY_INFRINGEMENTS,7675,919,0,6756,0,0,0,0,0,0,0.1197394136807817,0.0,0.8802605863192182,0.0,0.0,0.0,0.0,0.0,0.0,True,2026-06-15,3133.0,-0.2613649591248359,0.2613649591248359,7.0,25,-2.3955123421655182,False,0.0001846040243677,2,0.119554809656414,8.94585385712759,10,True,0.053678097220013266,15,automation_change_abs,9.723643129542415
2026-06-29,TikTok,STATEMENT_CATEGORY_INTELLECTUAL_PROPERTY_INFRINGEMENTS,4257,823,0,3434,0,0,0,0,0,0,0.1933286351891003,0.0,0.8066713648108997,0.0,0.0,0.0,0.0,0.0,0.0,True,2026-06-22,7675.0,0.07358922150831859,0.07358922150831859,7.0,25,0.6745,False,0.000418200066912,2,0.19291043512218828,8.356554845453426,0,False,-0.04403459288982183,231,automation_change_abs,2.607951817009846
2026-07-06,TikTok,STATEMENT_CATEGORY_INTELLECTUAL_PROPERTY_INFRINGEMENTS,2710,915,0,1795,0,0,0,0,0,0,0.3376383763837638,0.0,0.6623616236162362,0.0,0.0,0.0,0.0,0.0,0.0,True,2026-06-29,4257.0,0.14430974119466353,0.14430974119466353,7.0,25,1.322686769518852,False,0.0,2,0.3376383763837638,7.905072849498666,0,False,-0.03992242482870305,206,automation_change_abs,5.2878794473707975
2026-07-13,TikTok,STATEMENT_CATEGORY_INTELLECTUAL_PROPERTY_INFRINGEMENTS,2972,1006,0,1966,0,0,0,0,0,0,0.338492597577389,0.0,0.6615074024226111,0.0,0.0,0.0,0.0,0.0,0.0,True,2026-07-06,2710.0,0.0008542211936251598,0.0008542211936251598,7.0,25,0.007849569629407336,False,0.00016015374759765,2,0.33833244382979133,7.997326822998097,0,False,-0.08540959482332573,609,log1p_represented_sors,0.6578328833695314
2026-07-20,TikTok,STATEMENT_CATEGORY_INTELLECTUAL_PROPERTY_INFRINGEMENTS,4547,1860,0,2687,0,0,0,0,0,0,0.4090609192874422,0.0,0.5909390807125577,0.0,0.0,0.0,0.0,0.0,0.0,True,2026-07-13,2972.0,0.07056832171005323,0.07056832171005323,7.0,25,0.6468120348950736,False,0.00025844245348035,2,0.40880247683396187,8.422442854870427,0,False,-0.0862199538553863,621,automation_change_abs,2.4934759495554055
2026-07-27,TikTok,STATEMENT_CATEGORY_INTELLECTUAL_PROPERTY_INFRINGEMENTS,4194,1169,0,3025,0,0,0,0,0,0,0.2787315212207916,0.0,0.7212684787792084,0.0,0.0,0.0,0.0,0.0,0.0,True,2026-07-20,4547.0,-0.13032939806665061,0.13032939806665061,7.0,25,-1.1945098977392623,False,0.00030333670374115,2,0.2784281845170504,8.341648618901306,0,False,-0.037768078798021056,187,automation_change_abs,4.758099575887149
2026-08-03,TikTok,STATEMENT_CATEGORY_INTELLECTUAL_PROPERTY_INFRINGEMENTS,3097,1089,0,2008,0,0,0,0,0,0,0.3516306102680013,0.0,0.6483693897319988,0.0,0.0,0.0,0.0,0.0,0.0,True,2026-07-27,4194.0,0.07289908904720971,0.07289908904720971,7.0,25,0.6681746119444505,False,0.0001809299800977,2,0.3514496802879036,8.038512020976814,0,False,-0.07925183678239904,543,automation_change_abs,2.5817995056391503
2026-08-10,TikTok,STATEMENT_CATEGORY_INTELLECTUAL_PROPERTY_INFRINGEMENTS,2818,1008,0,1810,0,0,0,0,0,0,0.3577004968062455,0.0,0.6422995031937544,0.0,0.0,0.0,0.0,0.0,0.0,True,2026-08-03,3097.0,0.006069886538244196,0.006069886538244196,7.0,25,0.05565359151179758,False,0.00015898251192365,2,0.35754151429432185,7.9441374911141125,0,False,-0.08827748491072943,636,log1p_represented_sors,0.675926305432177
2026-08-17,TikTok,STATEMENT_CATEGORY_INTELLECTUAL_PROPERTY_INFRINGEMENTS,2693,1159,0,1534,0,0,0,0,0,0,0.4303750464166357,0.0,0.5696249535833643,0.0,0.0,0.0,0.0,0.0,0.0,True,2026-08-10,2818.0,0.07267454961039022,0.07267454961039022,7.0,25,0.6661166025742264,False,0.00016441959881615,2,0.4302106268178196,7.898782356970309,0,False,-0.08213540398692407,571,automation_change_abs,2.5732906677020555
2026-08-24,TikTok,STATEMENT_CATEGORY_INTELLECTUAL_PROPERTY_INFRINGEMENTS,2915,1162,0,1753,0,0,0,0,0,0,0.3986277873070326,0.0,0.6013722126929674,0.0,0.0,0.0,0.0,0.0,0.0,True,2026-08-17,2693.0,-0.03174725910960313,0.03174725910960313,7.0,25,-0.2909583052703337,False,0.0,2,0.3986277873070326,7.977968093128549,0,False,-0.09375326599419787,690,automation_change_abs,1.022366308897512
2026-03-09,TikTok,STATEMENT_CATEGORY_NEGATIVE_EFFECTS_ON_CIVIC_DISCOURSE_OR_ELECTIONS,20669,14974,0,5695,11198,0,0,0,0,0,0.724466592481494,0.0,0.2755334075185059,0.5417775412453433,0.0,0.0,0.0,0.0,0.0,True,2026-03-02,22837.0,0.17903593171169063,0.17903593171169063,7.0,25,26.19004782222996,True,0.0073660949173945,1,0.7171004975640995,9.936438652675815,0,False,-0.02440073411606709,128,automation_change_abs,6.603815442701564
2026-03-16,TikTok,STATEMENT_CATEGORY_NEGATIVE_EFFECTS_ON_CIVIC_DISCOURSE_OR_ELECTIONS,21295,16748,0,4547,10277,0,0,0,0,0,0.7864756985207795,0.0,0.2135243014792204,0.4826015496595445,0.0,0.0,0.0,0.0,0.0,True,2026-03-09,20669.0,0.062009106039285444,0.062009106039285444,7.0,25,8.904918369423266,False,0.0034568967183644,1,0.7830188018024151,9.966274540634894,0,False,-0.09014512518054593,644,automation_change_abs,2.1691276745138404
2026-03-23,TikTok,STATEMENT_CATEGORY_NEGATIVE_EFFECTS_ON_CIVIC_DISCOURSE_OR_ELECTIONS,17289,14355,0,2934,8526,0,0,0,0,0,0.8302967204580948,0.0,0.1697032795419052,0.4931459309387472,0.0,0.0,0.0,0.0,0.0,True,2026-03-16,21295.0,0.043821021937315296,0.043821021937315296,7.0,25,6.21849680415628,False,0.0053003029559601,1,0.8249964175021347,9.757883578677337,0,False,-0.09804112976347605,731,automation_change_abs,1.4798970333310657
2026-03-30,TikTok,STATEMENT_CATEGORY_NEGATIVE_EFFECTS_ON_CIVIC_DISCOURSE_OR_ELECTIONS,18211,15022,0,3189,8118,0,0,0,0,0,0.8248860578771072,0.0,0.1751139421228927,0.4457745318763385,0.0,0.0,0.0,0.0,0.0,True,2026-03-23,17289.0,-0.005410662580987546,0.005410662580987546,7.0,25,-1.0531354492960425,False,0.0114733300237189,1,0.8134127278533884,9.809835996454673,0,False,-0.10958915888549339,873,fully_automated_rate,0.516695698570433
2026-04-06,TikTok,STATEMENT_CATEGORY_NEGATIVE_EFFECTS_ON_CIVIC_DISCOURSE_OR_ELECTIONS,17299,14366,0,2933,7893,0,0,0,0,0,0.8304526273194982,0.0,0.1695473726805017,0.4562691485056939,0.0,0.0,0.0,0.0,0.0,True,2026-03-30,18211.0,0.005566569442390978,0.005566569442390978,7.0,25,0.5682267936544997,False,0.0099137503717656,1,0.8205388769477326,9.75846178048587,0,False,-0.10901910149066969,865,fully_automated_rate,0.5230195548163709
2026-04-13,TikTok,STATEMENT_CATEGORY_NEGATIVE_EFFECTS_ON_CIVIC_DISCOURSE_OR_ELECTIONS,16946,14650,0,2296,6981,0,0,0,0,0,0.8645107990086156,0.0,0.1354892009913844,0.4119556237460167,0.0,0.0,0.0,0.0,0.0,True,2026-04-06,17299.0,0.0340581716891174,0.0340581716891174,7.0,25,4.776501523169537,False,0.0447479783801902,1,0.8197628206284254,9.737846105993372,0,False,-0.1035667814841911,804,automation_change_abs,1.1099374763699248
2026-04-20,TikTok,STATEMENT_CATEGORY_NEGATIVE_EFFECTS_ON_CIVIC_DISCOURSE_OR_ELECTIONS,14594,12409,0,2185,6901,0,0,0,0,0,0.8502809373715225,0.0,0.1497190626284774,0.4728655611895299,0.0,0.0,0.0,0.0,0.0,True,2026-04-13,16946.0,-0.014229861637093055,0.014229861637093055,7.0,25,-2.3557512938168923,False,0.0514201159110526,1,0.79886082146047,9.588434283288215,0,False,-0.10903632477571971,866,fully_automated_rate,0.5455453462695408
2026-04-27,TikTok,STATEMENT_CATEGORY_NEGATIVE_EFFECTS_ON_CIVIC_DISCOURSE_OR_ELECTIONS,15904,14236,0,1668,6888,0,0,0,0,0,0.8951207243460765,0.0,0.1048792756539235,0.4330985915492957,0.0,0.0,0.0,0.0,0.0,True,2026-04-20,14594.0,0.04483978697455393,0.04483978697455393,7.0,25,6.368970727117821,False,0.0635286878941701,1,0.8315920364519064,9.674388804183245,0,False,-0.09552843348006428,706,automation_change_abs,1.5185027532020507
2026-05-04,TikTok,STATEMENT_CATEGORY_NEGATIVE_EFFECTS_ON_CIVIC_DISCOURSE_OR_ELECTIONS,38007,33570,0,4437,25283,0,0,0,0,0,0.8832583471465782,0.0,0.1167416528534217,0.6652195648170074,0.0,0.0,0.0,0.0,0.0,True,2026-04-27,15904.0,-0.01186237719949823,0.01186237719949823,7.0,25,-2.0060684348125295,False,0.0889934533551554,1,0.7942648937914228,10.545551942866757,0,False,-0.11872490450187459,944,fully_automated_rate,0.5830090662390998
2026-05-11,TikTok,STATEMENT_CATEGORY_NEGATIVE_EFFECTS_ON_CIVIC_DISCOURSE_OR_ELECTIONS,73251,64491,0,8760,48375,0,0,0,0,0,0.8804111889257484,0.0,0.1195888110742515,0.6604005406069542,0.0,0.0,0.0,0.0,0.0,True,2026-05-04,38007.0,-0.002847158220829815,0.002847158220829815,7.0,25,-0.6745,False,0.1730852072025502,1,0.7073259817231983,11.20166083026084,0,False,-0.1191675273126038,947,fully_automated_rate,0.5797745751428683
2026-05-18,TikTok,STATEMENT_CATEGORY_NEGATIVE_EFFECTS_ON_CIVIC_DISCOURSE_OR_ELECTIONS,76599,71346,0,5253,46791,0,0,0,0,0,0.9314220812282143,0.0,0.0685779187717855,0.6108565385971096,0.0,0.0,0.0,0.0,0.0,True,2026-05-11,73251.0,0.051010892302465916,0.051010892302465916,7.0,25,7.280457079473153,False,0.1293617021276595,1,0.8020603791005548,11.246352355728682,0,False,-0.10129109912460574,769,automation_change_abs,1.7523544804162707
2026-05-25,TikTok,STATEMENT_CATEGORY_NEGATIVE_EFFECTS_ON_CIVIC_DISCOURSE_OR_ELECTIONS,116415,109774,0,6641,74148,0,0,0,0,0,0.9429540866726795,0.0,0.0570459133273203,0.6369282308980801,0.0,0.0,0.0,0.0,0.0,True,2026-05-18,76599.0,0.011532005444465199,0.011532005444465199,7.0,25,1.4493353168142504,False,0.0548990025982734,1,0.8880550840744061,11.664925261877794,0,False,-0.11017301760734066,880,fully_automated_rate,0.6508259288804235
2026-06-01,TikTok,STATEMENT_CATEGORY_NEGATIVE_EFFECTS_ON_CIVIC_DISCOURSE_OR_ELECTIONS,102831,99540,0,3291,63286,0,0,0,0,0,0.9679960323248826,0.0,0.0320039676751174,0.6154369791210822,0.0,0.0,0.0,0.0,0.0,True,2026-05-25,116415.0,0.02504194565220308,0.02504194565220308,7.0,25,3.4447843435538648,False,0.0607804351735299,1,0.9072155971513527,11.540851867611067,0,False,-0.10137229275928324,771,automation_change_abs,0.7682709645135083
2026-06-08,TikTok,STATEMENT_CATEGORY_NEGATIVE_EFFECTS_ON_CIVIC_DISCOURSE_OR_ELECTIONS,124928,123974,0,954,79405,0,0,0,0,0,0.9923636014344264,0.0,0.0076363985655737,0.6356061091188525,0.0,0.0,0.0,0.0,0.0,True,2026-06-01,102831.0,0.02436756910954374,0.02436756910954374,7.0,25,3.3451773878595046,False,0.1104729082902546,1,0.8818906931441718,11.73550085491133,0,False,-0.09801657260845227,730,automation_change_abs,0.7427157177766972
2026-06-15,TikTok,STATEMENT_CATEGORY_NEGATIVE_EFFECTS_ON_CIVIC_DISCOURSE_OR_ELECTIONS,133515,132725,0,790,85035,0,0,0,0,0,0.994083061828259,0.0,0.005916938171741,0.6368947309291091,0.0,0.0,0.0,0.0,0.0,True,2026-06-08,124928.0,0.0017194603938326392,0.0017194603938326392,7.0,25,0.0,False,0.1351650786616441,1,0.8589179831666149,11.801976599828247,0,False,-0.10677930327319354,846,fully_automated_rate,0.7089105880645432
2026-06-22,TikTok,STATEMENT_CATEGORY_NEGATIVE_EFFECTS_ON_CIVIC_DISCOURSE_OR_ELECTIONS,140634,139622,0,1012,84432,0,0,0,0,0,0.9928040160985252,0.0,0.0071959839014747,0.6003669098511029,0.0,0.0,0.0,0.0,0.0,True,2026-06-15,133515.0,-0.0012790457297338076,0.0012790457297338076,7.0,25,-0.44288620333911166,False,0.1166614955010859,1,0.8761425205974394,11.853923160523658,0,False,-0.10523448115571046,827,fully_automated_rate,0.7074575384959487
2026-06-29,TikTok,STATEMENT_CATEGORY_NEGATIVE_EFFECTS_ON_CIVIC_DISCOURSE_OR_ELECTIONS,159539,158618,0,921,96985,0,0,0,0,0,0.994227116880512,0.0,0.005772883119488,0.6079077843035245,0.0,0.0,0.0,0.0,0.0,True,2026-06-22,140634.0,0.001423100781986819,0.001423100781986819,7.0,25,-0.04377299158466751,False,0.1413147030803429,1,0.8529124138001691,11.980049953465121,0,False,-0.10546422541962716,830,fully_automated_rate,0.7090742406429179
2026-07-06,TikTok,STATEMENT_CATEGORY_NEGATIVE_EFFECTS_ON_CIVIC_DISCOURSE_OR_ELECTIONS,117784,117054,0,730,64518,0,0,0,0,0,0.9938022142226448,0.0,0.0061977857773551,0.5477654010731509,0.0,0.0,0.0,0.0,0.0,True,2026-06-29,159539.0,-0.00042490265786720993,0.00042490265786720993,7.0,25,-0.31672732067607934,False,0.1565740356698465,1,0.8372281785527983,11.676616207626706,0,False,-0.10478880846260244,817,fully_automated_rate,0.7085915334109903
2026-07-13,TikTok,STATEMENT_CATEGORY_NEGATIVE_EFFECTS_ON_CIVIC_DISCOURSE_OR_ELECTIONS,84230,83504,0,726,41643,0,0,0,0,0,0.9913807432031344,0.0,0.0086192567968657,0.4943962958565832,0.0,0.0,0.0,0.0,0.0,True,2026-07-06,117784.0,-0.0024214710195104017,0.0024214710195104017,7.0,25,-0.6116250280529135,False,0.39765625,1,0.5937244932031345,11.341318303493475,0,False,-0.11223661133963518,902,fully_automated_rate,0.7058406408209374
2026-07-20,TikTok,STATEMENT_CATEGORY_NEGATIVE_EFFECTS_ON_CIVIC_DISCOURSE_OR_ELECTIONS,107677,107045,0,632,55108,0,0,0,0,0,0.9941305942773294,0.0,0.0058694057226705,0.5117898901343834,0.0,0.0,0.0,0.0,0.0,True,2026-07-13,84230.0,0.002749851074195009,0.002749851074195009,7.0,25,0.1521910570050505,False,0.3522118906734291,1,0.6419187036039002,11.586900571154802,0,False,-0.11003561201468748,878,fully_automated_rate,0.7089645869193225
2026-07-27,TikTok,STATEMENT_CATEGORY_NEGATIVE_EFFECTS_ON_CIVIC_DISCOURSE_OR_ELECTIONS,208140,207506,0,634,115705,0,0,0,0,0,0.9969539732872106,0.0,0.0030460267127894,0.555899875084078,0.0,0.0,0.0,0.0,0.0,True,2026-07-20,107677.0,0.002823379009881166,0.002823379009881166,7.0,25,0.16305130105106638,False,0.2744697163301814,1,0.7224842569570291,12.245971013638847,0,False,-0.10465736985603893,815,log1p_represented_sors,0.7874289729542667
2026-08-03,TikTok,STATEMENT_CATEGORY_NEGATIVE_EFFECTS_ON_CIVIC_DISCOURSE_OR_ELECTIONS,250449,250035,0,414,128177,0,0,0,0,0,0.9983469688439562,0.0,0.0016530311560437,0.5117888272662299,0.0,0.0,0.0,0.0,0.0,True,2026-07-27,208140.0,0.0013929955567456576,0.0013929955567456576,7.0,25,-0.04821960211613717,False,0.1582019848219498,1,0.8401449840220064,12.431014578785764,0,False,-0.09821239576391158,734,log1p_represented_sors,0.8503752669871104
2026-08-10,TikTok,STATEMENT_CATEGORY_NEGATIVE_EFFECTS_ON_CIVIC_DISCOURSE_OR_ELECTIONS,248746,248303,0,443,129430,0,0,0,0,0,0.9982190668392658,0.0,0.0017809331607342,0.5203299751553794,0.0,0.0,0.0,0.0,0.0,True,2026-08-03,250449.0,-0.0001279020046904833,0.0001279020046904833,7.0,25,-0.2728596458226343,False,0.2257957559681697,1,0.7724233108710961,12.424191594646606,0,False,-0.09998571132762703,752,log1p_represented_sors,0.8480542915699764
2026-08-17,TikTok,STATEMENT_CATEGORY_NEGATIVE_EFFECTS_ON_CIVIC_DISCOURSE_OR_ELECTIONS,259656,259346,0,310,136220,0,0,0,0,0,0.9988061127029608,0.0,0.0011938872970391,0.5246171858150784,0.0,0.0,0.0,0.0,0.0,True,2026-08-10,248746.0,0.0005870458636950682,0.0005870458636950682,7.0,25,-0.16726021264954039,False,0.247624076029567,1,0.7511820366733939,12.467116808277448,0,False,-0.09894683904036425,742,log1p_represented_sors,0.862656167168754
2026-08-24,TikTok,STATEMENT_CATEGORY_NEGATIVE_EFFECTS_ON_CIVIC_DISCOURSE_OR_ELECTIONS,296095,295793,0,302,163371,0,0,0,0,0,0.9989800570762762,0.0,0.0010199429237238,0.5517519714956348,0.0,0.0,0.0,0.0,0.0,True,2026-08-17,259656.0,0.00017394437331541557,0.00017394437331541557,7.0,25,-0.2282762463437996,False,0.2279329608938547,1,0.7710470961824215,12.598439005048757,0,False,-0.09553763588004718,707,log1p_represented_sors,0.9073280562152214
2026-03-09,TikTok,STATEMENT_CATEGORY_OTHER_VIOLATION_TC,8127526,7773096,0,354430,3888311,14186,0,0,0,14186,0.9563914037309754,0.0,0.0436085962690245,0.4784126190429904,0.0017454265910684,0.0,0.0,0.0,0.0017454265910684,True,2026-03-02,7598177.0,0.007382977104430588,0.007382977104430588,7.0,25,0.9184257587171683,False,0.5519632091421218,6,0.4044281945888536,15.910767253209432,0,False,-0.046519744684066076,251,log1p_represented_sors,2.0340831945334723
2026-03-16,TikTok,STATEMENT_CATEGORY_OTHER_VIOLATION_TC,7681444,7326849,0,354595,3101937,14396,0,0,0,14396,0.9538374555617408,0.0,0.0461625444382592,0.4038221199034973,0.0018741267917855,0.0,0.0,0.0,0.0018741267917855,True,2026-03-09,8127526.0,-0.002553948169234599,0.002553948169234599,7.0,25,-0.31529236579123965,False,0.512135418460741,6,0.44170203710099987,15.854318238467334,0,False,-0.0493945681363868,277,log1p_represented_sors,2.0148809257218048
2026-03-23,TikTok,STATEMENT_CATEGORY_OTHER_VIOLATION_TC,6961015,6659130,0,301885,2768909,13189,0,0,0,13189,0.9566320428845506,0.0,0.0433679571154494,0.3977737442025337,0.0018946949546869,0.0,0.0,0.0,0.0018946949546869,True,2026-03-16,7681444.0,0.002794587322809794,0.002794587322809794,7.0,25,0.34875460994673996,False,0.6114913427529429,6,0.3451407001316077,15.75583599866849,0,False,-0.04601791153367424,248,log1p_represented_sors,1.9813802091825978
2026-03-30,TikTok,STATEMENT_CATEGORY_OTHER_VIOLATION_TC,7809657,7500099,0,309558,3096685,13189,0,0,0,13189,0.9603621516284262,0.0,0.0396378483715738,0.396519975205057,0.0016888065634636,0.0,0.0,0.0,0.0016888065634636,True,2026-03-23,6961015.0,0.003730108743875582,0.003730108743875582,7.0,25,0.4649041935703083,False,0.7567441129032257,6,0.20361803872520046,15.870871730844254,0,False,-0.019728809526256587,102,log1p_represented_sors,2.0205119294132907
2026-04-06,TikTok,STATEMENT_CATEGORY_OTHER_VIOLATION_TC,7566375,7262128,0,304247,3122739,32003,0,0,0,32003,0.9597895954139202,0.0,0.0402104045860798,0.4127126926698716,0.0042296344022071,0.0,0.0,0.0,0.0042296344022071,True,2026-03-30,7809657.0,-0.0005725562145060259,0.0005725562145060259,7.0,25,-0.0692928137183127,False,0.598566851382623,6,0.36122274403129717,15.839224778948765,0,False,-0.04240999210133698,221,log1p_represented_sors,2.009746581600871
2026-04-13,TikTok,STATEMENT_CATEGORY_OTHER_VIOLATION_TC,7267298,6940439,0,326859,2940371,55942,0,0,0,55942,0.9550233112774514,0.0,0.0449766887225486,0.4046030587984695,0.0076977715789279,0.0,0.0,0.0,0.0076977715789279,True,2026-04-06,7566375.0,-0.004766284136468735,0.004766284136468735,7.0,25,-0.5899647523806848,False,0.627795562849361,6,0.32722774842809044,15.798895253653955,0,False,-0.03908765750247702,203,log1p_represented_sors,1.9960276816467082
2026-04-20,TikTok,STATEMENT_CATEGORY_OTHER_VIOLATION_TC,7601787,7326229,0,275558,3648985,19776,0,0,0,19776,0.9637508917311152,0.0,0.0362491082688846,0.4800167381695909,0.0026014935698671,0.0,0.0,0.0,0.0026014935698671,True,2026-04-13,7267298.0,0.00872758045366373,0.00872758045366373,7.0,25,1.0853648748459719,False,0.5475728334812185,6,0.4161780582498966,15.843894040744416,0,False,-0.045864105450625026,246,log1p_represented_sors,2.011334925003529
2026-04-27,TikTok,STATEMENT_CATEGORY_OTHER_VIOLATION_TC,8657593,8403491,0,254102,4313655,13537,0,0,0,13537,0.9706498099414006,0.0,0.0293501900585994,0.4982510727866279,0.0015635985660217,0.0,0.0,0.0,0.0015635985660217,True,2026-04-20,7601787.0,0.006898918210285432,0.006898918210285432,7.0,25,0.8583274672850032,False,0.6068007971374062,6,0.3638490128039944,15.973947412837656,0,False,-0.03881102036888155,199,log1p_represented_sors,2.0555751977914225
2026-05-04,TikTok,STATEMENT_CATEGORY_OTHER_VIOLATION_TC,6980882,6744707,0,236175,2812795,11874,0,0,0,11874,0.9661683151212124,0.0,0.0338316848787875,0.4029283119239087,0.0017009312003841,0.0,0.0,0.0,0.0017009312003841,True,2026-04-27,8657593.0,-0.004481494820188225,0.004481494820188225,7.0,25,-0.5546067586869246,False,0.6549128495398141,6,0.31125546558139827,15.758685971035556,0,False,-0.04073960517685913,212,log1p_represented_sors,1.9823496846596858
2026-05-11,TikTok,STATEMENT_CATEGORY_OTHER_VIOLATION_TC,6241213,5988822,0,252391,2641497,18354,0,0,0,18354,0.9595605854182512,0.0,0.0404394145817487,0.4232345539240529,0.0029407744936761,0.0,0.0,0.0,0.0029407744936761,True,2026-05-04,6980882.0,-0.006607729702961196,0.006607729702961196,7.0,25,-0.8185892723514836,False,0.5856368367821754,6,0.3739237486360758,15.646685272705016,0,False,-0.05243644316469424,302,log1p_represented_sors,1.9442503922935848
2026-05-18,TikTok,STATEMENT_CATEGORY_OTHER_VIOLATION_TC,6266131,6002536,0,263595,2459378,14129,0,0,0,14129,0.9579333722834712,0.0,0.0420666277165287,0.3924874854994254,0.0022548203987436,0.0,0.0,0.0,0.0022548203987436,True,2026-05-11,6241213.0,-0.0016272131347799812,0.0016272131347799812,7.0,25,-0.20023365526096779,False,0.5746611442399147,6,0.38327222804355654,15.650669816343246,0,False,-0.05114949746693378,289,log1p_represented_sors,1.945605815030061
2026-05-25,TikTok,STATEMENT_CATEGORY_OTHER_VIOLATION_TC,9024058,8644316,0,379742,3695417,26089,0,0,0,26089,0.9579189318153762,0.0,0.0420810681846238,0.4095072305607964,0.0028910496807533,0.0,0.0,0.0,0.0028910496807533,True,2026-05-18,6266131.0,-1.4440468094956138e-05,1.4440468094956138e-05,7.0,25,0.0,False,0.5999392894509252,6,0.357979642364451,16.015404790819172,0,False,-0.03823355777877378,191,log1p_represented_sors,2.0696777595432096
2026-06-01,TikTok,STATEMENT_CATEGORY_OTHER_VIOLATION_TC,8052694,7671170,0,381524,2967634,13470,0,0,0,13470,0.9526215698746284,0.0,0.0473784301253717,0.3685268557330006,0.0016727321316319,0.0,0.0,0.0,0.0016727321316319,True,2026-05-25,9024058.0,-0.005297361940747813,0.005297361940747813,7.0,25,-0.6559006726597312,False,0.5618960187015569,6,0.3907255511730715,15.90151737597625,0,False,-0.04730540633871387,258,log1p_represented_sors,2.030936662571524
2026-06-08,TikTok,STATEMENT_CATEGORY_OTHER_VIOLATION_TC,7087075,6853175,0,233900,3059074,1952,0,0,0,1952,0.9669962572711592,0.0,0.0330037427288408,0.4316412624390175,0.0002754309782244,0.0,0.0,0.0,0.0002754309782244,True,2026-06-01,8052694.0,0.014374687396530805,0.014374687396530805,7.0,25,1.7864809640366734,False,0.5345735691986649,6,0.4324226880724943,15.773783401595482,0,False,-0.0489473480338267,269,log1p_represented_sors,1.9874853796102832
2026-06-15,TikTok,STATEMENT_CATEGORY_OTHER_VIOLATION_TC,8186476,7964181,0,222295,2922016,0,0,0,0,0,0.9728460695420104,0.0,0.0271539304579894,0.3569320914151583,0.0,0.0,0.0,0.0,0.0,True,2026-06-08,7087075.0,0.005849812270851129,0.005849812270851129,7.0,25,0.7280758073032509,False,0.6524490753051433,6,0.32039699423686707,15.917994204554287,0,False,-0.036065848029440295,178,log1p_represented_sors,2.0365415875284034
2026-06-22,TikTok,STATEMENT_CATEGORY_OTHER_VIOLATION_TC,5759705,5550898,0,208807,2698827,0,0,0,0,0,0.96374692801107,0.0,0.0362530719889299,0.4685703521274093,0.0,0.0,0.0,0.0,0.0,True,2026-06-15,8186476.0,-0.00909914153094038,0.00909914153094038,7.0,25,-1.127910299041546,False,0.5392761569070074,6,0.4244707711040626,15.566396989702737,0,False,-0.05704215970167724,335,log1p_represented_sors,1.9169387164444889
2026-06-29,TikTok,STATEMENT_CATEGORY_OTHER_VIOLATION_TC,4773769,4420400,0,353369,2312610,0,0,0,0,0,0.9259769377194412,0.0,0.0740230622805586,0.4844411197944433,0.0,0.0,0.0,0.0,0.0,True,2026-06-22,5759705.0,-0.03776999029162875,0.03776999029162875,7.0,25,-4.6875371239350345,False,0.5144443825792345,6,0.4115325551402067,15.378646907091511,0,False,-0.04417777997282988,232,log1p_represented_sors,1.8530717460078039
2026-07-06,TikTok,STATEMENT_CATEGORY_OTHER_VIOLATION_TC,4659147,4455307,0,203840,2292888,0,0,0,0,0,0.9562495023230648,0.0,0.0437504976769352,0.4921261338180572,0.0,0.0,0.0,0.0,0.0,True,2026-06-29,4773769.0,0.030272564603623597,0.030272564603623597,7.0,25,3.760280576234536,False,0.548042469508209,6,0.4082070328148558,15.354343156767882,0,False,-0.04846941426998268,265,log1p_represented_sors,1.844804336045413
2026-07-13,TikTok,STATEMENT_CATEGORY_OTHER_VIOLATION_TC,4678571,4480918,0,197653,2068997,0,0,0,0,0,0.9577535533820049,0.0,0.0422464466179951,0.4422284069216861,0.0,0.0,0.0,0.0,0.0,True,2026-07-06,4659147.0,0.0015040510589400258,0.0015040510589400258,7.0,25,0.18852818826970158,False,0.5331852459285068,6,0.42456830745349805,15.35850349312762,0,False,-0.06303700973188628,409,log1p_represented_sors,1.8462195582152172
2026-07-20,TikTok,STATEMENT_CATEGORY_OTHER_VIOLATION_TC,5052428,4861929,0,190499,2070626,0,0,0,0,0,0.9622955537416862,0.0,0.0377044462583138,0.4098279084828126,0.0,0.0,0.0,0.0,0.0,True,2026-07-13,4678571.0,0.004542000359681331,0.004542000359681331,7.0,25,0.565704529083601,False,0.6078511985153373,6,0.3544443552263489,15.435379675711895,0,False,-0.057798775926409876,347,log1p_represented_sors,1.8723705394137817
2026-07-27,TikTok,STATEMENT_CATEGORY_OTHER_VIOLATION_TC,5070504,4858026,0,212478,2021423,0,0,0,0,0,0.958095289935675,0.0,0.0419047100643249,0.3986631309234743,0.0,0.0,0.0,0.0,0.0,True,2026-07-20,5052428.0,-0.004200263806011129,0.004200263806011129,7.0,25,-0.5196905456925813,False,0.5846671053105369,6,0.37342818462513816,15.438950976129748,0,False,-0.06022307459085109,377,log1p_represented_sors,1.8735853891493202
2026-08-03,TikTok,STATEMENT_CATEGORY_OTHER_VIOLATION_TC,5100051,4858554,0,241497,2124934,0,0,0,0,0,0.9526481205776176,0.0,0.0473518794223822,0.4166495589946061,0.0,0.0,0.0,0.0,0.0,True,2026-07-27,5070504.0,-0.0054471693580574465,0.0054471693580574465,7.0,25,-0.6745,False,0.49984032496028474,6,0.45280779561733286,15.444761293721006,0,False,-0.06381633144654385,415,log1p_represented_sors,1.875561885652904
2026-08-10,TikTok,STATEMENT_CATEGORY_OTHER_VIOLATION_TC,5528148,5303733,0,224415,2239232,0,0,0,0,0,0.959405030400778,0.0,0.040594969599222,0.4050600671327902,0.0,0.0,0.0,0.0,0.0,True,2026-08-03,5100051.0,0.006756909823160351,0.006756909823160351,7.0,25,0.8406964278836374,False,0.5997001290611972,6,0.3597049013395808,15.525363597756703,0,False,-0.05703649808704967,334,log1p_represented_sors,1.902980382078475
2026-08-17,TikTok,STATEMENT_CATEGORY_OTHER_VIOLATION_TC,6886326,6659766,0,226560,2480239,0,0,0,0,0,0.9671000182100004,0.0,0.0328999817899994,0.3601686879186376,0.0,0.0,0.0,0.0,0.0,True,2026-08-10,5528148.0,0.007694987809222398,0.007694987809222398,7.0,25,0.957163421620043,False,0.5717129423536123,6,0.3953870758563881,15.745048409409216,0,False,-0.051347967160518426,293,log1p_represented_sors,1.977710593517332
2026-08-24,TikTok,STATEMENT_CATEGORY_OTHER_VIOLATION_TC,6873153,6606389,0,266764,2399027,0,0,0,0,0,0.9611875364916218,0.0,0.0388124635083781,0.3490431538480228,0.0,0.0,0.0,0.0,0.0,True,2026-08-17,6886326.0,-0.005912481718378548,0.005912481718378548,7.0,25,-0.7322708170964426,False,0.5850071964134768,6,0.37618034007814505,15.74313365637098,0,False,-0.05163110820598325,295,log1p_represented_sors,1.9770592517230392
2026-03-09,TikTok,STATEMENT_CATEGORY_PROTECTION_OF_MINORS,55746,13546,0,42200,18242,8461,0,0,0,8461,0.2429950130951099,0.0,0.75700498690489,0.3272342410217773,0.1517777060237505,0.0,0.0,0.0,0.1517777060237505,True,2026-03-02,73957.0,-0.11126489468914308,0.11126489468914308,7.0,25,-2.337694922857804,False,0.0004555808656036,4,0.2425394322295063,10.928578876215273,0,False,-0.010324288937770331,75,automation_change_abs,4.035657354208211
2026-03-16,TikTok,STATEMENT_CATEGORY_PROTECTION_OF_MINORS,59632,14924,0,44708,18579,10618,0,0,0,10618,0.2502683123155352,0.0,0.7497316876844647,0.3115609068956265,0.1780587603971022,0.0,0.0,0.0,0.1780587603971022,True,2026-03-09,55746.0,0.0072732992204253,0.0072732992204253,7.0,25,0.0,False,0.00175526579739215,4,0.24851304651814304,10.995964391098154,0,False,-0.05728522118736792,340,weekly_peer_divergence_abs,0.795222396000958
2026-03-23,TikTok,STATEMENT_CATEGORY_PROTECTION_OF_MINORS,57543,17176,0,40367,18928,9036,0,0,0,9036,0.2984898250004344,0.0,0.7015101749995656,0.3289366213092817,0.1570303946613836,0.0,0.0,0.0,0.1570303946613836,True,2026-03-16,59632.0,0.048221512684899215,0.048221512684899215,7.0,25,0.807540823416168,False,0.00074183976261125,4,0.29774798523782314,10.960305151547193,0,False,-0.05848205390300755,356,automation_change_abs,1.646651983576078
2026-03-30,TikTok,STATEMENT_CATEGORY_PROTECTION_OF_MINORS,62169,18051,0,44118,20759,8953,0,0,0,8953,0.2903537132654538,0.0,0.7096462867345461,0.3339124000707748,0.1440106805642683,0.0,0.0,0.0,0.1440106805642683,True,2026-03-23,57543.0,-0.008136111734980633,0.008136111734980633,7.0,25,-0.30388940953633126,False,0.0005270555165144,4,0.2898266577489394,11.037627847263384,0,False,-0.07437528595495249,493,weekly_peer_divergence_abs,0.7060572483861761
2026-04-06,TikTok,STATEMENT_CATEGORY_PROTECTION_OF_MINORS,59793,19059,0,40734,21398,7791,0,0,0,7791,0.3187496864181426,0.0,0.6812503135818574,0.3578679778569398,0.1302995333901961,0.0,0.0,0.0,0.1302995333901961,True,2026-03-30,62169.0,0.028395973152688825,0.028395973152688825,7.0,25,0.4165608229724134,False,0.0012450199203187,4,0.3175046664978239,10.998660600456725,0,False,-0.07723419687878812,519,automation_change_abs,0.8953705815893961
2026-04-13,TikTok,STATEMENT_CATEGORY_PROTECTION_OF_MINORS,56609,17701,0,38908,20136,7343,0,0,0,7343,0.3126887950679221,0.0,0.687311204932078,0.3557031567418608,0.1297143563744281,0.0,0.0,0.0,0.1297143563744281,True,2026-04-06,59793.0,-0.006060891350220532,0.006060891350220532,7.0,25,-0.2629639322933958,False,0.00016801075268815,4,0.31252078431523395,10.943940927030706,0,False,-0.08359172128329748,585,weekly_peer_divergence_abs,0.6570776243594146
2026-04-20,TikTok,STATEMENT_CATEGORY_PROTECTION_OF_MINORS,51820,14408,0,37412,18136,6338,0,0,0,6338,0.278039367039753,0.0,0.721960632960247,0.3499807024314936,0.1223079891933616,0.0,0.0,0.0,0.1223079891933616,True,2026-04-13,56609.0,-0.03464942802816906,0.03464942802816906,7.0,25,-0.8267592360666193,False,0.0007638252367858,4,0.2772755418029672,10.855550751498411,0,False,-0.0662040998051729,430,automation_change_abs,1.1323429140940562
2026-04-27,TikTok,STATEMENT_CATEGORY_PROTECTION_OF_MINORS,61334,23474,0,37860,19240,6681,0,0,0,6681,0.382724100824991,0.0,0.6172758991750089,0.3136922424756252,0.1089281638243062,0.0,0.0,0.0,0.1089281638243062,True,2026-04-20,51820.0,0.10468473378523796,0.10468473378523796,7.0,25,1.9210535313553174,False,0.0002260397830018,4,0.3824980610419892,11.024105921466852,0,False,-0.038384229388239245,193,automation_change_abs,3.7863046190076357
2026-05-04,TikTok,STATEMENT_CATEGORY_PROTECTION_OF_MINORS,60923,23992,0,36931,20533,6623,0,0,0,6623,0.3938085780411339,0.0,0.6061914219588661,0.3370319912020091,0.1087109958472169,0.0,0.0,0.0,0.1087109958472169,True,2026-04-27,61334.0,0.011084477216142918,0.011084477216142918,7.0,25,0.07516034416293983,False,0.0004816955684007,5,0.3933268824727332,11.017382464735395,0,False,-0.08472104240629261,598,weekly_peer_divergence_abs,0.4826777726946177
2026-05-11,TikTok,STATEMENT_CATEGORY_PROTECTION_OF_MINORS,62736,21479,0,41257,21671,8192,0,0,0,8192,0.3423712063249171,0.0,0.6576287936750829,0.3454316500892629,0.130578933945422,0.0,0.0,0.0,0.130578933945422,True,2026-05-04,60923.0,-0.05143737171621682,0.05143737171621682,7.0,25,-1.157834726846508,False,0.0006203473945409,5,0.34175085893037616,11.046706664216348,0,False,-0.0673501034186269,438,automation_change_abs,1.768515758214571
2026-05-18,TikTok,STATEMENT_CATEGORY_PROTECTION_OF_MINORS,55095,18262,0,36833,19672,5257,0,0,0,5257,0.3314638351937562,0.0,0.6685361648062438,0.3570559941918504,0.0954170069879299,0.0,0.0,0.0,0.0954170069879299,True,2026-05-11,62736.0,-0.010907371131160859,0.010907371131160859,7.0,25,-0.3585414909179218,False,0.0008326394671107,5,0.3306311957266455,10.916832397224534,0,False,-0.08396516389921904,592,weekly_peer_divergence_abs,0.6179908086888636
2026-05-25,TikTok,STATEMENT_CATEGORY_PROTECTION_OF_MINORS,75811,27922,0,47889,28712,7221,0,0,0,7221,0.3683106673174077,0.0,0.6316893326825922,0.378731318674071,0.0952500296790703,0.0,0.0,0.0,0.0952500296790703,True,2026-05-18,55095.0,0.036846832123651474,0.036846832123651474,7.0,25,0.5832204409287829,False,0.0005437737901033,5,0.3677668935273044,11.236011870446191,0,False,-0.07388245617686162,488,automation_change_abs,1.2156127200382096
2026-06-01,TikTok,STATEMENT_CATEGORY_PROTECTION_OF_MINORS,66786,41837,0,24949,33531,2826,0,0,0,2826,0.6264336837061659,0.0,0.373566316293834,0.502066301320636,0.0423142574791123,0.0,0.0,0.0,0.0423142574791123,True,2026-05-25,75811.0,0.25812301638875823,0.25812301638875823,7.0,25,4.947014045718416,True,0.00069686411149825,4,0.6257368195946676,11.109263729807159,0,False,0.020589266632343194,34,automation_change_abs,9.600790922672388
2026-06-08,TikTok,STATEMENT_CATEGORY_PROTECTION_OF_MINORS,62505,55578,0,6927,36938,198,0,0,0,198,0.889176865850732,0.0,0.110823134149268,0.5909607231421486,0.0031677465802735,0.0,0.0,0.0,0.0031677465802735,True,2026-06-01,66786.0,0.26274318214456605,0.26274318214456605,7.0,25,5.038128459342374,True,0.0011061946902654,3,0.8880706711604666,11.043017831116789,0,False,0.021313960066066794,33,automation_change_abs,9.775870375153103
2026-06-15,TikTok,STATEMENT_CATEGORY_PROTECTION_OF_MINORS,66993,62530,0,4463,38054,0,0,0,0,0,0.93338109951786,0.0,0.0666189004821399,0.5680294956189452,0.0,0.0,0.0,0.0,0.0,True,2026-06-08,62505.0,0.044204233667128,0.044204233667128,7.0,25,0.7283159554321713,False,0.187536770372686,4,0.745844329145174,11.112358342124256,0,False,-0.1077320195017962,858,automation_change_abs,1.4944186984370107
2026-06-22,TikTok,STATEMENT_CATEGORY_PROTECTION_OF_MINORS,48087,43746,0,4341,22564,0,0,0,0,0,0.9097261214049536,0.0,0.0902738785950464,0.4692328487948926,0.0,0.0,0.0,0.0,0.0,True,2026-06-15,66993.0,-0.0236549781129064,0.0236549781129064,7.0,25,-0.6099373924156903,False,0.0009233610341643,5,0.9088027603707892,10.780787944718998,0,False,-0.10337324363111382,799,automation_change_abs,0.7157123486059869
2026-06-29,TikTok,STATEMENT_CATEGORY_PROTECTION_OF_MINORS,44342,39145,0,5197,22078,0,0,0,0,0,0.8827973478868792,0.0,0.1172026521131207,0.4979026656443101,0.0,0.0,0.0,0.0,0.0,True,2026-06-22,48087.0,-0.026928773518074323,0.026928773518074323,7.0,25,-0.6745,False,0.001860465116279,5,0.8809368827706002,10.699710139880182,0,False,-0.10628408578652167,838,automation_change_abs,0.839771600452128
2026-07-06,TikTok,STATEMENT_CATEGORY_PROTECTION_OF_MINORS,43780,40790,0,2990,20799,0,0,0,0,0,0.9317039744175424,0.0,0.0682960255824577,0.4750799451804477,0.0,0.0,0.0,0.0,0.0,True,2026-06-29,44342.0,0.04890662653066313,0.04890662653066313,7.0,25,0.8210519720679158,False,0.475378053509112,5,0.4563259209084304,10.68695521229612,0,False,-0.10495354163237461,823,automation_change_abs,1.672614116396209
2026-07-13,TikTok,STATEMENT_CATEGORY_PROTECTION_OF_MINORS,37196,32983,0,4213,12894,0,0,0,0,0,0.8867351328099796,0.0,0.1132648671900204,0.3466501774384342,0.0,0.0,0.0,0.0,0.0,True,2026-07-06,43780.0,-0.04496884160756276,0.04496884160756276,7.0,25,-1.0302686699105517,False,0.4960343688037013,5,0.39070076400627834,10.523983391847953,0,False,-0.10055921750217456,762,automation_change_abs,1.523393230228526
2026-07-20,TikTok,STATEMENT_CATEGORY_PROTECTION_OF_MINORS,33370,28932,0,4438,10611,0,0,0,0,0,0.8670062930776147,0.0,0.1329937069223853,0.3179802217560683,0.0,0.0,0.0,0.0,0.0,True,2026-07-13,37196.0,-0.019728839732364944,0.019728839732364944,7.0,25,-0.5325099113994805,False,0.4538296349319971,5,0.4131766581456176,10.415442538332677,0,False,-0.10950817182323762,871,automation_change_abs,0.5669328038105145
2026-07-27,TikTok,STATEMENT_CATEGORY_PROTECTION_OF_MINORS,34071,25756,0,8315,15341,0,0,0,0,0,0.755950808605559,0.0,0.244049191394441,0.4502656217897919,0.0,0.0,0.0,0.0,0.0,True,2026-07-20,33370.0,-0.11105548447205571,0.11105548447205571,7.0,25,-2.333565138312131,False,0.4336099585062241,5,0.3223408500993349,10.43623121160305,0,False,-0.05812807207332795,351,automation_change_abs,4.02772183239161
2026-08-03,TikTok,STATEMENT_CATEGORY_PROTECTION_OF_MINORS,26338,21424,0,4914,10924,0,0,0,0,0,0.8134254689042448,0.0,0.1865745310957551,0.4147619409218619,0.0,0.0,0.0,0.0,0.0,True,2026-07-27,34071.0,0.057474660298685865,0.057474660298685865,7.0,25,0.99002239736106,False,0.371819491118579,5,0.44160597778566585,10.178806009504447,0,False,-0.10236315435449994,787,automation_change_abs,1.9972965499335764
2026-08-10,TikTok,STATEMENT_CATEGORY_PROTECTION_OF_MINORS,30531,25671,0,4860,19423,0,0,0,0,0,0.8408175297238872,0.0,0.1591824702761128,0.6361730699944319,0.0,0.0,0.0,0.0,0.0,True,2026-08-03,26338.0,0.027392060819642405,0.027392060819642405,7.0,25,0.3967626407447735,False,0.4389261744966443,5,0.40189135522724295,10.326530592918362,0,False,-0.11072093761331128,887,automation_change_abs,0.8573276993859908
2026-08-17,TikTok,STATEMENT_CATEGORY_PROTECTION_OF_MINORS,37231,32542,0,4689,25804,0,0,0,0,0,0.8740565657650883,0.0,0.1259434342349117,0.6930783486879214,0.0,0.0,0.0,0.0,0.0,True,2026-08-10,30531.0,0.03323903604120104,0.03323903604120104,7.0,25,0.5120709969691017,False,0.7439268362389254,5,0.13012972952616286,10.524923885542073,0,False,-0.060761034810903135,380,automation_change_abs,1.0788966375073035
2026-08-24,TikTok,STATEMENT_CATEGORY_PROTECTION_OF_MINORS,32296,28117,0,4179,20502,0,0,0,0,0,0.8706031706712906,0.0,0.1293968293287094,0.6348154570225415,0.0,0.0,0.0,0.0,0.0,True,2026-08-17,37231.0,-0.0034533950937977176,0.0034533950937977176,7.0,25,-0.21154142821289193,False,0.64614328221561,5,0.22445988845568055,10.382729625640236,0,False,-0.08316623506092781,580,weekly_peer_divergence_abs,0.8471351512733034
2026-03-09,TikTok,STATEMENT_CATEGORY_SCAMS_AND_FRAUD,335725,285613,0,50112,269705,36822,0,0,0,36822,0.8507349765433018,0.0,0.1492650234566982,0.8033509568843548,0.1096790527961873,0.0,0.0,0.0,0.1096790527961873,True,2026-03-02,266720.0,0.09394133527155613,0.09394133527155613,7.0,25,9.795529248839866,False,0.0183214098761123,5,0.8324135666671895,12.72405063007328,0,False,-0.021190734652354947,109,automation_change_abs,3.3791875524406896
2026-03-16,TikTok,STATEMENT_CATEGORY_SCAMS_AND_FRAUD,246941,209934,0,37007,192135,25249,0,0,0,25249,0.8501382921426576,0.0,0.1498617078573424,0.7780603463985324,0.1022470954600491,0.0,0.0,0.0,0.1022470954600491,True,2026-03-09,335725.0,-0.0005966844006441985,0.0005966844006441985,7.0,25,-0.10245270942276262,False,0.0161918425906948,5,0.8339464495519627,12.41690877022233,0,False,-0.07349499926974482,484,log1p_represented_sors,0.8455768922222276
2026-03-23,TikTok,STATEMENT_CATEGORY_SCAMS_AND_FRAUD,241523,211703,0,29820,187278,21697,0,0,0,21697,0.8765334978449257,0.0,0.1234665021550742,0.7754044128302481,0.0898340944754743,0.0,0.0,0.0,0.0898340944754743,True,2026-03-16,246941.0,0.026395205702268165,0.026395205702268165,7.0,25,2.723555728075705,False,0.018771028864884,5,0.8577624689800417,12.394724126018998,0,False,-0.07164956899304908,466,log1p_represented_sors,0.838030338869085
2026-03-30,TikTok,STATEMENT_CATEGORY_SCAMS_AND_FRAUD,246358,214448,0,31910,189438,20435,0,0,0,20435,0.8704730514129844,0.0,0.1295269485870156,0.7689541236736781,0.082948392177238,0.0,0.0,0.0,0.082948392177238,True,2026-03-23,241523.0,-0.006060446431941369,0.006060446431941369,7.0,25,-0.6745,False,0.0249318270354499,5,0.8455412243775344,12.414545100692239,0,False,-0.08117067951092244,563,log1p_represented_sors,0.84477284244552
2026-04-06,TikTok,STATEMENT_CATEGORY_SCAMS_AND_FRAUD,218671,208032,0,10639,181406,3404,0,0,0,3404,0.951347000745412,0.0,0.0486529992545879,0.8295841698259029,0.0155667646830169,0.0,0.0,0.0,0.0155667646830169,True,2026-03-30,246358.0,0.08087394933242764,0.08087394933242764,7.0,25,8.427394495059083,False,0.0247871333964049,5,0.9265598673490071,12.295328169204582,0,False,-0.051813559107278584,296,automation_change_abs,2.8840038520072437
2026-04-13,TikTok,STATEMENT_CATEGORY_SCAMS_AND_FRAUD,220897,196737,0,24160,171493,19680,0,0,0,19680,0.8906277586386415,0.0,0.1093722413613584,0.7763482528056063,0.0890912959433582,0.0,0.0,0.0,0.0890912959433582,True,2026-04-06,218671.0,-0.06071924210677049,0.06071924210677049,7.0,25,-6.397189932851544,False,0.0243947175348495,5,0.8662330411037921,12.305456335496693,0,False,-0.05341542607878895,308,automation_change_abs,2.1202487634497817
2026-04-20,TikTok,STATEMENT_CATEGORY_SCAMS_AND_FRAUD,197450,183455,0,13995,160628,8272,0,0,0,8272,0.9291212965307672,0.0,0.0708787034692327,0.813512281590276,0.0418941504178273,0.0,0.0,0.0,0.0418941504178273,True,2026-04-13,220897.0,0.03849353789212573,0.03849353789212573,7.0,25,3.9902320785587615,False,0.0248368764470637,5,0.9042844200837036,12.19324573127528,0,False,-0.07482815888914321,498,automation_change_abs,1.2780140189480793
2026-04-27,TikTok,STATEMENT_CATEGORY_SCAMS_AND_FRAUD,200678,173014,0,27664,149101,17917,0,0,0,17917,0.8621473205832229,0.0,0.1378526794167771,0.7429862765225884,0.0892823328914978,0.0,0.0,0.0,0.0892823328914978,True,2026-04-20,197450.0,-0.0669739759475444,0.0669739759475444,7.0,25,-7.052050727739971,False,0.0280189423835832,5,0.8341283781996397,12.20946189552817,0,False,-0.05238810146327753,301,automation_change_abs,2.357269561865665
2026-05-04,TikTok,STATEMENT_CATEGORY_SCAMS_AND_FRAUD,233115,220687,0,12428,199450,6878,0,0,0,6878,0.946687257362246,0.0,0.0533127426377539,0.8555862986079832,0.0295047508740321,0.0,0.0,0.0,0.0295047508740321,True,2026-04-27,200678.0,0.08453993677902316,0.08453993677902316,7.0,25,8.811217614386491,False,0.0260778128286014,5,0.9206094445336446,12.359291462736866,0,False,-0.04306564571691267,224,automation_change_abs,3.0229250745076026
2026-05-11,TikTok,STATEMENT_CATEGORY_SCAMS_AND_FRAUD,266531,245908,0,20623,231392,15779,0,0,0,15779,0.922624385155948,0.0,0.0773756148440519,0.8681616772533026,0.0592013686963242,0.0,0.0,0.0,0.0592013686963242,True,2026-05-04,233115.0,-0.02406287220629799,0.02406287220629799,7.0,25,-2.5593256620710823,False,0.0249079108928258,5,0.8977164742631222,12.49324959042651,0,False,-0.07020403828522533,451,log1p_represented_sors,0.8715457591291397
2026-05-18,TikTok,STATEMENT_CATEGORY_SCAMS_AND_FRAUD,258053,247896,0,10157,230747,3587,0,0,0,3587,0.9606398685541342,0.0,0.0393601314458657,0.8941845279845613,0.0139002452984464,0.0,0.0,0.0,0.0139002452984464,True,2026-05-11,266531.0,0.03801548339818617,0.03801548339818617,7.0,25,3.9401805249881763,False,0.0332469775474956,5,0.9273928910066386,12.46092414432866,0,False,-0.07591218045150552,503,automation_change_abs,1.2598983227850853
2026-05-25,TikTok,STATEMENT_CATEGORY_SCAMS_AND_FRAUD,298663,292068,0,6595,266936,3840,0,0,0,3840,0.9779182556928712,0.0,0.0220817443071287,0.8937699011929834,0.0128573007034684,0.0,0.0,0.0,0.0128573007034684,True,2026-05-18,258053.0,0.017278387138736973,0.017278387138736973,7.0,25,1.7690391645653223,False,0.0350245499181669,5,0.9428937057747042,12.607074474677669,0,False,-0.08188068852978149,567,log1p_represented_sors,0.9102655850611534
2026-06-01,TikTok,STATEMENT_CATEGORY_SCAMS_AND_FRAUD,424822,408321,0,16501,393197,11118,0,0,0,11118,0.9611578496405552,0.0,0.0388421503594446,0.9255570568379228,0.02617096101426,0.0,0.0,0.0,0.02617096101426,True,2026-05-25,298663.0,-0.01676040605231599,0.01676040605231599,7.0,25,-1.794768941996357,False,0.0216297786720321,5,0.9395280709685231,12.959427890570357,0,False,-0.07049497007791813,456,log1p_represented_sors,1.0301256931532592
2026-06-08,TikTok,STATEMENT_CATEGORY_SCAMS_AND_FRAUD,500489,495536,0,4953,474320,437,0,0,0,437,0.990103678602327,0.0,0.009896321397673,0.9477131365524516,0.0008731460631502,0.0,0.0,0.0,0.0008731460631502,True,2026-06-01,424822.0,0.02894582896177178,0.02894582896177178,7.0,25,2.990601971401188,False,0.0235888795282224,5,0.9665147990741045,13.12334289751783,0,False,-0.0630433246085488,410,log1p_represented_sors,1.0858846827485977
2026-06-15,TikTok,STATEMENT_CATEGORY_SCAMS_AND_FRAUD,472015,466827,0,5188,442314,0,0,0,0,0,0.9890088238721229,0.0,0.0109911761278772,0.9370761522409246,0.0,0.0,0.0,0.0,0.0,True,2026-06-08,500489.0,-0.0010948547302040978,0.0010948547302040978,7.0,25,-0.15461035934205322,False,0.0245886819743265,5,0.9644201418977963,13.064768162298243,0,False,-0.0849469098627387,601,log1p_represented_sors,1.065959307320921
2026-06-22,TikTok,STATEMENT_CATEGORY_SCAMS_AND_FRAUD,307567,303581,0,3986,270932,0,0,0,0,0,0.9870402221304626,0.0,0.0129597778695373,0.8808877415327392,0.0,0.0,0.0,0.0,0.0,True,2026-06-15,472015.0,-0.0019686017416602475,0.0019686017416602475,7.0,25,-0.24609029710112573,False,0.0293585360949125,5,0.9576816860355502,12.636451479992642,0,False,-0.09415605702582407,695,log1p_represented_sors,0.9202587648450199
2026-06-29,TikTok,STATEMENT_CATEGORY_SCAMS_AND_FRAUD,305552,301679,0,3873,256721,0,0,0,0,0,0.9873245797769284,0.0,0.0126754202230716,0.8401875949101953,0.0,0.0,0.0,0.0,0.0,True,2026-06-22,307567.0,0.00028435764646583817,0.00028435764646583817,7.0,25,-0.010208992905287676,False,0.0221335992023928,5,0.9651909805745357,12.629878528635196,0,False,-0.09180834455449541,663,log1p_represented_sors,0.9180228431123137
2026-07-06,TikTok,STATEMENT_CATEGORY_SCAMS_AND_FRAUD,423629,420329,0,3300,320124,0,0,0,0,0,0.9922101650264736,0.0,0.0077898349735263,0.7556706457773193,0.0,0.0,0.0,0.0,0.0,True,2026-06-29,305552.0,0.004885585249545188,0.004885585249545188,7.0,25,0.47153229974135374,False,0.0257963212202781,5,0.9664138438061955,12.956615711731407,0,False,-0.08805467237650888,632,log1p_represented_sors,1.02916907390563
2026-07-13,TikTok,STATEMENT_CATEGORY_SCAMS_AND_FRAUD,569500,568257,0,1243,445510,0,0,0,0,0,0.9978173836698858,0.0,0.0021826163301141,0.7822827041264266,0.0,0.0,0.0,0.0,0.0,True,2026-07-06,423629.0,0.005607218643412182,0.005607218643412182,7.0,25,0.547086181002479,False,0.0241495170096598,5,0.973667866660226,13.252515817794084,0,False,-0.080398266844332,556,log1p_represented_sors,1.1298254521254445
2026-07-20,TikTok,STATEMENT_CATEGORY_SCAMS_AND_FRAUD,704151,702883,0,1268,550162,0,0,0,0,0,0.998199249876802,0.0,0.001800750123198,0.7813125309770206,0.0,0.0,0.0,0.0,0.0,True,2026-07-13,569500.0,0.00038186620691615936,0.00038186620691615936,7.0,25,0.0,False,0.0331573389651531,5,0.9650419109116489,13.464749520926075,0,False,-0.0771143024709958,517,log1p_represented_sors,1.202021018993273
2026-07-27,TikTok,STATEMENT_CATEGORY_SCAMS_AND_FRAUD,584997,583111,0,1886,441347,0,0,0,0,0,0.9967760518430008,0.0,0.003223948156999,0.7544431851787274,0.0,0.0,0.0,0.0,0.0,True,2026-07-20,704151.0,-0.0014231980338011985,0.0014231980338011985,7.0,25,-0.18898738676857674,False,0.0245269796776454,5,0.9722490721653554,13.27936370740473,0,False,-0.08106465711277722,561,log1p_represented_sors,1.1389583022856289
2026-08-03,TikTok,STATEMENT_CATEGORY_SCAMS_AND_FRAUD,555096,552784,0,2312,417785,0,0,0,0,0,0.9958349546745068,0.0,0.0041650453254932,0.7526355801519017,0.0,0.0,0.0,0.0,0.0,True,2026-07-27,584997.0,-0.0009410971684939984,0.0009410971684939984,7.0,25,-0.13851218448044733,False,0.031615925058548,5,0.9642190296159587,13.226898152232014,0,False,-0.08371257868056683,589,log1p_represented_sors,1.1211110874425936
2026-08-10,TikTok,STATEMENT_CATEGORY_SCAMS_AND_FRAUD,629705,627684,0,2021,480356,0,0,0,0,0,0.9967905606593565,0.0,0.0032094393406436,0.7628270380575031,0.0,0.0,0.0,0.0,0.0,True,2026-08-03,555096.0,0.0009556059848496723,0.0009556059848496723,7.0,25,0.06006965229877176,False,0.0250847457627118,5,0.9717058148966446,13.35300832277827,0,False,-0.0799142485690113,551,log1p_represented_sors,1.1640100008386591
2026-08-17,TikTok,STATEMENT_CATEGORY_SCAMS_AND_FRAUD,816329,813633,0,2696,669538,0,0,0,0,0,0.9966974099903348,0.0,0.0033025900096652,0.8201815689507539,0.0,0.0,0.0,0.0,0.0,True,2026-08-10,629705.0,-9.315066902160218e-05,9.315066902160218e-05,7.0,25,-0.04973351974374831,False,0.0229885057471264,5,0.9737089042432084,13.612573963958553,0,False,-0.07349202020869616,483,log1p_represented_sors,1.2523064793332528
2026-08-24,TikTok,STATEMENT_CATEGORY_SCAMS_AND_FRAUD,671089,669156,0,1933,535453,0,0,0,0,0,0.9971196070863924,0.0,0.0028803929136075,0.7978867184531411,0.0,0.0,0.0,0.0,0.0,True,2026-08-17,816329.0,0.0004221970960575083,0.0004221970960575083,7.0,25,0.004222580655549194,False,0.0221187427240977,5,0.9750008643622946,13.416658535126356,0,False,-0.07734301250943412,520,log1p_represented_sors,1.1856619019925008
2026-03-09,TikTok,STATEMENT_CATEGORY_SELF_HARM,23860,14907,0,8953,15492,0,0,0,0,0,0.62476948868399,0.0,0.37523051131601,0.6492875104777871,0.0,0.0,0.0,0.0,0.0,True,2026-03-02,21109.0,-0.013678566647859047,0.013678566647859047,7.0,25,-0.3513994520698448,False,0.0,1,0.62476948868399,10.080000605922026,0,False,-0.104525678647728,812,automation_change_abs,0.33765996924553787
2026-03-16,TikTok,STATEMENT_CATEGORY_SELF_HARM,22176,14845,0,7331,13240,0,0,0,0,0,0.6694173881673882,0.0,0.3305826118326118,0.597041847041847,0.0,0.0,0.0,0.0,0.0,True,2026-03-09,23860.0,0.0446478994833982,0.0446478994833982,7.0,25,0.745867372988944,False,0.0,1,0.6694173881673882,10.00681099476803,0,False,-0.09393175310901594,692,automation_change_abs,1.511231248527741
2026-03-23,TikTok,STATEMENT_CATEGORY_SELF_HARM,20793,15967,0,4826,13307,0,0,0,0,0,0.7679026595488866,0.0,0.2320973404511133,0.6399749915837061,0.0,0.0,0.0,0.0,0.0,True,2026-03-16,22176.0,0.09848527138149843,0.09848527138149843,7.0,25,1.7586830988585398,False,0.0,1,0.7679026595488866,9.942419762537915,0,False,-0.06525205416118654,423,automation_change_abs,3.551378311015962
2026-03-30,TikTok,STATEMENT_CATEGORY_SELF_HARM,24065,17160,0,6905,16568,0,0,0,0,0,0.7130687720756285,0.0,0.2869312279243715,0.6884687305215043,0.0,0.0,0.0,0.0,0.0,True,2026-03-23,20793.0,-0.054833887473258125,0.054833887473258125,7.0,25,-1.1256340527867406,False,0.0,1,0.7130687720756285,10.088555334998109,0,False,-0.09109161133895953,651,automation_change_abs,1.8972254518738059
2026-04-06,TikTok,STATEMENT_CATEGORY_SELF_HARM,26012,16506,0,9506,17517,0,0,0,0,0,0.6345532831001076,0.0,0.3654467168998923,0.6734199600184531,0.0,0.0,0.0,0.0,0.0,True,2026-03-30,24065.0,-0.07851548897552085,0.07851548897552085,7.0,25,-1.571144254522927,False,0.0,1,0.6345532831001076,10.16635169204527,0,False,-0.0786040851597114,534,automation_change_abs,2.794630879302607
2026-04-13,TikTok,STATEMENT_CATEGORY_SELF_HARM,23808,16327,0,7481,16147,0,0,0,0,0,0.6857778897849462,0.0,0.3142221102150537,0.6782174059139785,0.0,0.0,0.0,0.0,0.0,True,2026-04-06,26012.0,0.051224606684838636,0.051224606684838636,7.0,25,0.8695916976210263,False,0.0,1,0.6857778897849462,10.077818939438902,0,False,-0.09161775538075514,661,automation_change_abs,1.7604531069657696
2026-04-20,TikTok,STATEMENT_CATEGORY_SELF_HARM,21258,15521,0,5737,14450,0,0,0,0,0,0.7301251293630633,0.0,0.2698748706369366,0.6797440963402014,0.0,0.0,0.0,0.0,0.0,True,2026-04-13,23808.0,0.04434723957811704,0.04434723957811704,7.0,25,0.7402112075880105,False,0.0,1,0.7301251293630633,9.964535614101061,0,False,-0.0958174679747429,712,automation_change_abs,1.4998378539220694
2026-04-27,TikTok,STATEMENT_CATEGORY_SELF_HARM,25437,20180,0,5257,14257,0,0,0,0,0,0.7933325470770924,0.0,0.2066674529229075,0.5604827613319181,0.0,0.0,0.0,0.0,0.0,True,2026-04-20,21258.0,0.06320741771402916,0.06320741771402916,7.0,25,1.0950183672857103,False,0.3506825938566553,2,0.44264995322043715,10.14399939801143,0,False,-0.0983164593981281,736,automation_change_abs,2.21453724702791
2026-05-04,TikTok,STATEMENT_CATEGORY_SELF_HARM,26861,19987,0,6874,18086,1,0,0,0,1,0.7440899445292432,0.0,0.2559100554707568,0.673318193663676,3.7228695878783365e-05,0.0,0.0,0.0,3.7228695878783365e-05,True,2026-04-27,25437.0,-0.04924260254784929,0.04924260254784929,7.0,25,-1.0204479877798878,False,0.3339749759384023,2,0.41011496859084084,10.19846792746902,0,False,-0.09813418671157285,733,automation_change_abs,1.6853458018474636
2026-05-11,TikTok,STATEMENT_CATEGORY_SELF_HARM,47764,33983,0,13781,31647,0,0,0,0,0,0.7114772632107864,0.0,0.2885227367892136,0.6625701365044804,0.0,0.0,0.0,0.0,0.0,True,2026-05-04,26861.0,-0.03261268131845674,0.03261268131845674,7.0,25,-0.7075975430557135,False,0.3375984251968504,2,0.373878838013936,10.77404843270411,0,False,-0.09800864088134445,729,automation_change_abs,1.0551611596667236
2026-05-18,TikTok,STATEMENT_CATEGORY_SELF_HARM,27777,21713,0,6064,17597,0,0,0,0,0,0.7816898873168449,0.0,0.2183101126831551,0.6335097382726717,0.0,0.0,0.0,0.0,0.0,True,2026-05-11,47764.0,0.07021262410605844,0.07021262410605844,7.0,25,1.226803834270213,False,0.3573000733675715,2,0.42438981394927333,10.231999619476165,0,False,-0.091525958727954,659,automation_change_abs,2.479996921951726
2026-05-25,TikTok,STATEMENT_CATEGORY_SELF_HARM,40174,31809,0,8365,27226,0,0,0,0,0,0.7917807537213123,0.0,0.2082192462786877,0.6777019963160252,0.0,0.0,0.0,0.0,0.0,True,2026-05-18,27777.0,0.010090866404467436,0.010090866404467436,7.0,25,0.09576308097442351,False,0.35552075176194203,2,0.43626000195937026,10.601000190605713,0,False,-0.11151644677854525,895,fully_automated_rate,0.4790866852228197
2026-06-01,TikTok,STATEMENT_CATEGORY_SELF_HARM,31028,25835,0,5193,19967,0,0,0,0,0,0.8326350393193245,0.0,0.1673649606806755,0.6435155343560655,0.0,0.0,0.0,0.0,0.0,True,2026-05-25,40174.0,0.040854285598012186,0.040854285598012186,7.0,25,0.6745,False,0.37021475256769376,2,0.4624202867516307,10.342677530045913,0,False,-0.11063801953205214,885,automation_change_abs,1.3674736698863899
2026-06-08,TikTok,STATEMENT_CATEGORY_SELF_HARM,40379,38454,0,1925,28782,0,0,0,0,0,0.9523267044750984,0.0,0.0476732955249015,0.7127962554793333,0.0,0.0,0.0,0.0,0.0,True,2026-06-01,31028.0,0.1196916651557739,0.1196916651557739,7.0,25,2.157628447532352,False,0.36186770428015563,2,0.5904590001949428,10.606089891866828,0,False,-0.05951826716786797,368,automation_change_abs,4.354986667799129
2026-06-15,TikTok,STATEMENT_CATEGORY_SELF_HARM,49389,48349,0,1040,36049,0,0,0,0,0,0.978942679544028,0.0,0.0210573204559719,0.7298993703051286,0.0,0.0,0.0,0.0,0.0,True,2026-06-08,40379.0,0.026615975068929654,0.026615975068929654,7.0,25,0.4066417389956529,False,0.34014869888475835,2,0.6387939806592697,10.807503253534671,0,False,-0.10792342662480396,860,automation_change_abs,0.827918220268912
2026-06-22,TikTok,STATEMENT_CATEGORY_SELF_HARM,45000,42465,0,2535,31468,0,0,0,0,0,0.9436666666666668,0.0,0.0563333333333333,0.6992888888888888,0.0,0.0,0.0,0.0,0.0,True,2026-06-15,49389.0,-0.03527601287736126,0.03527601287736126,7.0,25,-0.7577014762708948,False,0.33994464944649444,2,0.6037220172201723,10.714439990727769,0,False,-0.11285635038579453,908,automation_change_abs,1.1560871124902674
2026-06-29,TikTok,STATEMENT_CATEGORY_SELF_HARM,46429,43815,0,2614,32481,0,0,0,0,0,0.9436989812401732,0.0,0.0563010187598268,0.699584311529432,0.0,0.0,0.0,0.0,0.0,True,2026-06-22,45000.0,3.231457350638678e-05,3.231457350638678e-05,7.0,25,-0.0934634565533352,False,0.34371957156767285,2,0.5999794096725003,10.745701081013967,0,False,-0.11449264460745523,919,fully_automated_rate,0.6516721603362527
2026-07-06,TikTok,STATEMENT_CATEGORY_SELF_HARM,115558,112901,0,2657,55794,0,0,0,0,0,0.9770072171550216,0.0,0.0229927828449782,0.4828224787552571,0.0,0.0,0.0,0.0,0.0,True,2026-06-29,46429.0,0.03330823591484844,0.03330823591484844,7.0,25,0.5325399169230025,False,0.32483781278962004,2,0.6521694043654016,11.657536501029403,0,False,-0.10382208622091108,809,automation_change_abs,1.0815189408250343
2026-07-13,TikTok,STATEMENT_CATEGORY_SELF_HARM,143339,140760,0,2579,61152,0,0,0,0,0,0.982007688068146,0.0,0.0179923119318538,0.4266249938955901,0.0,0.0,0.0,0.0,0.0,True,2026-07-06,115558.0,0.0050004709131243885,0.0050004709131243885,7.0,25,0.0,False,0.34797297297297297,2,0.6340347150951731,11.87297470954791,0,False,-0.11211795857751336,901,fully_automated_rate,0.6951924572543173
2026-07-20,TikTok,STATEMENT_CATEGORY_SELF_HARM,155892,153032,0,2860,63963,0,0,0,0,0,0.9816539655659046,0.0,0.0183460344340954,0.4103032868909245,0.0,0.0,0.0,0.0,0.0,True,2026-07-13,143339.0,-0.0003537225022414159,0.0003537225022414159,7.0,25,-0.10072578023856478,False,0.3387387387387387,2,0.6429152268271658,11.956925153460514,0,False,-0.10740317798009438,851,fully_automated_rate,0.6947906136631652
2026-07-27,TikTok,STATEMENT_CATEGORY_SELF_HARM,159676,155434,0,4242,70768,0,0,0,0,0,0.9734337032490794,0.0,0.0265662967509206,0.4431974748866454,0.0,0.0,0.0,0.0,0.0,True,2026-07-20,155892.0,-0.008220262316825155,0.008220262316825155,7.0,25,-0.24871508490725813,False,0.3062200956937799,2,0.6672136075552995,11.980908303793651,0,False,-0.11156436368211702,897,log1p_represented_sors,0.6972625558847991
2026-08-03,TikTok,STATEMENT_CATEGORY_SELF_HARM,166080,161606,0,4474,76028,0,0,0,0,0,0.973061175337187,0.0,0.0269388246628131,0.4577793834296724,0.0,0.0,0.0,0.0,0.0,True,2026-07-27,159676.0,-0.0003725279118924618,0.0003725279118924618,7.0,25,-0.101079557065971,False,0.3440366972477064,2,0.6290244780894805,12.020230900136138,0,False,-0.11037569993145313,883,log1p_represented_sors,0.7106389286840574
2026-08-10,TikTok,STATEMENT_CATEGORY_SELF_HARM,195087,190676,0,4411,100903,0,0,0,0,0,0.9773895749076054,0.0,0.0226104250923946,0.5172205221260259,0.0,0.0,0.0,0.0,0.0,True,2026-08-03,166080.0,0.0043283995704184175,0.0043283995704184175,7.0,25,-0.012643344219834055,False,0.33827893175074186,2,0.6391106431568635,12.181206017800045,0,False,-0.11136280871015622,893,log1p_represented_sors,0.7653978557529288
2026-08-17,TikTok,STATEMENT_CATEGORY_SELF_HARM,211269,208340,0,2929,117520,0,0,0,0,0,0.9861361581680228,0.0,0.0138638418319772,0.5562576620327639,0.0,0.0,0.0,0.0,0.0,True,2026-08-10,195087.0,0.00874658326041744,0.00874658326041744,7.0,25,0.07047375015619124,False,0.0,1,0.9861361581680228,12.26089221529428,0,False,-0.0831922250188909,581,weekly_peer_divergence_abs,0.7967535091532546
2026-08-24,TikTok,STATEMENT_CATEGORY_SELF_HARM,201467,199072,0,2395,116405,0,0,0,0,0,0.98811219703475,0.0,0.0118878029652498,0.5777869328475631,0.0,0.0,0.0,0.0,0.0,True,2026-08-17,211269.0,0.001976038866727148,0.001976038866727148,7.0,25,-0.05689713725649338,False,0.0,1,0.98811219703475,12.213385838824399,0,False,-0.08530648268113963,607,weekly_peer_divergence_abs,0.8010182972459724
2026-03-09,TikTok,STATEMENT_CATEGORY_VIOLENCE,183389,166904,0,16485,137984,0,0,0,0,0,0.910109112324076,0.0,0.0898908876759238,0.7524115404958858,0.0,0.0,0.0,0.0,0.0,True,2026-03-02,238384.0,0.02551534764188257,0.02551534764188257,7.0,25,3.434217449267053,False,0.1759775027135952,4,0.7341316096104809,12.119370311690881,0,False,-0.11018258349087406,882,automation_change_abs,0.7862103557685032
2026-03-16,TikTok,STATEMENT_CATEGORY_VIOLENCE,198664,182782,0,15882,138798,1,0,0,0,1,0.92005597390569,0.0,0.0799440260943099,0.6986570289534088,5.0336246124109045e-06,0.0,0.0,0.0,5.0336246124109045e-06,True,2026-03-09,183389.0,0.009946861581614064,0.009946861581614064,7.0,25,1.312146157765357,False,0.35400202607893905,4,0.566053947826751,12.199375268082441,0,False,-0.10988652678042912,876,log1p_represented_sors,0.7715784920248466
2026-03-23,TikTok,STATEMENT_CATEGORY_VIOLENCE,200610,186393,0,14217,157241,0,0,0,0,0,0.9291311499925228,0.0,0.0708688500074772,0.7838143661831414,0.0,0.0,0.0,0.0,0.0,True,2026-03-16,198664.0,0.009075176086832726,0.009075176086832726,7.0,25,1.193330573736628,False,0.0174844895657078,3,0.911646660426815,12.20912298850008,0,False,-0.10986958643294689,875,log1p_represented_sors,0.7748943753687042
2026-03-30,TikTok,STATEMENT_CATEGORY_VIOLENCE,205371,190059,0,15312,153893,2,0,0,0,2,0.9254422484187154,0.0,0.0745577515812846,0.7493414357431185,9.738473299540831e-06,0.0,0.0,0.0,9.738473299540831e-06,True,2026-03-23,200610.0,-0.0036889015738074127,0.0036889015738074127,7.0,25,-0.5464842458474041,False,0.0157159487776484,3,0.909726299641067,12.232578247807439,0,False,-0.1094302549184385,869,log1p_represented_sors,0.7828731540298554
2026-04-06,TikTok,STATEMENT_CATEGORY_VIOLENCE,202487,187104,0,15383,154310,0,0,0,0,0,0.9240296907949648,0.0,0.0759703092050353,0.762073614602419,0.0,0.0,0.0,0.0,0.0,True,2026-03-30,205371.0,-0.0014125576237505877,0.0014125576237505877,7.0,25,-0.23620589718208446,False,0.0203735144312393,3,0.9036561763637255,12.218435904513573,0,False,-0.10963006670427707,874,log1p_represented_sors,0.7780623512408888
2026-04-13,TikTok,STATEMENT_CATEGORY_VIOLENCE,190788,177299,0,13489,143414,0,0,0,0,0,0.9292984883745308,0.0,0.0707015116254691,0.7516929785940416,0.0,0.0,0.0,0.0,0.0,True,2026-04-06,202487.0,0.005268797579565998,0.005268797579565998,7.0,25,0.6745,False,0.0145687645687645,3,0.9147297238057662,12.158923384342769,0,False,-0.11068372327951023,886,log1p_represented_sors,0.75781796938231
2026-04-20,TikTok,STATEMENT_CATEGORY_VIOLENCE,198923,171571,0,27352,154463,3,0,0,0,3,0.8624995601313071,0.0,0.1375004398686929,0.7764964332932843,1.5081212328388372e-05,0.0,0.0,0.0,1.5081212328388372e-05,True,2026-04-13,190788.0,-0.06679892824322364,0.06679892824322364,7.0,25,-9.148732099789655,False,0.0173988690735102,3,0.845100691057797,12.200678121212867,0,False,-0.0788116969171052,537,automation_change_abs,2.3506361946121292
2026-04-27,TikTok,STATEMENT_CATEGORY_VIOLENCE,270077,226989,0,43088,183198,0,0,0,0,0,0.8404603131699478,0.0,0.1595396868300521,0.6783176649622145,0.0,0.0,0.0,0.0,0.0,True,2026-04-20,198923.0,-0.022039246961359282,0.022039246961359282,7.0,25,-3.0477384452164076,False,0.31039775342007275,4,0.5300625597498752,12.506466085149041,0,False,-0.10056442605649248,763,log1p_represented_sors,0.8760416158871278
2026-05-04,TikTok,STATEMENT_CATEGORY_VIOLENCE,232277,219420,0,12857,166272,0,0,0,0,0,0.9446479849490048,0.0,0.0553520150509951,0.7158349728987373,0.0,0.0,0.0,0.0,0.0,True,2026-04-27,270077.0,0.10418767177905697,0.10418767177905697,7.0,25,14.157693055111185,True,0.3671650569795809,4,0.5774829279694239,12.355690209151001,0,False,-0.05750322233779907,343,automation_change_abs,3.7674686402807387
2026-05-11,TikTok,STATEMENT_CATEGORY_VIOLENCE,265845,225693,0,40152,206970,0,0,0,0,0,0.8489646222422841,0.0,0.1510353777577159,0.7785363651751961,0.0,0.0,0.0,0.0,0.0,True,2026-05-04,232277.0,-0.09568336270672073,0.09568336270672073,7.0,25,-13.085841264352327,False,0.35701189700130376,4,0.4919527252409803,12.490672472740675,0,False,-0.05904640421866142,364,automation_change_abs,3.445201030241049
2026-05-18,TikTok,STATEMENT_CATEGORY_VIOLENCE,272996,247784,0,25212,216147,0,0,0,0,0,0.9076469984908204,0.0,0.0923530015091796,0.7917588536095767,0.0,0.0,0.0,0.0,0.0,True,2026-05-11,265845.0,0.05868237624853634,0.05868237624853634,7.0,25,7.9550680289657185,False,0.34435506177392583,4,0.5632919367168946,12.517216085095729,0,False,-0.08453491116045261,595,automation_change_abs,2.043062493933799
2026-05-25,TikTok,STATEMENT_CATEGORY_VIOLENCE,441467,418455,0,23012,335975,3,0,0,0,3,0.9478737935111796,0.0,0.0521262064888202,0.7610421617017806,6.795524920322471e-06,0.0,0.0,0.0,6.795524920322471e-06,True,2026-05-18,272996.0,0.040226795020359196,0.040226795020359196,7.0,25,5.43946959886269,False,0.4048141405225152,4,0.5430596529886644,12.997860816218136,0,False,-0.08878563404154358,639,automation_change_abs,1.3436951492490747
2026-06-01,TikTok,STATEMENT_CATEGORY_VIOLENCE,572054,554997,0,17057,314940,0,0,0,0,0,0.9701828848325508,0.0,0.0298171151674492,0.5505424313089323,0.0,0.0,0.0,0.0,0.0,True,2026-05-25,441467.0,0.022309091321371155,0.022309091321371155,7.0,25,2.9971868693754726,False,0.37133377305612597,4,0.5988491117764247,13.256990419585604,0,False,-0.0931302256110757,677,log1p_represented_sors,1.131347578008748
2026-06-08,TikTok,STATEMENT_CATEGORY_VIOLENCE,1478992,1461357,0,17635,365729,0,0,0,0,0,0.9880763384791804,0.0,0.0119236615208195,0.2472826086956521,0.0,0.0,0.0,0.0,0.0,True,2026-06-01,572054.0,0.017893453646629642,0.017893453646629642,7.0,25,2.395310880472756,False,0.4102906306829741,4,0.5777857077962063,14.206872008754083,0,False,-0.06658695031735767,432,log1p_represented_sors,1.4544689238426989
2026-06-15,TikTok,STATEMENT_CATEGORY_VIOLENCE,1458009,1438787,0,19222,359230,0,0,0,0,0,0.9868162679379894,0.0,0.0131837320620105,0.2463839386450975,0.0,0.0,0.0,0.0,0.0,True,2026-06-08,1478992.0,-0.0012600705411910385,0.0012600705411910385,7.0,25,-0.21542105921056964,False,0.4189621540684157,4,0.5678541138695736,14.192583050237783,0,False,-0.07237180990935256,477,log1p_represented_sors,1.4496082469341232
2026-06-22,TikTok,STATEMENT_CATEGORY_VIOLENCE,1863337,1849955,0,13382,416450,0,0,0,0,0,0.9928182610016332,0.0,0.0071817389983669,0.2234968768397772,0.0,0.0,0.0,0.0,0.0,True,2026-06-15,1458009.0,0.006001993063643796,0.006001993063643796,7.0,25,0.7744386248474663,False,0.39251427216877705,4,0.6003039888328561,14.437880060932308,0,False,-0.06682891020083923,435,log1p_represented_sors,1.53305096350898
2026-06-29,TikTok,STATEMENT_CATEGORY_VIOLENCE,2800154,2788842,0,11312,407799,0,0,0,0,0,0.9959602221877796,0.0,0.0040397778122203,0.1456344901030443,0.0,0.0,0.0,0.0,0.0,True,2026-06-22,1863337.0,0.0031419611861464025,0.0031419611861464025,7.0,25,0.38460036334137354,False,0.3836373703084542,4,0.6123228518793253,14.84518533075614,0,False,-0.052293852891159974,299,log1p_represented_sors,1.6716040510216528
2026-07-06,TikTok,STATEMENT_CATEGORY_VIOLENCE,2926262,2915378,0,10884,401602,0,0,0,0,0,0.996280579114242,0.0,0.003719420885758,0.137240616185427,0.0,0.0,0.0,0.0,0.0,True,2026-06-29,2800154.0,0.0003203569264623729,0.0003203569264623729,7.0,25,0.0,False,0.41117999272864886,4,0.5851005863855931,14.88923674032331,0,False,-0.051153834649085336,290,log1p_represented_sors,1.6865890248410602
2026-07-13,TikTok,STATEMENT_CATEGORY_VIOLENCE,2820488,2810530,0,9958,307263,0,0,0,0,0,0.996469405294403,0.0,0.003530594705597,0.1089396586689962,0.0,0.0,0.0,0.0,0.0,True,2026-07-06,2926262.0,0.00018882618016102803,0.00018882618016102803,7.0,25,-0.017928372713657617,False,0.42025289536213306,4,0.5762165099322699,14.852420832136836,0,False,-0.04874348492790499,268,log1p_represented_sors,1.6740653524834073
2026-07-20,TikTok,STATEMENT_CATEGORY_VIOLENCE,2790740,2779099,0,11641,302741,0,0,0,0,0,0.9958287049313086,0.0,0.0041712950686914,0.1084805463783799,0.0,0.0,0.0,0.0,0.0,True,2026-07-13,2820488.0,-0.0006407003630943819,0.0006407003630943819,7.0,25,-0.13099745702708673,False,0.323963139670749,4,0.6718655652605596,14.841817709932247,0,False,-0.045601501480202346,244,log1p_represented_sors,1.670458487000534
2026-07-27,TikTok,STATEMENT_CATEGORY_VIOLENCE,2786076,2773397,0,12679,314896,0,0,0,0,0,0.9954491550122824,0.0,0.0045508449877174,0.1130249138932319,0.0,0.0,0.0,0.0,0.0,True,2026-07-20,2790740.0,-0.00037954991902622304,0.00037954991902622304,7.0,25,-0.09540119815036448,False,0.40668761025522504,4,0.5887615447570573,14.840145071130916,0,False,-0.04994298401605857,282,log1p_represented_sors,1.6698895052382352
2026-08-03,TikTok,STATEMENT_CATEGORY_VIOLENCE,2637348,2624819,0,12529,296444,0,0,0,0,0,0.9952493944674726,0.0,0.0047506055325273,0.1124023071661381,0.0,0.0,0.0,0.0,0.0,True,2026-07-27,2786076.0,-0.00019976054480974614,0.00019976054480974614,7.0,25,-0.07089490588373795,False,0.4216767592113595,4,0.5735726352561131,14.785284803942714,0,False,-0.050352450255058225,285,log1p_represented_sors,1.6512276808921296
2026-08-10,TikTok,STATEMENT_CATEGORY_VIOLENCE,2431566,2419151,0,12415,312530,0,0,0,0,0,0.9948942368827332,0.0,0.0051057631172668,0.1285303380619732,0.0,0.0,0.0,0.0,0.0,True,2026-08-03,2637348.0,-0.0003551575847394739,0.0003551575847394739,7.0,25,-0.09207638723925589,False,0.43068631464046936,4,0.5642079222422638,14.704046463453542,0,False,-0.05396316443978255,314,log1p_represented_sors,1.6235928238620476
2026-08-17,TikTok,STATEMENT_CATEGORY_VIOLENCE,2335846,2323080,0,12766,318724,0,0,0,0,0,0.9945347424444934,0.0,0.0054652575555066,0.1364490638509559,0.0,0.0,0.0,0.0,0.0,True,2026-08-10,2431566.0,-0.00035949443823979355,0.00035949443823979355,7.0,25,-0.09266752450673647,False,0.4322238154876929,4,0.5623109269568005,14.663885124209918,0,False,-0.056159842509481674,329,log1p_represented_sors,1.6099311357791637
2026-08-24,TikTok,STATEMENT_CATEGORY_VIOLENCE,2352140,2340644,0,11496,308323,0,0,0,0,0,0.9951125358184462,0.0,0.0048874641815538,0.1310819083898067,0.0,0.0,0.0,0.0,0.0,True,2026-08-17,2335846.0,0.0005777933739528063,0.0005777933739528063,7.0,25,0.03509002047410451,False,0.4010633618052361,4,0.5940491740132101,14.670836535183378,0,False,-0.055645050137272466,326,log1p_represented_sors,1.6122957981695103
2026-03-09,X,STATEMENT_CATEGORY_OTHER_VIOLATION_TC,3556,2507,0,1049,0,20,127,20,0,147,0.7050056242969629,0.0,0.2949943757030371,0.0,0.0056242969628796,0.0357142857142857,0.0056242969628796,0.0,0.0413385826771653,True,2026-03-02,3730.0,0.06318256799669475,0.06318256799669475,7.0,25,1.6634949075638659,False,0.6447311264717333,6,0.060274497825229645,8.176672771948455,0,False,-0.046722728920376176,253,automation_change_abs,2.2135955762881236
2026-03-16,X,STATEMENT_CATEGORY_OTHER_VIOLATION_TC,3206,2258,0,948,0,10,40,10,0,50,0.7043044291952589,0.0,0.2956955708047411,0.0,0.0031191515907673,0.0124766063630692,0.0031191515907673,0.0,0.0155957579538365,True,2026-03-09,3556.0,-0.0007011951017039664,0.0007011951017039664,7.0,25,0.0,False,0.5632009003062182,6,0.14110352888904076,8.073091199693154,0,False,-0.08078373128464218,560,weekly_peer_divergence_abs,1.027039107474786
2026-03-23,X,STATEMENT_CATEGORY_OTHER_VIOLATION_TC,3126,2607,0,519,0,10,27,10,0,37,0.8339731285988484,0.0,0.1660268714011516,0.0,0.0031989763275751,0.0086372360844529,0.0031989763275751,0.0,0.0118362124120281,True,2026-03-16,3206.0,0.1296686994035895,0.1296686994035895,7.0,25,3.39475392636396,False,0.641622915039314,6,0.1923502135595344,8.047829357457841,0,False,-0.04613314629621601,249,automation_change_abs,4.73306264727954
2026-03-30,X,STATEMENT_CATEGORY_OTHER_VIOLATION_TC,3125,2453,0,672,0,5,13,5,0,18,0.78496,0.0,0.21504,0.0,0.0016,0.00416,0.0016,0.0,0.00576,True,2026-03-23,3126.0,-0.04901312859884843,0.04901312859884843,7.0,25,-1.258013796452113,False,0.8052860133664794,6,0.020326013366479434,8.047509510981422,0,False,-0.046977908839935134,256,automation_change_abs,1.676649972417718
2026-04-06,X,STATEMENT_CATEGORY_OTHER_VIOLATION_TC,3321,2812,0,509,0,7,19,7,0,26,0.8467329117735621,0.0,0.1532670882264378,0.0,0.0021077988557663,0.0057211683227943,0.0021077988557663,0.0,0.0078289671785606,True,2026-03-30,3125.0,0.061772911773562145,0.061772911773562145,7.0,25,1.6267883042758768,False,0.598566851382623,6,0.24816606039093914,8.10832229017324,0,False,-0.08393662282958891,591,automation_change_abs,2.160177181196596
2026-04-13,X,STATEMENT_CATEGORY_OTHER_VIOLATION_TC,3156,2392,0,764,0,17,21,17,0,38,0.7579214195183777,0.0,0.2420785804816223,0.0,0.0053865652724968,0.0066539923954372,0.0053865652724968,0.0,0.012040557667934,True,2026-04-06,3321.0,-0.08881149225518448,0.08881149225518448,7.0,25,-2.2943393361626767,False,0.7263465087288979,6,0.031574910789479715,8.057377488557991,0,False,-0.033734407659853825,161,automation_change_abs,3.1847940708887856
2026-04-20,X,STATEMENT_CATEGORY_OTHER_VIOLATION_TC,4830,3689,0,1141,0,17,12,17,0,29,0.763768115942029,0.0,0.236231884057971,0.0,0.00351966873706,0.0024844720496894,0.00351966873706,0.0,0.0060041407867494,True,2026-04-13,3156.0,0.005846696423651321,0.005846696423651321,7.0,25,0.17050317137598517,False,0.6139434729300746,6,0.14982464301195442,8.482808764554406,0,False,-0.08914436106564541,641,weekly_peer_divergence_abs,1.0082167531714834
2026-04-27,X,STATEMENT_CATEGORY_OTHER_VIOLATION_TC,13406,12413,0,993,0,17,12,17,0,29,0.9259286886468744,0.0,0.0740713113531254,0.0,0.001268088915411,0.0008951215873489,0.001268088915411,0.0,0.0021632105027599,True,2026-04-20,4830.0,0.1621605727048454,0.1621605727048454,7.0,25,4.240822835776786,True,0.6068007971374062,6,0.3191278915094682,9.503532237601561,0,False,-0.03046785055523611,146,automation_change_abs,5.964330027785456
2026-05-04,X,STATEMENT_CATEGORY_OTHER_VIOLATION_TC,14658,13642,0,1016,0,6,17,6,0,23,0.9306863146404694,0.0,0.0693136853595306,0.0,0.0004093327875562,0.0011597762314094,0.0004093327875562,0.0,0.0015691090189657,True,2026-04-27,13406.0,0.004757625993594972,0.004757625993594972,7.0,25,0.14214443002277682,False,0.6549128495398141,6,0.27577346510065526,9.59280976029003,0,False,-0.08593265831695271,614,weekly_peer_divergence_abs,0.7363875671264841
2026-05-11,X,STATEMENT_CATEGORY_OTHER_VIOLATION_TC,5922,4798,0,1124,0,9,9,9,0,18,0.8101992570077676,0.0,0.1898007429922323,0.0,0.0015197568389057,0.0015197568389057,0.0015197568389057,0.0,0.0030395136778115,True,2026-05-04,14658.0,-0.12048705763270173,0.12048705763270173,7.0,25,-3.119152076428865,False,0.644910404746015,6,0.1652888522617526,8.686598356276965,0,False,-0.05111444117686228,288,automation_change_abs,4.385127768081679
2026-05-18,X,STATEMENT_CATEGORY_OTHER_VIOLATION_TC,4821,3882,0,939,0,6,14,6,0,20,0.80522713130056,0.0,0.1947728686994399,0.0,0.0012445550715619,0.0029039618336444,0.0012445550715619,0.0,0.0041485169052063,True,2026-05-11,5922.0,-0.00497212570720762,0.00497212570720762,7.0,25,-0.11121247353370248,False,0.6222927674891463,6,0.1829343638114137,8.480944058741116,0,False,-0.09232292436077923,667,weekly_peer_divergence_abs,0.936757661249562
2026-05-25,X,STATEMENT_CATEGORY_OTHER_VIOLATION_TC,5822,4691,0,1131,0,11,13,11,0,24,0.8057368601855033,0.0,0.1942631398144967,0.0,0.001889385091034,0.0022329096530401,0.001889385091034,0.0,0.0041222947440742,True,2026-05-18,4821.0,0.0005097288849432724,0.0005097288849432724,7.0,25,0.031531734943853175,False,0.6430474491755467,6,0.1626894110099566,8.66957087183712,0,False,-0.08475762688713706,599,weekly_peer_divergence_abs,0.9804513532609398
2026-06-01,X,STATEMENT_CATEGORY_OTHER_VIOLATION_TC,5650,4583,0,1067,0,28,13,28,0,41,0.8111504424778762,0.0,0.1888495575221239,0.0,0.0049557522123893,0.0023008849557522,0.0049557522123893,0.0,0.0072566371681415,True,2026-05-25,5822.0,0.005413582292372876,0.005413582292372876,7.0,25,0.159225138949093,False,0.596183140636587,6,0.2149673018412892,8.639587799629844,0,False,-0.09493615227588985,703,weekly_peer_divergence_abs,0.8676225369436068
2026-06-08,X,STATEMENT_CATEGORY_OTHER_VIOLATION_TC,4567,3341,0,1226,0,1,17,1,0,18,0.731552441427633,0.0,0.2684475585723669,0.0,0.0002189621195533,0.0037223560324063,0.0002189621195533,0.0,0.0039413181519597,True,2026-06-01,5650.0,-0.07959800105024317,0.07959800105024317,7.0,25,-2.0544255465398407,False,0.6522954771204281,6,0.07925696430720486,8.426830751335846,0,False,-0.05443449929074573,318,automation_change_abs,2.835652269305314
2026-06-15,X,STATEMENT_CATEGORY_OTHER_VIOLATION_TC,5087,3910,0,1177,0,9,7,9,0,16,0.7686259091802634,0.0,0.2313740908197366,0.0,0.0017692156477295,0.0013760566149007,0.0017692156477295,0.0,0.0031452722626302,True,2026-06-08,4567.0,0.03707346775263043,0.03707346775263043,7.0,25,0.9836295835663172,False,0.6524490753051433,6,0.11617683387512012,8.534640105019959,0,False,-0.07971684520864583,549,automation_change_abs,1.2242009923928063
2026-06-22,X,STATEMENT_CATEGORY_OTHER_VIOLATION_TC,5544,4090,0,1454,0,8,15,8,0,23,0.7377344877344877,0.0,0.2622655122655122,0.0,0.0014430014430014,0.0027056277056277,0.0014430014430014,0.0,0.0041486291486291,True,2026-06-15,5087.0,-0.030891421445775724,0.030891421445775724,7.0,25,-0.7861354019519659,False,0.5997443822419132,6,0.1379901054925745,8.620651899784468,0,False,-0.0868120748619791,624,weekly_peer_divergence_abs,1.0337586570000596
2026-06-29,X,STATEMENT_CATEGORY_OTHER_VIOLATION_TC,6031,4323,0,1708,0,8,14,8,0,22,0.7167965511523794,0.0,0.2832034488476206,0.0,0.0013264798540872,0.0023213397446526,0.0013264798540872,0.0,0.0036478195987398,True,2026-06-22,5544.0,-0.020937936582108296,0.020937936582108296,7.0,25,-0.5269526209106936,False,0.5954258439584089,6,0.12137070719397047,8.704833909687792,0,False,-0.08312083393793314,578,weekly_peer_divergence_abs,1.0696274919533995
2026-07-06,X,STATEMENT_CATEGORY_OTHER_VIOLATION_TC,5847,4465,0,1382,0,10,7,10,0,17,0.7636394732341372,0.0,0.2363605267658628,0.0,0.0017102787754403,0.0011971951428082,0.0017102787754403,0.0,0.0029074739182486,True,2026-06-29,6031.0,0.046842922081757776,0.046842922081757776,7.0,25,1.2380203197718438,False,0.6014821371119228,6,0.1621573361222144,8.673855001429615,0,False,-0.08789895954136222,630,automation_change_abs,1.5944108085295652
2026-07-13,X,STATEMENT_CATEGORY_OTHER_VIOLATION_TC,5541,4152,0,1389,0,22,9,22,0,31,0.7493232268543584,0.0,0.2506767731456416,0.0,0.0039704024544306,0.0016242555495397,0.0039704024544306,0.0,0.0055946580039704,True,2026-07-06,5847.0,-0.014316246379778796,0.014316246379778796,7.0,25,-0.3545277762115126,False,0.5863256386525196,6,0.16299758820183874,8.620110725422924,0,False,-0.09389689970679668,691,weekly_peer_divergence_abs,0.9797862294921128
2026-07-20,X,STATEMENT_CATEGORY_OTHER_VIOLATION_TC,5095,3731,0,1364,0,3,8,3,0,11,0.7322865554465162,0.0,0.2677134445534838,0.0,0.0005888125613346,0.0015701668302257,0.0005888125613346,0.0,0.0021589793915603,True,2026-07-13,5541.0,-0.017036671407842152,0.017036671407842152,7.0,25,-0.4253660136776163,False,0.6733779855630175,6,0.058908569883498685,8.536211197252,0,False,-0.06586984563859263,426,weekly_peer_divergence_abs,1.204436469617191
2026-07-27,X,STATEMENT_CATEGORY_OTHER_VIOLATION_TC,4103,2860,0,1243,0,17,2,17,0,19,0.6970509383378016,0.0,0.3029490616621983,0.0,0.0041433097733365,0.0004874482086278,0.0041433097733365,0.0,0.0046307579819644,True,2026-07-20,5095.0,-0.03523561710871459,0.03523561710871459,7.0,25,-0.8992556536758499,False,0.6727314861489173,6,0.024319452188884316,8.319717386850606,0,False,-0.05489474922428143,321,weekly_peer_divergence_abs,1.2790884715415918
2026-08-03,X,STATEMENT_CATEGORY_OTHER_VIOLATION_TC,4622,3199,0,1423,0,9,3,9,0,12,0.6921246213760277,0.0,0.3078753786239723,0.0,0.0019472090004327,0.0006490696668109,0.0019472090004327,0.0,0.0025962786672436,True,2026-07-27,4103.0,-0.004926316961773924,0.004926316961773924,7.0,25,-0.11001964125434115,False,0.49984032496028474,6,0.19228429641574296,8.438799123988225,0,False,-0.09576736347203163,711,weekly_peer_divergence_abs,0.9165781587559183
2026-08-10,X,STATEMENT_CATEGORY_OTHER_VIOLATION_TC,4568,3273,0,1295,0,14,8,14,0,22,0.716506129597198,0.0,0.2834938704028021,0.0,0.0030647985989492,0.0017513134851138,0.0030647985989492,0.0,0.004816112084063,True,2026-08-03,4622.0,0.024381508221170245,0.024381508221170245,7.0,25,0.6531385632569658,False,0.6859414600853683,6,0.03056466951182968,8.427049641563272,0,False,-0.05801828125304944,350,weekly_peer_divergence_abs,1.265609724274112
2026-08-17,X,STATEMENT_CATEGORY_OTHER_VIOLATION_TC,4892,3375,0,1517,0,3,12,3,0,15,0.6899018806214228,0.0,0.3100981193785773,0.0,0.0006132461161079,0.0024529844644317,0.0006132461161079,0.0,0.0030662305805396,True,2026-08-10,4568.0,-0.02660424897577518,0.02660424897577518,7.0,25,-0.6745,False,0.65571310867352,6,0.03418877194790282,8.495560891289124,0,False,-0.057147030606330154,336,weekly_peer_divergence_abs,1.257788001140825
2026-08-24,X,STATEMENT_CATEGORY_OTHER_VIOLATION_TC,4887,3387,0,1500,0,10,22,10,0,32,0.6930632289748312,0.0,0.3069367710251688,0.0,0.0020462451401677,0.0045017393083691,0.0020462451401677,0.0,0.0065479844485369,True,2026-08-17,4892.0,0.003161348353408422,0.003161348353408422,7.0,25,0.10057831687101496,False,0.6694722781414286,6,0.02359095083340257,8.494538500851432,0,False,-0.052560782929949826,304,weekly_peer_divergence_abs,1.2806607604063007
2026-03-09,X,STATEMENT_CATEGORY_PROTECTION_OF_MINORS,2195,2,0,2193,0,0,2186,0,0,2186,0.0009111617312072,0.0,0.9990888382687928,0.0,0.0,0.9958997722095672,0.0,0.0,0.9958997722095672,True,2026-03-02,2313.0,-0.00038585513001189995,0.00038585513001189995,7.0,25,-0.33089881888518097,False,0.12149750654755495,4,0.12058634481634775,7.694392802629421,0,False,-0.0038280782870436236,63,account_or_service_restriction_rate,2.970033939108622
2026-03-16,X,STATEMENT_CATEGORY_PROTECTION_OF_MINORS,1994,7,0,1987,0,1,1984,1,0,1985,0.0035105315947843,0.0,0.9964894684052156,0.0,0.0005015045135406,0.9949849548645938,0.0005015045135406,0.0,0.9954864593781344,True,2026-03-09,2195.0,0.0025993698635771,0.0025993698635771,7.0,25,1.3205465447670865,False,0.1251341561577676,4,0.1216236245629833,7.598399329323964,0,False,0.011432495145331434,42,account_or_service_restriction_rate,2.968765128711354
2026-03-23,X,STATEMENT_CATEGORY_PROTECTION_OF_MINORS,2022,3,0,2019,0,0,2013,0,0,2013,0.0014836795252225,0.0,0.9985163204747776,0.0,0.0,0.9955489614243324,0.0,0.0,0.9955489614243324,True,2026-03-16,1994.0,-0.0020268520695618,0.0020268520695618,7.0,25,-1.238708713753143,False,0.1492449125002172,4,0.14776123297499472,7.612336837167746,0,False,0.00047932964631105526,57,account_or_service_restriction_rate,2.9689570009205752
2026-03-30,X,STATEMENT_CATEGORY_PROTECTION_OF_MINORS,2846,3,0,2843,0,0,2833,0,0,2833,0.0010541110330288,0.0,0.9989458889669712,0.0,0.0,0.9954321855235418,0.0,0.0,0.9954321855235418,True,2026-03-23,2022.0,-0.00042956849219370004,0.00042956849219370004,7.0,25,-0.35508132756034616,False,0.1451768566327269,4,0.1441227455996981,7.954021087278037,0,False,-0.010790507153474826,77,account_or_service_restriction_rate,2.9685985158559824
2026-04-06,X,STATEMENT_CATEGORY_PROTECTION_OF_MINORS,2008,5,0,2003,0,0,1999,0,0,1999,0.0024900398406374,0.0,0.9975099601593626,0.0,0.0,0.9955179282868526,0.0,0.0,0.9955179282868526,True,2026-03-30,2846.0,0.0014359288076086,0.0014359288076086,7.0,25,0.6769235877410182,False,0.1593748432090713,4,0.1568848033684339,7.605392364814934,0,False,-0.0019296482835053363,59,account_or_service_restriction_rate,2.968861733693188
2026-04-13,X,STATEMENT_CATEGORY_PROTECTION_OF_MINORS,2976,1,0,2975,0,0,2973,0,0,2973,0.0003360215053763,0.0,0.9996639784946236,0.0,0.0,0.998991935483871,0.0,0.0,0.998991935483871,True,2026-04-06,2008.0,-0.0021540183352611,0.0021540183352611,7.0,25,-1.3090578969313253,False,0.15634439753396104,4,0.15600837602858475,7.998671361015776,0,False,-0.006132240562252788,69,account_or_service_restriction_rate,2.979526431511738
2026-04-20,X,STATEMENT_CATEGORY_PROTECTION_OF_MINORS,3273,5,0,3268,0,0,3265,0,0,3265,0.0015276504735716,0.0,0.9984723495264284,0.0,0.0,0.9975557592422852,0.0,0.0,0.9975557592422852,True,2026-04-13,2976.0,0.0011916289681953,0.0011916289681953,7.0,25,0.5417753701002969,False,0.1390196835198765,4,0.13749203304630492,8.09376775793108,0,False,-0.004537917337466457,64,account_or_service_restriction_rate,2.9751175789210356
2026-04-27,X,STATEMENT_CATEGORY_PROTECTION_OF_MINORS,4424,2,0,4422,0,1,4420,1,0,4421,0.0004520795660036,0.0,0.9995479204339964,0.0,0.0002260397830018,0.9990958408679927,0.0002260397830018,0.0,0.9993218806509946,True,2026-04-20,3273.0,-0.001075570907568,0.001075570907568,7.0,25,-0.7124539530975066,False,0.1913620504124955,4,0.1909099708464919,8.39502555744203,0,False,-0.014336623953291206,82,account_or_service_restriction_rate,2.9805393152809727
2026-05-04,X,STATEMENT_CATEGORY_PROTECTION_OF_MINORS,4152,2,0,4150,0,0,4147,0,0,4147,0.0004816955684007,0.0,0.9995183044315992,0.0,0.0,0.998795761078998,0.0,0.0,0.998795761078998,True,2026-04-27,4424.0,2.9616002397100038e-05,2.9616002397100038e-05,7.0,25,-0.10105755840340397,False,0.3938085780411339,5,0.3933268824727332,8.331586243630754,0,False,-0.03255947871043814,159,account_or_service_restriction_rate,2.9789242045648567
2026-05-11,X,STATEMENT_CATEGORY_PROTECTION_OF_MINORS,3224,2,0,3222,0,0,3218,0,0,3218,0.0006203473945409,0.0,0.999379652605459,0.0,0.0,0.9981389578163772,0.0,0.0,0.9981389578163772,True,2026-05-04,4152.0,0.00013865182614019998,0.00013865182614019998,7.0,25,-0.040738250485489805,False,0.2724692526017029,5,0.271848905207162,8.078688229229872,0,False,-0.024729606606461084,131,account_or_service_restriction_rate,2.97690791388817
2026-05-18,X,STATEMENT_CATEGORY_PROTECTION_OF_MINORS,1201,1,0,1200,0,0,1196,0,0,1196,0.0008326394671107,0.0,0.9991673605328892,0.0,0.0,0.9958368026644464,0.0,0.0,0.9958368026644464,True,2026-05-11,3224.0,0.0002122920725698,0.0002122920725698,7.0,25,0.0,False,0.1955307262569832,5,0.1946980867898725,7.091742115095153,0,False,-0.0033916513243379964,61,account_or_service_restriction_rate,2.9698406317455683
2026-05-25,X,STATEMENT_CATEGORY_PROTECTION_OF_MINORS,1839,1,0,1838,0,0,1834,0,0,1834,0.0005437737901033,0.0,0.9994562262098968,0.0,0.0,0.9972811310494836,0.0,0.0,0.9972811310494836,True,2026-05-18,1201.0,-0.00028886567700740003,0.00028886567700740003,7.0,25,-0.2772436395163112,False,0.2540772532188841,5,0.2535334794287808,7.517520850603031,0,False,-0.017678973428894927,94,account_or_service_restriction_rate,2.974274510233326
2026-06-01,X,STATEMENT_CATEGORY_PROTECTION_OF_MINORS,1435,2,0,1433,0,0,1425,0,0,1425,0.0013937282229965,0.0,0.9986062717770036,0.0,0.0,0.9930313588850174,0.0,0.0,0.9930313588850174,True,2026-05-25,1839.0,0.0008499544328932001,0.0008499544328932001,7.0,25,0.35275885428842974,False,0.2895927601809955,4,0.288199031957999,7.269616749608169,0,False,-0.005140248533573644,67,account_or_service_restriction_rate,2.9612283265723898
2026-06-08,X,STATEMENT_CATEGORY_PROTECTION_OF_MINORS,1808,2,0,1806,0,0,1802,0,0,1802,0.0011061946902654,0.0,0.9988938053097344,0.0,0.0,0.9966814159292036,0.0,0.0,0.9966814159292036,True,2026-06-01,1435.0,-0.0002875335327311001,0.0002875335327311001,7.0,25,-0.2765066888698654,False,0.5429966203529853,3,0.5418904256627199,7.500529485395295,0,False,-0.022913406803547542,121,account_or_service_restriction_rate,2.9724334718668857
2026-06-15,X,STATEMENT_CATEGORY_PROTECTION_OF_MINORS,1612,1,0,1611,0,0,1609,0,0,1609,0.0006203473945409,0.0,0.999379652605459,0.0,0.0,0.9981389578163772,0.0,0.0,0.9981389578163772,True,2026-06-08,1808.0,-0.0004858472957245,0.0004858472957245,7.0,25,-0.38621511793207197,False,0.44393090154485804,4,0.4433105541503171,7.385851078125209,0,False,-0.0201691484561507,105,account_or_service_restriction_rate,2.97690791388817
2026-06-22,X,STATEMENT_CATEGORY_PROTECTION_OF_MINORS,2166,2,0,2164,0,0,2159,0,0,2159,0.0009233610341643,0.0,0.9990766389658357,0.0,0.0,0.9967682363804248,0.0,0.0,0.9967682363804248,True,2026-06-15,1612.0,0.0003030136396234,0.0003030136396234,7.0,25,0.05018774518359243,False,0.4387755102040816,5,0.4378521491699173,7.681099001536359,0,False,-0.02782909279421607,137,account_or_service_restriction_rate,2.9726999980495425
2026-06-29,X,STATEMENT_CATEGORY_PROTECTION_OF_MINORS,2150,4,0,2146,0,0,2145,0,0,2145,0.001860465116279,0.0,0.998139534883721,0.0,0.0,0.9976744186046512,0.0,0.0,0.9976744186046512,True,2026-06-22,2166.0,0.0009371040821147,0.0009371040821147,7.0,25,0.4009705919161975,False,0.4769609567358424,5,0.47510049161956336,7.67368812926773,0,False,-0.02160057591850434,114,account_or_service_restriction_rate,2.975481845939268
2026-07-06,X,STATEMENT_CATEGORY_PROTECTION_OF_MINORS,22807,21069,0,1738,0,0,22802,0,0,22802,0.9237953259964046,0.0,0.0762046740035953,0.0,0.0,0.99978076906213,0.0,0.0,0.99978076906213,True,2026-06-29,2150.0,0.9219348608801256,0.9219348608801256,7.0,25,509.90275979193615,True,0.475378053509112,5,0.4484172724872926,10.034866630592507,10,True,0.1043063434525422,2,automation_change_abs,34.75569237564876
2026-07-13,X,STATEMENT_CATEGORY_PROTECTION_OF_MINORS,30744,28487,0,2257,0,0,30736,0,0,30736,0.9265873015873016,0.0,0.0734126984126984,0.0,0.0,0.9997397866250324,0.0,0.0,0.9997397866250324,True,2026-07-06,22807.0,0.0027919755908970556,0.0027919755908970556,7.0,25,1.4270972523614922,False,0.4960343688037013,5,0.43055293278360035,10.33348265838757,0,False,-0.049689018924370706,280,account_or_service_restriction_rate,2.981822225959311
2026-07-20,X,STATEMENT_CATEGORY_PROTECTION_OF_MINORS,26515,23770,0,2745,0,0,26503,0,0,26503,0.896473694135395,0.0,0.1035263058646049,0.0,0.0,0.9995474259852912,0.0,0.0,0.9995474259852912,True,2026-07-13,30744.0,-0.03011360745190661,0.03011360745190661,7.0,25,-16.776479587245547,False,0.4538296349319971,5,0.44264405920339794,10.185503603361282,0,False,-0.036605009610846985,179,account_or_service_restriction_rate,2.98123170671779
2026-07-27,X,STATEMENT_CATEGORY_PROTECTION_OF_MINORS,33393,30560,0,2833,0,0,33386,0,0,33386,0.9151618602701164,0.0,0.0848381397298835,0.0,0.0,0.9997903752283412,0.0,0.0,0.9997903752283412,True,2026-07-20,26515.0,0.01868816613472135,0.01868816613472135,7.0,25,10.220970487949822,False,0.4336099585062241,5,0.4815519017638923,10.416131522108902,0,False,-0.04518599680660388,241,account_or_service_restriction_rate,2.981977525628182
2026-08-03,X,STATEMENT_CATEGORY_PROTECTION_OF_MINORS,35721,33337,0,2384,0,0,35718,0,0,35718,0.9332605470171608,0.0,0.0667394529828392,0.0,0.0,0.9999160157890316,0.0,0.0,0.9999160157890316,True,2026-07-27,33393.0,0.0180986867470444,0.0180986867470444,7.0,25,9.89486675913932,False,0.371819491118579,5,0.5614410558985818,10.48352202446443,0,False,-0.045793647357484445,245,account_or_service_restriction_rate,2.9823632239119
2026-08-10,X,STATEMENT_CATEGORY_PROTECTION_OF_MINORS,32095,29275,0,2820,0,0,32090,0,0,32090,0.9121358467050944,0.0,0.0878641532949057,0.0,0.0,0.999844212494158,0.0,0.0,0.999844212494158,True,2026-08-03,35721.0,-0.02112470031206637,0.02112470031206637,7.0,25,-11.803759255521792,False,0.4389261744966443,5,0.4732096722084501,10.376486690761663,0,False,-0.04383971133941091,230,account_or_service_restriction_rate,2.9821427982193858
2026-08-17,X,STATEMENT_CATEGORY_PROTECTION_OF_MINORS,38423,35102,0,3321,0,1,38413,1,0,38414,0.9135673945293185,0.0,0.0864326054706816,0.0,2.6026078130286547e-05,0.9997397392186972,2.6026078130286547e-05,0.0,0.9997657652968274,True,2026-08-10,32095.0,0.0014315478242240554,0.0014315478242240554,7.0,25,0.6745,False,0.7439268362389254,5,0.16964055829039304,10.55643754334466,0,False,-0.01365932141348708,80,account_or_service_restriction_rate,2.981901976710737
2026-08-24,X,STATEMENT_CATEGORY_PROTECTION_OF_MINORS,36865,34045,0,2820,0,1,36857,1,0,36858,0.9235046792350468,0.0,0.0764953207649532,0.0,2.712600027126e-05,0.99978299199783,2.712600027126e-05,0.0,0.9998101179981012,True,2026-08-17,38423.0,0.0099372847057283,0.0099372847057283,7.0,25,5.3799274862272615,False,0.64614328221561,5,0.27736139701943674,10.515044996056119,0,False,-0.02816267351736268,138,account_or_service_restriction_rate,2.9820381330655445
2026-03-09,X,STATEMENT_CATEGORY_SCAMS_AND_FRAUD,2371,1298,0,1073,0,0,378,0,0,378,0.5474483340362716,0.0,0.4525516659637283,0.0,0.0,0.1594264023618726,0.0,0.0,0.1594264023618726,True,2026-03-02,2638.0,-0.1818920753647898,0.1818920753647898,7.0,25,-23.81300297400349,True,0.0183214098761123,5,0.5291269241601593,7.771488760117616,0,False,-0.011254760012452436,78,automation_change_abs,6.712047937685597
2026-03-16,X,STATEMENT_CATEGORY_SCAMS_AND_FRAUD,2750,1689,0,1061,0,0,901,0,0,901,0.6141818181818182,0.0,0.3858181818181818,0.0,0.0,0.3276363636363636,0.0,0.0,0.3276363636363636,True,2026-03-09,2371.0,0.06673348414554658,0.06673348414554658,7.0,25,8.376184457493888,False,0.0161918425906948,5,0.5979899755911233,7.919719760924575,0,False,-0.05817410681559778,353,automation_change_abs,2.3481562150194075
2026-03-23,X,STATEMENT_CATEGORY_SCAMS_AND_FRAUD,58399,57703,0,696,0,0,57181,0,0,57181,0.9880819877052688,0.0,0.011918012294731,0.0,0.0,0.9791434784842208,0.0,0.0,0.9791434784842208,True,2026-03-16,2750.0,0.3739001695234506,0.3739001695234506,7.0,25,48.14460580489794,True,0.018771028864884,5,0.9693109588403848,10.975071168816319,10,True,0.08111915408739781,7,automation_change_abs,13.988122817662727
2026-03-30,X,STATEMENT_CATEGORY_SCAMS_AND_FRAUD,61162,60417,0,745,0,0,59812,0,0,59812,0.9878192341650044,0.0,0.0121807658349955,0.0,0.0,0.9779274713057128,0.0,0.0,0.9779274713057128,True,2026-03-23,58399.0,-0.00026275354026439324,0.00026275354026439324,7.0,25,-0.29772041504219854,False,0.0249318270354499,5,0.9628874071295545,11.021297710507762,0,False,-0.057484121550005374,342,account_or_service_restriction_rate,2.9148615841382117
2026-04-06,X,STATEMENT_CATEGORY_SCAMS_AND_FRAUD,161624,160744,0,880,0,0,160308,0,0,160308,0.9945552640696926,0.0,0.0054447359303073,0.0,0.0,0.991857644904222,0.0,0.0,0.991857644904222,True,2026-03-30,61162.0,0.0067360299046882455,0.0067360299046882455,7.0,25,0.6084018378176301,False,0.0247871333964049,5,0.9697681306732877,11.993034116074158,0,False,-0.03875770119578052,198,account_or_service_restriction_rate,2.957625195024092
2026-04-13,X,STATEMENT_CATEGORY_SCAMS_AND_FRAUD,54390,53927,0,463,0,0,53358,0,0,53358,0.99148740577312,0.0,0.0085125942268799,0.0,0.0,0.9810259238830668,0.0,0.0,0.9810259238830668,True,2026-04-06,161624.0,-0.003067858296572634,0.003067858296572634,7.0,25,-0.6608932237575343,False,0.0243947175348495,5,0.9670926882382705,10.903953977980663,0,False,-0.05639402229360996,330,account_or_service_restriction_rate,2.924373383788756
2026-04-20,X,STATEMENT_CATEGORY_SCAMS_AND_FRAUD,42141,41105,0,1036,0,0,40440,0,0,40440,0.975415865783916,0.0,0.0245841342160841,0.0,0.0,0.9596355093614296,0.0,0.0,0.9596355093614296,True,2026-04-13,54390.0,-0.016071539989203965,0.016071539989203965,7.0,25,-2.344460867116579,False,0.0248368764470637,5,0.9505789893368524,10.648800147076752,0,False,-0.055001349748050446,322,account_or_service_restriction_rate,2.858707916174708
2026-04-27,X,STATEMENT_CATEGORY_SCAMS_AND_FRAUD,80975,79830,0,1145,0,0,78483,0,0,78483,0.9858598332818772,0.0,0.0141401667181228,0.0,0.0,0.9692250694658844,0.0,0.0,0.9692250694658844,True,2026-04-20,42141.0,0.01044396749796117,0.01044396749796117,7.0,25,1.0884630930209407,False,0.0280189423835832,5,0.957840890898294,11.301908093453859,0,False,-0.055406636975793386,325,account_or_service_restriction_rate,2.8881464737040665
2026-05-04,X,STATEMENT_CATEGORY_SCAMS_AND_FRAUD,129713,128715,0,998,0,0,124671,0,0,124671,0.9923060911396698,0.0,0.0076939088603301,0.0,0.0,0.9611295706675508,0.0,0.0,0.9611295706675508,True,2026-04-27,80975.0,0.0064462578577926255,0.0064462578577926255,7.0,25,0.5708854748648341,False,0.0260778128286014,5,0.9662282783110684,11.77308730588252,0,False,-0.047868265103945304,262,account_or_service_restriction_rate,2.863294467511114
2026-05-11,X,STATEMENT_CATEGORY_SCAMS_AND_FRAUD,83708,82706,0,1002,0,4,79261,4,0,79265,0.9880298179385484,0.0,0.0119701820614517,0.0,4.778515792994696e-05,0.9468748506713814,4.778515792994696e-05,0.0,0.9469226358293116,True,2026-05-04,129713.0,-0.00427627320112145,0.00427627320112145,7.0,25,-0.8173449334455711,False,0.0249079108928258,5,0.9631219070457225,11.335101777578686,0,False,-0.05850749632953417,357,account_or_service_restriction_rate,2.819681239793081
2026-05-18,X,STATEMENT_CATEGORY_SCAMS_AND_FRAUD,84701,83689,0,1012,0,0,81814,0,0,81814,0.9880520891134698,0.0,0.0119479108865302,0.0,0.0,0.965915396512438,0.0,0.0,0.965915396512438,True,2026-05-11,83708.0,2.2271174921373316e-05,2.2271174921373316e-05,7.0,25,-0.260818682180166,False,0.0332469775474956,5,0.9548051115659741,11.346894493112254,0,False,-0.05724079784975976,338,account_or_service_restriction_rate,2.8779862581590243
2026-05-25,X,STATEMENT_CATEGORY_SCAMS_AND_FRAUD,89479,88126,0,1353,0,0,84790,0,0,84790,0.9848791336514712,0.0,0.0151208663485287,0.0,0.0,0.9475966427876932,0.0,0.0,0.9475966427876932,True,2026-05-18,84701.0,-0.0031729554619985834,0.0031729554619985834,7.0,25,-0.6745,False,0.0350245499181669,5,0.9498545837333042,11.401770415604066,0,False,-0.05988961743670995,375,account_or_service_restriction_rate,2.8217503433185165
2026-06-01,X,STATEMENT_CATEGORY_SCAMS_AND_FRAUD,64124,63272,0,852,0,0,59866,0,0,59866,0.9867132430915102,0.0,0.0132867569084898,0.0,0.0,0.9335974050277588,0.0,0.0,0.9335974050277588,True,2026-05-25,89479.0,0.0018341094400390334,0.0018341094400390334,7.0,25,-0.026242632854043827,False,0.0216297786720321,5,0.9650834644194781,11.06858958247307,0,False,-0.0584632415397925,355,account_or_service_restriction_rate,2.778774715482204
2026-06-08,X,STATEMENT_CATEGORY_SCAMS_AND_FRAUD,34635,33389,0,1246,0,0,31013,0,0,31013,0.9640248303738992,0.0,0.0359751696261007,0.0,0.0,0.8954237043453155,0.0,0.0,0.8954237043453155,True,2026-06-01,64124.0,-0.022688412717611017,0.022688412717611017,7.0,25,-3.2011376982699873,False,0.0235888795282224,5,0.9404359508456768,10.452648882567692,0,False,-0.05134639752609391,292,account_or_service_restriction_rate,2.661586995565148
2026-06-15,X,STATEMENT_CATEGORY_SCAMS_AND_FRAUD,28736,27846,0,890,0,0,25970,0,0,25970,0.9690283964365256,0.0,0.0309716035634743,0.0,0.0,0.9037444320712696,0.0,0.0,0.9037444320712696,True,2026-06-08,34635.0,0.005003566062626419,0.005003566062626419,7.0,25,0.3841022789136641,False,0.0245886819743265,5,0.9444397144621991,10.265940770051001,0,False,-0.06104191844703237,383,account_or_service_restriction_rate,2.6871304218723506
2026-06-22,X,STATEMENT_CATEGORY_SCAMS_AND_FRAUD,34240,33155,0,1085,0,0,31724,0,0,31724,0.9683119158878504,0.0,0.0316880841121495,0.0,0.0,0.9265186915887852,0.0,0.0,0.9265186915887852,True,2026-06-15,28736.0,-0.0007164805486752357,0.0007164805486752357,7.0,25,-0.35646378698365816,False,0.0293585360949125,5,0.9389533797929379,10.44117903543668,0,False,-0.05898686655315655,362,account_or_service_restriction_rate,2.7570440927490236
2026-06-29,X,STATEMENT_CATEGORY_SCAMS_AND_FRAUD,32515,31750,0,765,0,0,30228,0,0,30228,0.9764723973550667,0.0,0.0235276026449331,0.0,0.0,0.929663232354298,0.0,0.0,0.929663232354298,True,2026-06-22,34240.0,0.008160481467216374,0.008160481467216374,7.0,25,0.7928234975360108,False,0.0221335992023928,5,0.954338798152674,10.389487554866463,0,False,-0.059775714230477436,373,account_or_service_restriction_rate,2.7666973764471945
2026-07-06,X,STATEMENT_CATEGORY_SCAMS_AND_FRAUD,74450,73504,0,946,0,1,72210,1,0,72211,0.987293485560779,0.0,0.0127065144392209,0.0,1.343183344526528e-05,0.9699126930826056,1.343183344526528e-05,0.0,0.969926124916051,True,2026-06-29,32515.0,0.01082108820571226,0.01082108820571226,7.0,25,1.1372883592968888,False,0.0257963212202781,5,0.9614971643405009,11.217896469855393,0,False,-0.05474506025098015,319,account_or_service_restriction_rate,2.8902986121730057
2026-07-13,X,STATEMENT_CATEGORY_SCAMS_AND_FRAUD,55214,53893,0,1321,0,0,52831,0,0,52831,0.9760749085376896,0.0,0.0239250914623102,0.0,0.0,0.9568406563552724,0.0,0.0,0.9568406563552724,True,2026-07-06,74450.0,-0.011218577023089371,0.011218577023089371,7.0,25,-1.7161548521515984,False,0.0241495170096598,5,0.9519253915280298,10.918989934481232,0,False,-0.05901084553586705,363,account_or_service_restriction_rate,2.8501281231381492
2026-07-20,X,STATEMENT_CATEGORY_SCAMS_AND_FRAUD,40588,39221,0,1367,0,0,39166,0,0,39166,0.966320094609244,0.0,0.0336799053907558,0.0,0.0,0.964965014289938,0.0,0.0,0.964965014289938,True,2026-07-13,55214.0,-0.009754813928445683,0.009754813928445683,7.0,25,-1.5266435858860097,False,0.0331573389651531,5,0.9331627556440909,10.611252372919454,0,False,-0.060035564838319434,376,account_or_service_restriction_rate,2.8750687226905365
2026-07-27,X,STATEMENT_CATEGORY_SCAMS_AND_FRAUD,43065,41950,0,1115,0,0,42052,0,0,42052,0.974108905143388,0.0,0.025891094856612,0.0,0.0,0.976477417856728,0.0,0.0,0.976477417856728,True,2026-07-20,40588.0,0.007788810534144042,0.007788810534144042,7.0,25,0.744703805614282,False,0.0245269796776454,5,0.9495819254657426,10.670489101666554,0,False,-0.062323312425014266,399,account_or_service_restriction_rate,2.9104101305351677
2026-08-03,X,STATEMENT_CATEGORY_SCAMS_AND_FRAUD,40636,39839,0,797,0,0,39935,0,0,39935,0.9803868490993208,0.0,0.0196131509006792,0.0,0.0,0.9827492863470814,0.0,0.0,0.9827492863470814,True,2026-07-27,43065.0,0.006277943955932841,0.006277943955932841,7.0,25,0.5490941202472248,False,0.031615925058548,5,0.9487709240407728,10.612434260629977,0,False,-0.061828215198435864,393,account_or_service_restriction_rate,2.929663856395238
2026-08-10,X,STATEMENT_CATEGORY_SCAMS_AND_FRAUD,74494,73380,0,1114,0,0,73547,0,0,73547,0.985045775498698,0.0,0.0149542245013021,0.0,0.0,0.987287566783902,0.0,0.0,0.987287566783902,True,2026-08-03,40636.0,0.00465892639937715,0.00465892639937715,7.0,25,0.33948228594710167,False,0.0250847457627118,5,0.9599610297359862,11.21848728802144,0,False,-0.05946140375519142,367,account_or_service_restriction_rate,2.9435957185733206
2026-08-17,X,STATEMENT_CATEGORY_SCAMS_AND_FRAUD,91814,90628,0,1186,0,0,90825,0,0,90825,0.987082579998693,0.0,0.0129174200013069,0.0,0.0,0.98922822227547,0.0,0.0,0.98922822227547,True,2026-08-10,74494.0,0.002036804499994993,0.002036804499994993,7.0,25,0.0,False,0.0229885057471264,5,0.9640940742515666,11.42753096195328,0,False,-0.05433772470217768,316,account_or_service_restriction_rate,2.9495532492327983
2026-08-24,X,STATEMENT_CATEGORY_SCAMS_AND_FRAUD,95025,93997,0,1028,0,0,94186,0,0,94186,0.9891817942646672,0.0,0.0108182057353328,0.0,0.0,0.9911707445409104,0.0,0.0,0.9911707445409104,True,2026-08-17,91814.0,0.0020992142659742585,0.0020992142659742585,7.0,25,0.008080101091050323,False,0.0221187427240977,5,0.9670630515405695,11.461905817348512,0,False,-0.05133330572124056,291,account_or_service_restriction_rate,2.9555165106170884
2026-04-27,X,STATEMENT_CATEGORY_SELF_HARM,1172,822,0,350,0,0,14,0,0,14,0.7013651877133106,0.0,0.2986348122866894,0.0,0.0,0.0119453924914675,0.0,0.0,0.0119453924914675,True,2026-04-20,1045.0,-0.007725721377598527,0.007725721377598527,7.0,16,-0.06861195481090461,False,0.3966662735385462,2,0.30469891417476436,7.067319848653476,0,False,-0.08594216494717974,615,log1p_represented_sors,0.9741934788499166
2026-05-04,X,STATEMENT_CATEGORY_SELF_HARM,1039,694,0,345,0,0,13,0,0,13,0.6679499518768046,0.0,0.3320500481231954,0.0,0.0,0.012512030798845,0.0,0.0,0.012512030798845,True,2026-04-27,1172.0,-0.03341523583650596,0.03341523583650596,7.0,16,-0.9145801535389607,False,0.3720449722646216,2,0.29590497961218304,6.946975992135418,0,False,-0.0790251426656088,540,automation_change_abs,1.0855736628175796
2026-05-11,X,STATEMENT_CATEGORY_SELF_HARM,1016,686,0,330,0,0,13,0,0,13,0.6751968503937008,0.0,0.3248031496062992,0.0,0.0,0.0127952755905511,0.0,0.0,0.0127952755905511,True,2026-05-04,1039.0,0.007246898516896194,0.007246898516896194,7.0,16,0.4244436964606084,False,0.3557386316053932,2,0.3194582187883076,6.92461239604856,0,False,-0.07972937424319806,550,log1p_represented_sors,1.0227382918792975
2026-05-18,X,STATEMENT_CATEGORY_SELF_HARM,1363,974,0,389,0,0,7,0,0,7,0.714600146735143,0.0,0.2853998532648569,0.0,0.0,0.0051357300073367,0.0,0.0,0.0051357300073367,True,2026-05-11,1016.0,0.03940329634144224,0.03940329634144224,7.0,16,1.483369507951829,False,0.39084494365842243,2,0.3237552030767206,7.218176838403408,0,False,-0.09365859552167924,685,automation_change_abs,1.3124889749593034
2026-05-25,X,STATEMENT_CATEGORY_SELF_HARM,1277,908,0,369,0,0,11,0,0,11,0.7110415035238841,0.0,0.2889584964761159,0.0,0.0,0.0086139389193422,0.0,0.0,0.0086139389193422,True,2026-05-18,1363.0,-0.0035586432112589828,0.0035586432112589828,7.0,16,0.06861195481090461,False,0.39589037686065615,2,0.3151511266632279,7.15305163493748,0,False,-0.08749172181206315,626,log1p_represented_sors,0.9450300857694316
2026-06-01,X,STATEMENT_CATEGORY_SELF_HARM,1071,793,0,278,0,0,16,0,0,16,0.7404295051353875,0.0,0.2595704948646125,0.0,0.0,0.0149393090569561,0.0,0.0,0.0149393090569561,True,2026-05-25,1277.0,0.029388001611503456,0.029388001611503456,7.0,16,1.153560984090096,False,0.41631751965966224,2,0.3241119854757253,6.977281341630747,0,False,-0.08617070615832319,619,log1p_represented_sors,1.004821889693769
2026-06-08,X,STATEMENT_CATEGORY_SELF_HARM,1028,744,0,284,0,0,14,0,0,14,0.7237354085603113,0.0,0.2762645914396887,0.0,0.0,0.0136186770428015,0.0,0.0,0.0136186770428015,True,2026-06-01,1071.0,-0.016694096575076256,0.016694096575076256,7.0,16,-0.3639449095642378,False,0.4761633522375492,2,0.24757205632276208,6.9363427358340495,0,False,-0.07910022004095793,541,log1p_represented_sors,1.0187479806428257
2026-06-15,X,STATEMENT_CATEGORY_SELF_HARM,1076,732,0,344,0,0,9,0,0,9,0.6802973977695167,0.0,0.3197026022304832,0.0,0.0,0.0083643122676579,0.0,0.0,0.0083643122676579,True,2026-06-08,1028.0,-0.04343801079079457,0.04343801079079457,7.0,16,-1.244635004824648,False,0.489471339772014,2,0.19082605799750268,6.981934677156389,0,False,-0.0699118976866763,446,automation_change_abs,1.4653829692539133
2026-06-22,X,STATEMENT_CATEGORY_SELF_HARM,1084,737,0,347,0,0,23,0,0,23,0.6798892988929889,0.0,0.320110701107011,0.0,0.0,0.0212177121771217,0.0,0.0,0.0212177121771217,True,2026-06-15,1076.0,-0.0004080988765278182,0.0004080988765278182,7.0,16,0.1723609112237911,False,0.4718333333333334,2,0.2080559655596555,6.98933526597456,0,False,-0.0660616480464499,428,log1p_represented_sors,1.0007215046552898
2026-06-29,X,STATEMENT_CATEGORY_SELF_HARM,1027,706,0,321,0,0,27,0,0,27,0.6874391431353457,0.0,0.3125608568646543,0.0,0.0,0.0262901655306718,0.0,0.0,0.0262901655306718,True,2026-06-22,1084.0,0.007549844242356829,0.007549844242356829,7.0,16,0.43441984646103926,False,0.4718494906200866,2,0.21558965251525913,6.93537044601511,0,False,-0.06856254137447085,440,log1p_represented_sors,1.0190787245991448
2026-07-06,X,STATEMENT_CATEGORY_SELF_HARM,1079,701,0,378,0,0,29,0,0,29,0.6496756255792401,0.0,0.35032437442076,0.0,0.0,0.0268767377201112,0.0,0.0,0.0268767377201112,True,2026-06-29,1027.0,-0.03776351755610563,0.03776351755610563,7.0,16,-1.0577711842521316,False,0.4885036085775108,2,0.16117201700172928,6.984716320118265,0,False,-0.057725130393500156,346,automation_change_abs,1.2503501714834033
2026-07-13,X,STATEMENT_CATEGORY_SELF_HARM,1036,721,0,315,0,0,24,0,0,24,0.6959459459459459,0.0,0.304054054054054,0.0,0.0,0.0231660231660231,0.0,0.0,0.0231660231660231,True,2026-07-06,1079.0,0.046270320366705864,0.046270320366705864,7.0,16,1.7095039471436244,False,0.491003844034073,2,0.20494210191187295,6.9440872082295275,0,False,-0.0685690735789845,441,automation_change_abs,1.5727122808014666
2026-07-20,X,STATEMENT_CATEGORY_SELF_HARM,1110,752,0,358,0,0,53,0,0,53,0.6774774774774774,0.0,0.3225225225225225,0.0,0.0,0.0477477477477477,0.0,0.0,0.0477477477477477,True,2026-07-13,1036.0,-0.018468468468468502,0.018468468468468502,7.0,16,-0.4223758385305212,False,0.4908269827829523,2,0.18665049469452516,7.01301578963963,0,False,-0.06327536444086901,412,log1p_represented_sors,0.9926660977877785
2026-07-27,X,STATEMENT_CATEGORY_SELF_HARM,1045,640,0,405,0,0,32,0,0,32,0.6124401913875598,0.0,0.3875598086124402,0.0,0.0,0.0306220095693779,0.0,0.0,0.0306220095693779,True,2026-07-20,1110.0,-0.06503728608991766,0.06503728608991766,7.0,16,-1.955909639767969,False,0.4867168516245397,2,0.12572333976302008,6.952728644624869,0,False,-0.03484485663654979,167,automation_change_abs,2.2838794244075
2026-08-03,X,STATEMENT_CATEGORY_SELF_HARM,1199,825,0,374,0,0,18,0,0,18,0.6880733944954128,0.0,0.3119266055045872,0.0,0.0,0.0150125104253544,0.0,0.0,0.0150125104253544,True,2026-07-27,1045.0,0.07563320310785304,0.07563320310785304,7.0,16,2.6764379490191836,False,0.4865305876685935,2,0.20154280682681935,7.090076835776092,0,False,-0.06141612774970273,386,automation_change_abs,2.68540773487974
2026-08-10,X,STATEMENT_CATEGORY_SELF_HARM,1011,684,0,327,0,0,15,0,0,15,0.6765578635014837,0.0,0.3234421364985163,0.0,0.0,0.0148367952522255,0.0,0.0,0.0148367952522255,True,2026-08-03,1199.0,-0.011515530993929102,0.011515530993929102,7.0,16,-0.19341222769180336,False,0.4886947874538027,2,0.18786307604768104,6.919683849847411,0,False,-0.06924355464461433,444,log1p_represented_sors,1.0244148360924707
2026-03-09,X,STATEMENT_CATEGORY_VIOLENCE,1589,1122,0,467,0,0,59,0,0,59,0.7061044682190056,0.0,0.2938955317809943,0.0,0.0,0.0371302706104468,0.0,0.0,0.0371302706104468,True,2026-03-02,2313.0,-0.049191683964306065,0.049191683964306065,7.0,25,-0.9637574089252016,False,0.1759775027135952,4,0.5301269655054104,7.371489295214277,0,False,-0.08360415825147831,586,automation_change_abs,1.683416261177492
2026-03-16,X,STATEMENT_CATEGORY_VIOLENCE,1488,1082,0,406,0,0,48,0,0,48,0.7271505376344086,0.0,0.2728494623655914,0.0,0.0,0.032258064516129,0.0,0.0,0.032258064516129,True,2026-03-09,1589.0,0.02104606941540299,0.02104606941540299,7.0,25,0.3488076424408939,False,0.35400202607893905,4,0.3731485115554696,7.305860032684009,0,False,-0.09452129059468808,699,log1p_represented_sors,0.8930492328951156
2026-03-23,X,STATEMENT_CATEGORY_VIOLENCE,1664,1274,0,390,0,0,53,0,0,53,0.765625,0.0,0.234375,0.0,0.0,0.0318509615384615,0.0,0.0,0.0318509615384615,True,2026-03-16,1488.0,0.03847446236559138,0.03847446236559138,7.0,25,0.6745,False,0.0174844895657078,3,0.7481405104342922,7.417580402414544,0,False,-0.07589540675663634,502,automation_change_abs,1.2772911590079965
2026-03-30,X,STATEMENT_CATEGORY_VIOLENCE,1838,1390,0,448,0,0,40,0,0,40,0.7562568008705114,0.0,0.2437431991294885,0.0,0.0,0.0217627856365614,0.0,0.0,0.0217627856365614,True,2026-03-23,1664.0,-0.009368199129488608,0.009368199129488608,7.0,25,-0.21955771712683583,False,0.0157159487776484,3,0.740540852092863,7.516977224604321,0,False,-0.08503553073307132,604,log1p_represented_sors,0.8212334697938518
2026-04-06,X,STATEMENT_CATEGORY_VIOLENCE,1967,1619,0,348,0,0,39,0,0,39,0.8230808337569904,0.0,0.1769191662430096,0.0,0.0,0.0198271479410269,0.0,0.0,0.0198271479410269,True,2026-03-30,1838.0,0.06682403288647898,0.06682403288647898,7.0,25,1.2042814024003983,False,0.0203735144312393,3,0.8027073193257511,7.584773077612199,0,False,-0.06391158406175709,417,automation_change_abs,2.3515875256742977
2026-04-13,X,STATEMENT_CATEGORY_VIOLENCE,1967,1467,0,500,0,0,48,0,0,48,0.7458057956278596,0.0,0.2541942043721403,0.0,0.0,0.0244026436197254,0.0,0.0,0.0244026436197254,True,2026-04-06,1967.0,-0.07727503812913072,0.07727503812913072,7.0,25,-1.4885639044093544,False,0.0145687645687645,3,0.7312370310590951,7.584773077612199,0,False,-0.0650261273777609,421,automation_change_abs,2.7476244586471967
2026-04-20,X,STATEMENT_CATEGORY_VIOLENCE,2453,1598,0,855,0,0,64,0,0,64,0.6514472075010191,0.0,0.3485527924989808,0.0,0.0,0.0260905014268242,0.0,0.0,0.0260905014268242,True,2026-04-13,1967.0,-0.0943585881268405,0.0943585881268405,7.0,25,-1.8078120238507296,False,0.0173988690735102,3,0.634048338427509,7.805474625270857,0,False,-0.06447314279635605,420,automation_change_abs,3.394999193258418
2026-04-27,X,STATEMENT_CATEGORY_VIOLENCE,1749,1052,0,697,0,0,79,0,0,79,0.6014865637507147,0.0,0.3985134362492853,0.0,0.0,0.0451686678101772,0.0,0.0,0.0451686678101772,True,2026-04-20,2453.0,-0.0499606437503044,0.0499606437503044,7.0,25,-0.9781273124662643,False,0.4298846281296893,4,0.17160193562102544,7.4673710669175595,0,False,-0.06171164620759141,391,automation_change_abs,1.7125557045282072
2026-05-04,X,STATEMENT_CATEGORY_VIOLENCE,1301,935,0,366,0,0,47,0,0,47,0.7186779400461184,0.0,0.2813220599538816,0.0,0.0,0.0361260568793236,0.0,0.0,0.0361260568793236,True,2026-04-27,1749.0,0.11719137629540366,0.11719137629540366,7.0,25,2.145519006218854,False,0.44028420148515385,4,0.27839373856096455,7.171656822768514,0,False,-0.048440062817734365,264,automation_change_abs,4.260239157027038
2026-05-11,X,STATEMENT_CATEGORY_VIOLENCE,1326,918,0,408,0,0,57,0,0,57,0.6923076923076923,0.0,0.3076923076923077,0.0,0.0,0.0429864253393665,0.0,0.0,0.0429864253393665,True,2026-05-04,1301.0,-0.02637024773842611,0.02637024773842611,7.0,25,-0.5372827828059132,False,0.43534036196859965,4,0.25696733033909264,7.190676034332207,0,False,-0.07947314405576689,547,log1p_represented_sors,0.9322313888505234
2026-05-18,X,STATEMENT_CATEGORY_VIOLENCE,1672,1121,0,551,0,0,69,0,0,69,0.6704545454545454,0.0,0.3295454545454545,0.0,0.0,0.041267942583732,0.0,0.0,0.041267942583732,True,2026-05-11,1326.0,-0.021853146853146876,0.021853146853146876,7.0,25,-0.452869650690768,False,0.4220399243824032,4,0.24841462107214224,7.422373700986824,0,False,-0.08346786764581961,584,log1p_represented_sors,0.8534147629365887
2026-05-25,X,STATEMENT_CATEGORY_VIOLENCE,2120,1662,0,458,0,0,85,0,0,85,0.7839622641509434,0.0,0.2160377358490566,0.0,0.0,0.0400943396226415,0.0,0.0,0.0400943396226415,True,2026-05-18,1672.0,0.11350771869639797,0.11350771869639797,7.0,25,2.076680810334149,False,0.4765540847741297,4,0.3074081793768137,7.659642954564682,0,False,-0.06192268884336044,395,automation_change_abs,4.12064833071315
2026-06-01,X,STATEMENT_CATEGORY_VIOLENCE,1403,1006,0,397,0,0,64,0,0,64,0.7170349251603706,0.0,0.2829650748396293,0.0,0.0,0.0456165359942979,0.0,0.0,0.0456165359942979,True,2026-05-25,2120.0,-0.0669273389905728,0.0669273389905728,7.0,25,-1.2951917135606947,False,0.45897015662978685,4,0.25806476853058374,7.247080584585756,0,False,-0.06873402990960267,442,automation_change_abs,2.3555022718324685
2026-06-08,X,STATEMENT_CATEGORY_VIOLENCE,2142,1721,0,421,0,0,36,0,0,36,0.8034547152194211,0.0,0.1965452847805789,0.0,0.0,0.0168067226890756,0.0,0.0,0.0168067226890756,True,2026-06-01,1403.0,0.08641979005905054,0.08641979005905054,7.0,25,1.570476287375241,False,0.45547236398235447,4,0.34798235123706667,7.669961995473577,0,False,-0.08276127690788607,575,automation_change_abs,3.094161411125513
2026-06-15,X,STATEMENT_CATEGORY_VIOLENCE,1885,1540,0,345,0,0,43,0,0,43,0.8169761273209549,0.0,0.1830238726790451,0.0,0.0,0.0228116710875331,0.0,0.0,0.0228116710875331,True,2026-06-08,2142.0,0.013521412101533792,0.013521412101533792,7.0,25,0.20819092652320856,False,0.47333837017479924,4,0.3436377571461557,7.542213463193403,0,False,-0.10089750440505296,765,log1p_represented_sors,0.8126488551748557
2026-06-22,X,STATEMENT_CATEGORY_VIOLENCE,2201,1680,0,521,0,0,45,0,0,45,0.7632894139027715,0.0,0.2367105860972285,0.0,0.0,0.0204452521581099,0.0,0.0,0.0204452521581099,True,2026-06-15,1885.0,-0.05368671341818343,0.05368671341818343,7.0,25,-1.0477580820977166,False,0.47208271166495047,4,0.291206702237821,7.697121317282625,0,False,-0.09557241268518199,708,automation_change_abs,1.8537537203217327
2026-06-29,X,STATEMENT_CATEGORY_VIOLENCE,2046,1533,0,513,0,0,57,0,0,57,0.749266862170088,0.0,0.250733137829912,0.0,0.0,0.0278592375366568,0.0,0.0,0.0278592375366568,True,2026-06-22,2201.0,-0.01402255173268352,0.01402255173268352,7.0,25,-0.3065357349267804,False,0.40536843402983136,4,0.3438984281402566,7.624130585661289,0,False,-0.10191845784672275,783,log1p_represented_sors,0.7847830967892879
2026-07-06,X,STATEMENT_CATEGORY_VIOLENCE,1941,1394,0,547,0,0,52,0,0,52,0.7181865018031942,0.0,0.2818134981968058,0.0,0.0,0.0267903142709943,0.0,0.0,0.0267903142709943,True,2026-06-29,2046.0,-0.031080360366893767,0.031080360366893767,7.0,25,-0.6253028137243674,False,0.47481981973254345,4,0.24336668207065076,7.571473648851271,0,False,-0.09443662130326032,698,automation_change_abs,0.9970944305916615
2026-07-13,X,STATEMENT_CATEGORY_VIOLENCE,2077,1594,0,483,0,0,30,0,0,30,0.7674530572941742,0.0,0.2325469427058257,0.0,0.0,0.0144439094848338,0.0,0.0,0.0144439094848338,True,2026-07-06,1941.0,0.049266555490980024,0.049266555490980024,7.0,25,0.8761767847185393,False,0.491108252902596,4,0.2763448043915782,7.639161171659173,0,False,-0.09647803820338527,718,automation_change_abs,1.6862534896643693
2026-07-20,X,STATEMENT_CATEGORY_VIOLENCE,1819,1425,0,394,0,0,42,0,0,42,0.7833974711379879,0.0,0.2166025288620121,0.0,0.0,0.0230896096756459,0.0,0.0,0.0230896096756459,True,2026-07-13,2077.0,0.01594441384381362,0.01594441384381362,7.0,25,0.253470669300893,False,0.323963139670749,4,0.45943433146723883,7.506591780070841,0,False,-0.1022309822613721,785,log1p_represented_sors,0.8247662878345503
2026-07-27,X,STATEMENT_CATEGORY_VIOLENCE,1858,1462,0,396,0,0,44,0,0,44,0.7868675995694295,0.0,0.2131324004305705,0.0,0.0,0.0236813778256189,0.0,0.0,0.0236813778256189,True,2026-07-20,1819.0,0.003470128431441677,0.003470128431441677,7.0,25,0.020357987229040305,False,0.44917778487773646,4,0.33768981469169307,7.527793987721444,0,False,-0.09789041542869478,728,log1p_represented_sors,0.8175539300535021
2026-08-03,X,STATEMENT_CATEGORY_VIOLENCE,2102,1659,0,443,0,0,38,0,0,38,0.7892483349191246,0.0,0.2107516650808753,0.0,0.0,0.0180780209324452,0.0,0.0,0.0180780209324452,True,2026-07-27,1858.0,0.0023807353496950734,0.0023807353496950734,7.0,25,0.0,False,0.44285286534960844,4,0.34639546956951617,7.6511201757027,0,False,-0.10021000795509075,758,log1p_represented_sors,0.775602044374827
2026-08-10,X,STATEMENT_CATEGORY_VIOLENCE,1745,1420,0,325,0,0,34,0,0,34,0.8137535816618912,0.0,0.1862464183381088,0.0,0.0,0.019484240687679,0.0,0.0,0.019484240687679,True,2026-08-03,2102.0,0.02450524674276655,0.02450524674276655,7.0,25,0.4134508727251794,False,0.46605388078598775,4,0.3476997008759034,7.465082736399547,0,False,-0.09954802379633904,750,log1p_represented_sors,0.8388864247108634
2026-08-17,X,STATEMENT_CATEGORY_VIOLENCE,2096,1718,0,378,0,0,38,0,0,38,0.8196564885496184,0.0,0.1803435114503817,0.0,0.0,0.0181297709923664,0.0,0.0,0.0181297709923664,True,2026-08-10,1745.0,0.005902906887727211,0.005902906887727211,7.0,25,0.06582043193700597,False,0.4534741818161744,4,0.366182306733444,7.64826303090192,0,False,-0.10101698411838592,766,log1p_represented_sors,0.7765739596996399
2026-08-24,X,STATEMENT_CATEGORY_VIOLENCE,1977,1541,0,436,0,0,32,0,0,32,0.7794638340920587,0.0,0.2205361659079413,0.0,0.0,0.0161861406170966,0.0,0.0,0.0161861406170966,True,2026-08-17,2096.0,-0.04019265445755971,0.04019265445755971,7.0,25,-0.7955884248901874,False,0.47459389679779107,4,0.3048699372942676,7.589841512182657,0,False,-0.10112546497692292,767,automation_change_abs,1.3424014053969622
2026-03-09,YouTube,STATEMENT_CATEGORY_DATA_PROTECTION_AND_PRIVACY_VIOLATIONS,2149,0,1599,550,2066,0,0,27,0,27,0.0,0.7440670079106562,0.2559329920893439,0.9613773848301536,0.0,0.0,0.0125639832480223,0.0,0.0125639832480223,True,2026-03-02,2219.0,0.0,0.0,7.0,22,,False,0.4787182184365138,2,0.4787182184365138,7.673223121121708,0,False,-0.14195152578458498,1061,log1p_represented_sors,0.7680832825079544
2026-03-16,YouTube,STATEMENT_CATEGORY_DATA_PROTECTION_AND_PRIVACY_VIOLATIONS,2301,0,1621,680,2172,0,0,53,0,53,0.0,0.7044763146458062,0.2955236853541938,0.9439374185136896,0.0,0.0,0.0230334637114298,0.0,0.0230334637114298,True,2026-03-09,2149.0,0.0,0.0,7.0,22,,False,0.4635190863910331,2,0.4635190863910331,7.741533589281828,0,False,-0.1407473334804538,1057,log1p_represented_sors,0.7448461015180929
2026-03-23,YouTube,STATEMENT_CATEGORY_DATA_PROTECTION_AND_PRIVACY_VIOLATIONS,2348,0,1784,564,2244,0,0,28,0,28,0.0,0.7597955706984668,0.2402044293015332,0.9557069846678024,0.0,0.0,0.0119250425894378,0.0,0.0119250425894378,True,2026-03-16,2301.0,0.0,0.0,7.0,22,,False,0.4813390313390314,2,0.4813390313390314,7.761744984658913,0,False,-0.14453628567418852,1070,log1p_represented_sors,0.7379707884791882
2026-03-30,YouTube,STATEMENT_CATEGORY_DATA_PROTECTION_AND_PRIVACY_VIOLATIONS,2292,0,1589,703,2170,0,0,35,0,35,0.0,0.6932809773123909,0.3067190226876091,0.9467713787085514,0.0,0.0,0.0152705061082024,0.0,0.0152705061082024,True,2026-03-23,2348.0,0.0,0.0,7.0,22,,False,0.4815697489672704,2,0.4815697489672704,7.737616282857904,0,False,-0.14335497248448736,1066,log1p_represented_sors,0.7461786521624847
2026-04-06,YouTube,STATEMENT_CATEGORY_DATA_PROTECTION_AND_PRIVACY_VIOLATIONS,2847,0,2255,592,2741,0,0,34,0,34,0.0,0.7920618194590797,0.2079381805409202,0.9627678257815244,0.0,0.0,0.0119423955040393,0.0,0.0119423955040393,True,2026-03-30,2292.0,0.0,0.0,7.0,22,,False,0.4816953035509736,2,0.4816953035509736,7.954372272531867,0,False,-0.14787536893592884,1077,log1p_represented_sors,0.672444738483484
2026-04-13,YouTube,STATEMENT_CATEGORY_DATA_PROTECTION_AND_PRIVACY_VIOLATIONS,2439,0,1964,475,2354,0,0,25,0,25,0.0,0.8052480524805248,0.1947519475194752,0.965149651496515,0.0,0.0,0.010250102501025,0.0,0.010250102501025,True,2026-04-06,2847.0,0.0,0.0,7.0,22,,False,0.4805904745042493,2,0.4805904745042493,7.799753318287247,0,False,-0.1450236797764436,1072,log1p_represented_sors,0.7250414886012485
2026-04-20,YouTube,STATEMENT_CATEGORY_DATA_PROTECTION_AND_PRIVACY_VIOLATIONS,3325,0,2624,701,3165,0,0,45,0,45,0.0,0.7891729323308271,0.2108270676691729,0.9518796992481204,0.0,0.0,0.0135338345864661,0.0,0.0135338345864661,True,2026-04-13,2439.0,0.0,0.0,7.0,22,,False,0.4791340264919527,2,0.4791340264919527,8.109525659752872,0,False,-0.1498719521147247,1085,log1p_represented_sors,0.6196661902294496
2026-04-27,YouTube,STATEMENT_CATEGORY_DATA_PROTECTION_AND_PRIVACY_VIOLATIONS,2668,0,2046,622,2553,0,0,20,0,20,0.0,0.7668665667166417,0.2331334332833583,0.956896551724138,0.0,0.0,0.0074962518740629,0.0,0.0074962518740629,True,2026-04-20,3325.0,0.0,0.0,7.0,22,,False,0.482305905235291,2,0.482305905235291,7.889459149404524,0,False,-0.14631973031041456,1074,log1p_represented_sors,0.6945262441641585
2026-05-04,YouTube,STATEMENT_CATEGORY_DATA_PROTECTION_AND_PRIVACY_VIOLATIONS,2717,0,2218,499,2615,0,0,23,0,23,0.0,0.8163415531836584,0.1836584468163415,0.9624585940375414,0.0,0.0,0.0084652189915347,0.0,0.0084652189915347,True,2026-04-27,2668.0,0.0,0.0,7.0,22,,False,0.937808991359793,3,0.937808991359793,7.907651594711089,0,False,-0.134219428666152,1029,weekly_peer_divergence_abs,0.6924513473744781
2026-05-11,YouTube,STATEMENT_CATEGORY_DATA_PROTECTION_AND_PRIVACY_VIOLATIONS,2465,0,1851,614,2281,0,0,38,0,38,0.0,0.7509127789046653,0.2490872210953346,0.9253549695740364,0.0,0.0,0.0154158215010141,0.0,0.0154158215010141,True,2026-05-04,2717.0,0.0,0.0,7.0,22,,False,0.9513827581251156,3,0.9513827581251156,7.81035268372429,0,False,-0.12753761815940717,994,weekly_peer_divergence_abs,0.7217469446670337
2026-05-18,YouTube,STATEMENT_CATEGORY_DATA_PROTECTION_AND_PRIVACY_VIOLATIONS,2441,0,1899,542,2293,0,0,29,0,29,0.0,0.7779598525194592,0.2220401474805407,0.9393691110200736,0.0,0.0,0.0118803768947152,0.0,0.0118803768947152,True,2026-05-11,2465.0,0.0,0.0,7.0,22,,False,0.9465840342334366,3,0.9465840342334366,7.80057265467065,0,False,-0.13054792253940412,1010,log1p_represented_sors,0.7247627748353278
2026-05-25,YouTube,STATEMENT_CATEGORY_DATA_PROTECTION_AND_PRIVACY_VIOLATIONS,3095,0,2433,662,2990,0,0,39,0,39,0.0,0.7861066235864297,0.2138933764135702,0.9660743134087236,0.0,0.0,0.0126009693053311,0.0,0.0126009693053311,True,2026-05-18,2441.0,0.0,0.0,7.0,22,,False,0.9400069759330312,3,0.9400069759330312,8.037866234709618,0,False,-0.13607590763922542,1039,weekly_peer_divergence_abs,0.6971951500363405
2026-06-22,YouTube,STATEMENT_CATEGORY_DATA_PROTECTION_AND_PRIVACY_VIOLATIONS,2614,0,1858,756,2327,0,0,29,0,29,0.0,0.7107880642693191,0.2892119357306809,0.8902065799540934,0.0,0.0,0.0110941086457536,0.0,0.0110941086457536,True,2026-06-15,7030.0,0.0,0.0,7.0,22,,False,0.9469351429524976,3,0.9469351429524976,7.869019376499024,0,False,-0.12398144612794518,977,weekly_peer_divergence_abs,0.7121478742496645
2026-06-29,YouTube,STATEMENT_CATEGORY_DATA_PROTECTION_AND_PRIVACY_VIOLATIONS,2520,0,1847,673,2183,0,0,29,0,29,0.0,0.7329365079365079,0.267063492063492,0.8662698412698413,0.0,0.0,0.0115079365079365,0.0,0.0115079365079365,True,2026-06-22,2614.0,0.0,0.0,7.0,22,,False,0.9470313687181156,3,0.9470313687181156,7.83241092718792,0,False,-0.11922040859097194,948,log1p_represented_sors,0.7139323454616898
2026-07-06,YouTube,STATEMENT_CATEGORY_DATA_PROTECTION_AND_PRIVACY_VIOLATIONS,2523,0,1917,606,2398,0,0,40,0,40,0.0,0.7598097502972652,0.2401902497027348,0.9504558065794688,0.0,0.0,0.0158541418945699,0.0,0.0158541418945699,True,2026-06-29,2520.0,0.0,0.0,7.0,22,,False,0.98633166969147,3,0.98633166969147,7.8336002236611035,0,False,-0.11654386833366104,934,weekly_peer_divergence_abs,0.7971754721172564
2026-07-13,YouTube,STATEMENT_CATEGORY_DATA_PROTECTION_AND_PRIVACY_VIOLATIONS,2566,0,2106,460,2478,0,0,23,0,23,0.0,0.8207326578332035,0.1792673421667965,0.965705378020265,0.0,0.0,0.0089633671083398,0.0,0.0089633671083398,True,2026-07-06,2523.0,0.0,0.0,7.0,22,,False,0.9207229182836236,3,0.9207229182836236,7.8504931808711405,0,False,-0.13616672859679407,1040,log1p_represented_sors,0.7077813028344209
2026-07-20,YouTube,STATEMENT_CATEGORY_DATA_PROTECTION_AND_PRIVACY_VIOLATIONS,2457,0,1872,585,2322,0,0,39,0,39,0.0,0.7619047619047619,0.238095238095238,0.945054945054945,0.0,0.0,0.0158730158730158,0.0,0.0158730158730158,True,2026-07-13,2566.0,0.0,0.0,7.0,22,,False,0.9767810204219182,3,0.9767810204219182,7.80710329012598,0,False,-0.12052123912637287,961,weekly_peer_divergence_abs,0.7765627726565565
2026-07-27,YouTube,STATEMENT_CATEGORY_DATA_PROTECTION_AND_PRIVACY_VIOLATIONS,2084,0,1507,577,1932,0,0,34,0,34,0.0,0.7231285988483686,0.2768714011516315,0.927063339731286,0.0,0.0,0.0163147792706333,0.0,0.0163147792706333,True,2026-07-20,2457.0,0.0,0.0,7.0,22,,False,0.9694066978540136,3,0.9694066978540136,7.642524134232902,0,False,-0.11661233882482977,936,log1p_represented_sors,0.778526160938658
2026-08-03,YouTube,STATEMENT_CATEGORY_DATA_PROTECTION_AND_PRIVACY_VIOLATIONS,2122,0,1398,724,1953,0,0,40,0,40,0.0,0.6588124410933082,0.3411875589066918,0.9203581526861452,0.0,0.0,0.0188501413760603,0.0,0.0188501413760603,True,2026-07-27,2084.0,0.0,0.0,7.0,22,,False,0.9801535658511192,3,0.9801535658511192,7.660585461703256,0,False,-0.11185683128295146,899,weekly_peer_divergence_abs,0.7838415725985985
2026-08-10,YouTube,STATEMENT_CATEGORY_DATA_PROTECTION_AND_PRIVACY_VIOLATIONS,1969,0,1354,615,1831,0,0,23,0,23,0.0,0.6876587100050787,0.3123412899949213,0.9299136617572372,0.0,0.0,0.0116810563737938,0.0,0.0116810563737938,True,2026-08-03,2122.0,0.0,0.0,7.0,22,,False,0.9911916804000682,3,0.9911916804000682,7.585788821732034,0,False,-0.10492656416574861,822,weekly_peer_divergence_abs,0.8076645956610862
2026-08-17,YouTube,STATEMENT_CATEGORY_DATA_PROTECTION_AND_PRIVACY_VIOLATIONS,2028,0,1437,591,1873,0,0,36,0,36,0.0,0.7085798816568047,0.2914201183431952,0.923570019723866,0.0,0.0,0.0177514792899408,0.0,0.0177514792899408,True,2026-08-10,1969.0,0.0,0.0,7.0,22,,False,0.9947900704872816,3,0.9947900704872816,7.615298339825815,0,False,-0.10304885914110481,796,weekly_peer_divergence_abs,0.8154308250887083
2026-08-24,YouTube,STATEMENT_CATEGORY_DATA_PROTECTION_AND_PRIVACY_VIOLATIONS,1952,0,1381,571,1810,0,0,32,0,32,0.0,0.7074795081967213,0.2925204918032787,0.9272540983606558,0.0,0.0,0.0163934426229508,0.0,0.0163934426229508,True,2026-08-17,2028.0,0.0,0.0,7.0,22,,False,0.994113444333996,3,0.994113444333996,7.577121930876679,0,False,-0.10295616420718275,791,weekly_peer_divergence_abs,0.8139704959371196
2026-03-09,YouTube,STATEMENT_CATEGORY_INTELLECTUAL_PROPERTY_INFRINGEMENTS,7071,2,5224,1845,6003,0,0,128,0,128,0.0002828454249752,0.7387922500353556,0.260924904539669,0.848960543063216,0.0,0.0,0.018102107198416,0.0,0.018102107198416,True,2026-03-02,7429.0,0.000148237806184,0.000148237806184,7.0,25,0.498106727628818,False,0.14757152055928616,2,0.14728867513431096,8.863898604317479,0,False,-0.1083565196391982,862,weekly_peer_divergence_abs,1.0136900086778398
2026-03-16,YouTube,STATEMENT_CATEGORY_INTELLECTUAL_PROPERTY_INFRINGEMENTS,7183,2,5081,2100,6808,0,0,113,0,113,0.0002784351942085,0.7073646108868161,0.2923569539189753,0.9477934010858972,0.0,0.0,0.0157315884727829,0.0,0.0157315884727829,True,2026-03-09,7071.0,-4.410230766700013e-06,4.410230766700013e-06,7.0,25,-0.058912437813682356,False,0.14823289408391685,2,0.14795445888970835,8.879611609982035,0,False,-0.1201084678185081,954,weekly_peer_divergence_abs,1.0122530801436118
2026-03-23,YouTube,STATEMENT_CATEGORY_INTELLECTUAL_PROPERTY_INFRINGEMENTS,6977,3,5145,1829,6452,0,0,223,0,223,0.0004299842339114,0.7374229611580909,0.2621470546079977,0.9247527590655008,0.0,0.0,0.0319621613874158,0.0,0.0319621613874158,True,2026-03-16,7183.0,0.00015154903970290005,0.00015154903970290005,7.0,25,0.5101895592729526,False,0.30937359170797657,2,0.3089436074740652,8.85051762174672,0,False,-0.13583584563085033,1038,weekly_peer_divergence_abs,0.664798070275051
2026-03-30,YouTube,STATEMENT_CATEGORY_INTELLECTUAL_PROPERTY_INFRINGEMENTS,6516,4,5293,1219,5682,0,0,153,0,153,0.0006138735420503,0.8123081645181093,0.1870779619398404,0.8720073664825047,0.0,0.0,0.0234806629834254,0.0,0.0234806629834254,True,2026-03-23,6977.0,0.00018388930813889994,0.00018388930813889994,7.0,25,0.6282005713649393,False,0.2898302178014063,2,0.289216344259356,8.78216942633238,0,False,-0.12916444792032564,1004,weekly_peer_divergence_abs,0.7073744581572123
2026-04-06,YouTube,STATEMENT_CATEGORY_INTELLECTUAL_PROPERTY_INFRINGEMENTS,8291,3,5085,3203,7555,0,0,164,0,164,0.0003618381377397,0.6133156434688216,0.3863225183934387,0.9112290435411892,0.0,0.0,0.0197804848631045,0.0,0.0197804848631045,True,2026-03-30,6516.0,-0.0002520354043106,0.0002520354043106,7.0,25,-0.9625072056555035,False,0.28505360521336975,2,0.28469176707563004,9.02304647355567,0,False,-0.13505067122977973,1034,weekly_peer_divergence_abs,0.7171396319210751
2026-04-13,YouTube,STATEMENT_CATEGORY_INTELLECTUAL_PROPERTY_INFRINGEMENTS,7025,2,4151,2872,6850,0,0,93,0,93,0.0002846975088967,0.5908896797153025,0.4088256227758007,0.9750889679715302,0.0,0.0,0.013238434163701,0.0,0.013238434163701,True,2026-04-06,8291.0,-7.714062884299998e-05,7.714062884299998e-05,7.0,25,-0.32430874718021213,False,0.28505250154416306,2,0.28476780403526636,8.857372832825773,0,False,-0.13524196201502747,1036,weekly_peer_divergence_abs,0.716975525067954
2026-04-20,YouTube,STATEMENT_CATEGORY_INTELLECTUAL_PROPERTY_INFRINGEMENTS,15170,1,10183,4986,14606,0,0,274,0,274,6.591957811470006e-05,0.6712590639419908,0.3286750164798945,0.9628213579433093,0.0,0.0,0.0180619644034278,0.0,0.0180619644034278,True,2026-04-13,7025.0,-0.00021877793078199995,0.00021877793078199995,7.0,25,-0.8411492732530725,False,0.2269606823382567,2,0.226894762760142,9.627140989748092,0,False,-0.12582050242946974,987,weekly_peer_divergence_abs,0.8418800810842586
2026-04-27,YouTube,STATEMENT_CATEGORY_INTELLECTUAL_PROPERTY_INFRINGEMENTS,10159,4,7793,2362,8978,0,0,209,0,209,0.0003937395412934,0.7671030613249336,0.232503199133773,0.8837484004331135,0.0,0.0,0.0205728910325819,0.0,0.0205728910325819,True,2026-04-20,15170.0,0.00032781996317869996,0.00032781996317869996,7.0,25,1.1534096402359308,False,0.17948560177208955,2,0.17909186223079615,9.226213721132472,0,False,-0.11659344950267798,935,weekly_peer_divergence_abs,0.9450507445806652
2026-05-04,YouTube,STATEMENT_CATEGORY_INTELLECTUAL_PROPERTY_INFRINGEMENTS,9885,0,5654,4231,9544,0,0,107,0,107,0.0,0.5719777440566515,0.4280222559433485,0.9655032878098128,0.0,0.0,0.0108244815376833,0.0,0.0108244815376833,True,2026-04-27,10159.0,-0.0003937395412934,0.0003937395412934,7.0,25,-1.4795916156397686,False,0.33804086538461536,2,0.33804086538461536,9.198874893866904,0,False,-0.13848044231151013,1051,weekly_peer_divergence_abs,0.6019988808678176
2026-05-11,YouTube,STATEMENT_CATEGORY_INTELLECTUAL_PROPERTY_INFRINGEMENTS,9369,1,6192,3176,8892,0,0,86,0,86,0.0001067349770519,0.6609029779058597,0.3389902871170883,0.9490874159462056,0.0,0.0,0.0091792080264702,0.0,0.0091792080264702,True,2026-05-04,9885.0,0.0001067349770519,0.0001067349770519,7.0,25,0.34666114268407816,False,0.24600491702519975,2,0.24589818204814784,9.145268375232467,0,False,-0.13396366952784738,1025,weekly_peer_divergence_abs,0.8008659301659397
2026-05-18,YouTube,STATEMENT_CATEGORY_INTELLECTUAL_PROPERTY_INFRINGEMENTS,8441,1,4471,3969,5526,0,0,168,0,168,0.0001184693756663,0.5296765786044307,0.4702049520199028,0.6546617699324725,0.0,0.0,0.0199028551119535,0.0,0.0199028551119535,True,2026-05-11,9369.0,1.1734398614399999e-05,1.1734398614399999e-05,7.0,25,0.0,False,0.1548844435812779,2,0.15476597420561158,9.040974526342444,0,False,-0.09404254979483417,694,weekly_peer_divergence_abs,0.9975521195998838
2026-05-25,YouTube,STATEMENT_CATEGORY_INTELLECTUAL_PROPERTY_INFRINGEMENTS,6700,4,5768,928,6284,0,0,127,0,127,0.0005970149253731,0.8608955223880597,0.1385074626865671,0.937910447761194,0.0,0.0,0.018955223880597,0.0,0.018955223880597,True,2026-05-18,8441.0,0.00047854554970679997,0.00047854554970679997,7.0,25,1.7034137024947127,False,0.2355083940449794,2,0.2349113791196063,8.81001204797317,0,False,-0.1279592971868279,995,weekly_peer_divergence_abs,0.8245782098663323
2026-06-01,YouTube,STATEMENT_CATEGORY_INTELLECTUAL_PROPERTY_INFRINGEMENTS,6676,6,4802,1868,5185,0,0,66,0,66,0.0008987417615338,0.71929298981426,0.2798082684242061,0.7766626722588377,0.0,0.0,0.0098861593768723,0.0,0.0098861593768723,True,2026-05-25,6700.0,0.0003017268361607,0.0003017268361607,7.0,25,1.0581947123161857,False,0.18744340476909144,2,0.18654466300755765,8.806424063857868,0,False,-0.10481449308978422,820,weekly_peer_divergence_abs,0.9289657289742798
2026-06-08,YouTube,STATEMENT_CATEGORY_INTELLECTUAL_PROPERTY_INFRINGEMENTS,9733,3,4566,5164,5036,0,0,73,0,73,0.0003082297338949,0.4691256549881845,0.5305661152779205,0.5174149799650672,0.0,0.0,0.0075002568581115,0.0,0.0075002568581115,True,2026-06-01,6676.0,-0.0005905120276388999,0.0005905120276388999,7.0,25,-2.1976227696310584,False,0.20305023923444976,2,0.20274200950055485,9.1833801903934,0,False,-0.08729543476992344,625,weekly_peer_divergence_abs,0.894007787802115
2026-06-15,YouTube,STATEMENT_CATEGORY_INTELLECTUAL_PROPERTY_INFRINGEMENTS,6611,3,5374,1234,6260,0,0,90,0,90,0.0004537891393132,0.8128876115564968,0.18665859930419,0.946906670700348,0.0,0.0,0.0136136741793979,0.0,0.0136136741793979,True,2026-06-08,9733.0,0.00014555940541829997,0.00014555940541829997,7.0,25,0.4883331295594722,False,0.1905521864028088,2,0.1900983972634956,8.796641458940915,0,False,-0.12512463188081097,983,weekly_peer_divergence_abs,0.9212958780444194
2026-06-22,YouTube,STATEMENT_CATEGORY_INTELLECTUAL_PROPERTY_INFRINGEMENTS,10834,4,5020,5810,8319,0,0,106,0,106,0.0003692080487354,0.4633561011630053,0.5362746907882592,0.767860439357578,0.0,0.0,0.0097840132914897,0.0,0.0097840132914897,True,2026-06-15,6611.0,-8.45810905778e-05,8.45810905778e-05,7.0,25,-0.3514593078347437,False,0.05986970684039085,2,0.05950049879165545,9.29053691397046,0,False,-0.0734813292026539,482,weekly_peer_divergence_abs,1.2031589383895671
2026-06-29,YouTube,STATEMENT_CATEGORY_INTELLECTUAL_PROPERTY_INFRINGEMENTS,5978,5,5210,763,5427,0,0,119,0,119,0.000836400133824,0.8715289394446303,0.1276346604215456,0.9078287052525928,0.0,0.0,0.0199063231850117,0.0,0.0199063231850117,True,2026-06-22,10834.0,0.0004671920850886,0.0004671920850886,7.0,25,1.6619844282450007,False,0.09666431759455014,2,0.09582791746072615,8.696008608880904,0,False,-0.09372625365654097,687,weekly_peer_divergence_abs,1.12475524644416
2026-07-06,YouTube,STATEMENT_CATEGORY_INTELLECTUAL_PROPERTY_INFRINGEMENTS,6485,0,5440,1045,5746,0,0,331,0,331,0.0,0.8388589051657671,0.1611410948342328,0.8860447185813416,0.0,0.0,0.0510408635312259,0.0,0.0510408635312259,True,2026-06-29,5978.0,-0.000836400133824,0.000836400133824,7.0,25,-3.0948789049569,False,0.1688191881918819,2,0.1688191881918819,8.777401286867264,0,False,-0.11018187454018462,881,weekly_peer_divergence_abs,0.9672217548068431
2026-07-13,YouTube,STATEMENT_CATEGORY_INTELLECTUAL_PROPERTY_INFRINGEMENTS,6244,2,4979,1263,5264,0,0,131,0,131,0.0003203074951953,0.7974055092889174,0.2022741832158872,0.8430493273542601,0.0,0.0,0.0209801409352978,0.0,0.0209801409352978,True,2026-07-06,6485.0,0.0003203074951953,0.0003203074951953,7.0,25,1.1259963257242058,False,0.1692462987886945,2,0.1689259912934992,8.739536422559677,0,False,-0.11108504559753059,888,weekly_peer_divergence_abs,0.9669912468934047
2026-07-20,YouTube,STATEMENT_CATEGORY_INTELLECTUAL_PROPERTY_INFRINGEMENTS,5804,3,5276,525,5487,0,0,94,0,94,0.0005168849069607,0.9090282563749138,0.0904548587181254,0.9453824948311508,0.0,0.0,0.0161957270847691,0.0,0.0161957270847691,True,2026-07-13,6244.0,0.00019657741176540001,0.00019657741176540001,7.0,25,0.6745,False,0.2045304596437211,2,0.2040135747367604,8.666474894131992,0,False,-0.12574139154703662,986,weekly_peer_divergence_abs,0.8912634307098554
2026-07-27,YouTube,STATEMENT_CATEGORY_INTELLECTUAL_PROPERTY_INFRINGEMENTS,4945,3,4347,595,4569,0,0,72,0,72,0.0006066734074823,0.8790697674418605,0.1203235591506572,0.9239635995955512,0.0,0.0,0.0145601617795753,0.0,0.0145601617795753,True,2026-07-20,5804.0,8.978850052160001e-05,8.978850052160001e-05,7.0,25,0.2848227305913812,False,0.1393657606103958,2,0.1387590872029135,8.506334448081361,0,False,-0.10944389142767455,870,weekly_peer_divergence_abs,1.0320990013642353
2026-08-03,YouTube,STATEMENT_CATEGORY_INTELLECTUAL_PROPERTY_INFRINGEMENTS,5527,2,4935,590,5235,0,0,118,0,118,0.0003618599601954,0.8928894517821603,0.1067486882576442,0.947168445811471,0.0,0.0,0.0213497376515288,0.0,0.0213497376515288,True,2026-07-27,4945.0,-0.00024481344728690004,0.00024481344728690004,7.0,25,-0.9361539779654404,False,0.17581530513400065,2,0.17545344517380526,8.617581365447506,0,False,-0.12042326577622404,959,weekly_peer_divergence_abs,0.9529033622605475
2026-08-10,YouTube,STATEMENT_CATEGORY_INTELLECTUAL_PROPERTY_INFRINGEMENTS,6290,2,4333,1955,5700,0,0,96,0,96,0.0003179650238473,0.6888712241653419,0.3108108108108108,0.906200317965024,0.0,0.0,0.015262321144674,0.0,0.015262321144674,True,2026-08-03,5527.0,-4.3894936348099964e-05,4.3894936348099964e-05,7.0,25,-0.20299380426975705,False,0.17885024840312275,2,0.17853228337927546,8.74687531957003,0,False,-0.1235467235066369,974,weekly_peer_divergence_abs,0.9462584562623969
2026-08-17,YouTube,STATEMENT_CATEGORY_INTELLECTUAL_PROPERTY_INFRINGEMENTS,6082,2,5127,953,5908,0,0,107,0,107,0.0003288391976323,0.8429792831305492,0.1566918776718184,0.9713909898059848,0.0,0.0,0.0175928970733311,0.0,0.0175928970733311,True,2026-08-10,6290.0,1.0874173784999972e-05,1.0874173784999972e-05,7.0,25,-0.0031389969117000343,False,0.21518752320831785,2,0.21485868401068556,8.713253274320705,0,False,-0.12882667907381545,1000,weekly_peer_divergence_abs,0.8678569614979086
2026-08-24,YouTube,STATEMENT_CATEGORY_INTELLECTUAL_PROPERTY_INFRINGEMENTS,11432,0,5901,5531,10559,0,0,92,0,92,0.0,0.5161826452064381,0.4838173547935619,0.9236354093771868,0.0,0.0,0.0080475857242827,0.0,0.0080475857242827,True,2026-08-17,6082.0,-0.0003288391976323,0.0003288391976323,7.0,25,-1.2427675071534419,False,0.1993138936535163,2,0.1993138936535163,9.34425918954197,0,False,-0.1237280691264353,975,weekly_peer_divergence_abs,0.9014065226605655
2026-03-09,YouTube,STATEMENT_CATEGORY_NEGATIVE_EFFECTS_ON_CIVIC_DISCOURSE_OR_ELECTIONS,152048,1120,0,150928,137,0,0,0,0,0,0.0073660949173945,0.0,0.9926339050826056,0.0009010312532884,0.0,0.0,0.0,0.0,0.0,True,2026-03-02,14405.0,-0.0381042278871872,0.0381042278871872,7.0,25,-1.2102557114121077,False,0.724466592481494,1,0.7171004975640995,11.931958116299931,0,False,-0.02387589300531632,124,automation_change_abs,1.2632612619881758
2026-03-16,YouTube,STATEMENT_CATEGORY_NEGATIVE_EFFECTS_ON_CIVIC_DISCOURSE_OR_ELECTIONS,310394,1073,0,309321,43,0,0,0,0,0,0.0034568967183644,0.0,0.9965431032816356,0.0001385336056753,0.0,0.0,0.0,0.0,0.0,True,2026-03-09,152048.0,-0.0039091981990301,0.0039091981990301,7.0,25,-0.2755832701302476,False,0.7864756985207795,1,0.7830188018024151,12.64560095891404,0,False,-0.03919025385065953,204,log1p_represented_sors,0.9233711442999678
2026-03-23,YouTube,STATEMENT_CATEGORY_NEGATIVE_EFFECTS_ON_CIVIC_DISCOURSE_OR_ELECTIONS,175273,929,0,174344,143,0,0,0,0,0,0.0053003029559601,0.0,0.9946996970440398,0.0008158700997871,0.0,0.0,0.0,0.0,0.0,True,2026-03-16,310394.0,0.0018434062375956997,0.0018434062375956997,7.0,25,-0.11834401981978321,False,0.8302967204580948,1,0.8249964175021347,12.074105742738682,0,False,-0.04862630911433848,267,log1p_represented_sors,0.7289655410185121
2026-03-30,YouTube,STATEMENT_CATEGORY_NEGATIVE_EFFECTS_ON_CIVIC_DISCOURSE_OR_ELECTIONS,145032,1664,0,143368,789,0,0,0,0,0,0.0114733300237189,0.0,0.9885266699762812,0.0054401787191792,0.0,0.0,0.0,0.0,0.0,True,2026-03-23,175273.0,0.0061730270677588005,0.0061730270677588005,7.0,25,0.0,False,0.8248860578771072,1,0.8134127278533884,11.884716581715796,0,False,-0.04538431634746516,243,log1p_represented_sors,0.6645410050617219
2026-04-06,YouTube,STATEMENT_CATEGORY_NEGATIVE_EFFECTS_ON_CIVIC_DISCOURSE_OR_ELECTIONS,80696,800,0,79896,25,0,0,0,0,0,0.0099137503717656,0.0,0.9900862496282344,0.0003098046991176,0.0,0.0,0.0,0.0,0.0,True,2026-03-30,145032.0,-0.0015595796519533005,0.0015595796519533005,7.0,25,-0.21135979310726957,False,0.8304526273194982,1,0.8205388769477326,11.298456678845854,0,False,-0.05938202553431676,366,content_removed_rate,0.6119777700298323
2026-04-13,YouTube,STATEMENT_CATEGORY_NEGATIVE_EFFECTS_ON_CIVIC_DISCOURSE_OR_ELECTIONS,23867,1068,0,22799,79,0,0,0,0,0,0.0447479783801902,0.0,0.9552520216198098,0.0033100096367369,0.0,0.0,0.0,0.0,0.0,True,2026-04-06,80696.0,0.0348342280084246,0.0348342280084246,7.0,25,0.7834131128875708,False,0.8645107990086156,1,0.8197628206284254,10.080293928641973,0,False,-0.04744649633058995,260,automation_change_abs,1.1393458401949035
2026-04-20,YouTube,STATEMENT_CATEGORY_NEGATIVE_EFFECTS_ON_CIVIC_DISCOURSE_OR_ELECTIONS,24329,1251,0,23078,193,0,0,0,0,0,0.0514201159110526,0.0,0.9485798840889472,0.0079329195610177,0.0,0.0,0.0,0.0,0.0,True,2026-04-13,23867.0,0.006672137530862397,0.006672137530862397,7.0,25,0.013642473753427534,False,0.8502809373715225,1,0.79886082146047,10.099465435777569,0,False,-0.06338641199927982,414,content_removed_rate,0.603674787057696
2026-04-27,YouTube,STATEMENT_CATEGORY_NEGATIVE_EFFECTS_ON_CIVIC_DISCOURSE_OR_ELECTIONS,13002,826,0,12176,64,0,0,0,0,0,0.0635286878941701,0.0,0.93647131210583,0.0049223196431318,0.0,0.0,0.0,0.0,0.0,True,2026-04-20,24329.0,0.012108571983117503,0.012108571983117503,7.0,25,0.16223966778124593,False,0.8951207243460765,1,0.8315920364519064,9.47293537905132,0,False,-0.06437195886226767,418,content_removed_rate,0.6069538875706706
2026-05-04,YouTube,STATEMENT_CATEGORY_NEGATIVE_EFFECTS_ON_CIVIC_DISCOURSE_OR_ELECTIONS,14664,1305,0,13359,229,0,0,0,0,0,0.0889934533551554,0.0,0.9110065466448444,0.0156164757228587,0.0,0.0,0.0,0.0,0.0,True,2026-04-27,13002.0,0.025464765460985306,0.025464765460985306,7.0,25,0.527312196684915,False,0.8832583471465782,1,0.7942648937914228,9.593218981411551,0,False,-0.05782742752800697,348,automation_change_abs,0.7842935629509207
2026-05-11,YouTube,STATEMENT_CATEGORY_NEGATIVE_EFFECTS_ON_CIVIC_DISCOURSE_OR_ELECTIONS,11607,2009,0,9598,904,0,0,0,0,0,0.1730852072025502,0.0,0.8269147927974498,0.0778840354958214,0.0,0.0,0.0,0.0,0.0,True,2026-05-04,14664.0,0.08409175384739478,0.08409175384739478,7.0,25,2.1297974367871246,False,0.8804111889257484,1,0.7073259817231983,9.359449794564023,0,False,-0.031524272880493996,156,automation_change_abs,3.005941350020649
2026-05-18,YouTube,STATEMENT_CATEGORY_NEGATIVE_EFFECTS_ON_CIVIC_DISCOURSE_OR_ELECTIONS,9400,1216,0,8184,1499,0,0,0,0,0,0.1293617021276595,0.0,0.8706382978723404,0.1594680851063829,0.0,0.0,0.0,0.0,0.0,True,2026-05-11,11607.0,-0.0437235050748907,0.0437235050748907,7.0,25,-1.3638506512372164,False,0.9314220812282143,1,0.8020603791005548,9.148571345578551,0,False,-0.04911450351998229,273,automation_change_abs,1.476201668319654
2026-05-25,YouTube,STATEMENT_CATEGORY_NEGATIVE_EFFECTS_ON_CIVIC_DISCOURSE_OR_ELECTIONS,11931,655,0,11276,1968,0,0,0,0,0,0.0548990025982734,0.0,0.9451009974017266,0.1649484536082474,0.0,0.0,0.0,0.0,0.0,True,2026-05-18,9400.0,-0.07446269952938608,0.07446269952938608,7.0,25,-2.2040627576700866,False,0.9429540866726795,1,0.8880550840744061,9.386979145634639,0,False,-0.018342807683688588,96,automation_change_abs,2.641051939768471
2026-06-01,YouTube,STATEMENT_CATEGORY_NEGATIVE_EFFECTS_ON_CIVIC_DISCOURSE_OR_ELECTIONS,11122,676,0,10446,1808,0,0,0,0,0,0.0607804351735299,0.0,0.93921956482647,0.1625606905232871,0.0,0.0,0.0,0.0,0.0,True,2026-05-25,11931.0,0.005881432575256501,0.005881432575256501,7.0,25,-0.007970320209017421,False,0.9679960323248826,1,0.9072155971513527,9.316770315592029,0,False,-0.05885935302670912,360,weekly_peer_divergence_abs,0.6264231201301029
2026-06-08,YouTube,STATEMENT_CATEGORY_NEGATIVE_EFFECTS_ON_CIVIC_DISCOURSE_OR_ELECTIONS,5223,577,0,4646,53,0,0,0,0,0,0.1104729082902546,0.0,0.8895270917097453,0.0101474248516178,0.0,0.0,0.0,0.0,0.0,True,2026-06-01,11122.0,0.04969247311672471,0.04969247311672471,7.0,25,1.1895420841207454,False,0.9923636014344264,1,0.8818906931441718,8.561018670956267,0,False,-0.037001734044395176,183,automation_change_abs,1.7023934787163912
2026-06-15,YouTube,STATEMENT_CATEGORY_NEGATIVE_EFFECTS_ON_CIVIC_DISCOURSE_OR_ELECTIONS,4513,610,0,3903,113,0,0,0,0,0,0.1351650786616441,0.0,0.8648349213383558,0.0250387768668291,0.0,0.0,0.0,0.0,0.0,True,2026-06-08,5223.0,0.024692170371389488,0.024692170371389488,7.0,25,0.5061944101206005,False,0.994083061828259,1,0.8589179831666149,8.414938957377482,0,False,-0.049742519449115896,281,automation_change_abs,0.7550163611306856
2026-06-22,YouTube,STATEMENT_CATEGORY_NEGATIVE_EFFECTS_ON_CIVIC_DISCOURSE_OR_ELECTIONS,6446,752,0,5694,35,0,0,0,0,0,0.1166614955010859,0.0,0.883338504498914,0.0054297238597579,0.0,0.0,0.0,0.0,0.0,True,2026-06-15,4513.0,-0.018503583160558196,0.018503583160558196,7.0,25,-0.6745,False,0.9928040160985252,1,0.8761425205974394,8.77137018531062,0,False,-0.05678007042597113,332,content_removed_rate,0.6064012304682973
2026-06-29,YouTube,STATEMENT_CATEGORY_NEGATIVE_EFFECTS_ON_CIVIC_DISCOURSE_OR_ELECTIONS,6298,890,0,5408,16,0,0,0,0,0,0.1413147030803429,0.0,0.858685296919657,0.0025404890441409,0.0,0.0,0.0,0.0,0.0,True,2026-06-22,6446.0,0.024653207579257014,0.024653207579257014,7.0,25,0.5051294176824092,False,0.994227116880512,1,0.8529124138001691,8.74814616962193,0,False,-0.058152916755283446,352,automation_change_abs,0.7535398807024459
2026-07-06,YouTube,STATEMENT_CATEGORY_NEGATIVE_EFFECTS_ON_CIVIC_DISCOURSE_OR_ELECTIONS,4822,755,0,4067,19,0,0,0,0,0,0.1565740356698465,0.0,0.8434259643301535,0.0039402737453338,0.0,0.0,0.0,0.0,0.0,True,2026-06-29,6298.0,0.0152593325895036,0.0152593325895036,7.0,25,0.24836122213350126,False,0.9938022142226448,1,0.8372281785527983,8.481151420068972,0,False,-0.06288494282710597,407,content_removed_rate,0.6080235173106114
2026-07-13,YouTube,STATEMENT_CATEGORY_NEGATIVE_EFFECTS_ON_CIVIC_DISCOURSE_OR_ELECTIONS,3840,1527,0,2313,13,0,0,0,0,0,0.39765625,0.0,0.60234375,0.0033854166666666,0.0,0.0,0.0,0.0,0.0,True,2026-07-06,4822.0,0.24108221433015348,0.24108221433015348,7.0,25,6.420908112681716,True,0.9913807432031344,1,0.5937244932031345,8.253488028345904,0,False,0.005606815922804753,49,automation_change_abs,8.955036105217554
2026-07-20,YouTube,STATEMENT_CATEGORY_NEGATIVE_EFFECTS_ON_CIVIC_DISCOURSE_OR_ELECTIONS,3549,1250,0,2299,69,0,0,0,0,0,0.3522118906734291,0.0,0.6477881093265708,0.0194420963651732,0.0,0.0,0.0,0.0,0.0,True,2026-07-13,3840.0,-0.04544435932657087,0.04544435932657087,7.0,25,-1.4108877516338634,False,0.9941305942773294,1,0.6419187036039002,8.174702882469461,0,False,-0.07131082616679549,461,automation_change_abs,1.541412796254737
2026-07-27,YouTube,STATEMENT_CATEGORY_NEGATIVE_EFFECTS_ON_CIVIC_DISCOURSE_OR_ELECTIONS,3913,1074,0,2839,42,0,0,0,0,0,0.2744697163301814,0.0,0.7255302836698185,0.0107334525939177,0.0,0.0,0.0,0.0,0.0,True,2026-07-20,3549.0,-0.0777421743432477,0.0777421743432477,7.0,25,-2.2937025315889263,False,0.9969539732872106,1,0.7224842569570291,8.272315147956022,0,False,-0.04961092549297411,279,automation_change_abs,2.7653264106818627
2026-08-03,YouTube,STATEMENT_CATEGORY_NEGATIVE_EFFECTS_ON_CIVIC_DISCOURSE_OR_ELECTIONS,3426,542,0,2884,23,0,0,0,0,0,0.1582019848219498,0.0,0.8417980151780502,0.006713368359603,0.0,0.0,0.0,0.0,0.0,True,2026-07-27,3913.0,-0.11626773150823161,0.11626773150823161,7.0,25,-3.3467437745860167,False,0.9983469688439562,1,0.8401449840220064,8.139440521874608,0,False,-0.007634229450866381,72,automation_change_abs,4.225237983438954
2026-08-10,YouTube,STATEMENT_CATEGORY_NEGATIVE_EFFECTS_ON_CIVIC_DISCOURSE_OR_ELECTIONS,3016,681,0,2335,27,0,0,0,0,0,0.2257957559681697,0.0,0.7742042440318302,0.0089522546419098,0.0,0.0,0.0,0.0,0.0,True,2026-08-03,3426.0,0.0675937711462199,0.0675937711462199,7.0,25,1.6788485735120158,False,0.9982190668392658,1,0.7724233108710961,8.012018239159062,0,False,-0.04361807827220989,227,automation_change_abs,2.3807564689961884
2026-08-17,YouTube,STATEMENT_CATEGORY_NEGATIVE_EFFECTS_ON_CIVIC_DISCOURSE_OR_ELECTIONS,1894,469,0,1425,20,0,0,0,0,0,0.247624076029567,0.0,0.752375923970433,0.010559662090813,0.0,0.0,0.0,0.0,0.0,True,2026-08-10,3016.0,0.02182832006139729,0.02182832006139729,7.0,25,0.42791514014724313,False,0.9988061127029608,1,0.7511820366733939,7.546974117516527,0,False,-0.05362031157505478,310,log1p_represented_sors,0.8110294227640386
2026-08-24,YouTube,STATEMENT_CATEGORY_NEGATIVE_EFFECTS_ON_CIVIC_DISCOURSE_OR_ELECTIONS,1790,408,0,1382,24,0,0,0,0,0,0.2279329608938547,0.0,0.7720670391061453,0.0134078212290502,0.0,0.0,0.0,0.0,0.0,True,2026-08-17,1894.0,-0.019691115135712284,0.019691115135712284,7.0,25,-0.7069594954424605,False,0.9989800570762762,1,0.7710470961824215,7.490529402060711,0,False,-0.050310193224436695,284,log1p_represented_sors,0.8302302290869228
2026-03-09,YouTube,STATEMENT_CATEGORY_OTHER_VIOLATION_TC,597386,531997,49403,15986,562004,0,0,11531,0,11531,0.8905414589561857,0.0826986236704576,0.0267599173733565,0.9407719631862816,0.0,0.0,0.01930242757614,0.0,0.01930242757614,True,2026-03-02,720289.0,0.13068256898285557,0.13068256898285557,7.0,25,1.629122291706284,False,0.5519632091421218,6,0.3385782498140639,13.300320423563194,0,False,-0.01730218099697518,91,automation_change_abs,4.771482855602503
2026-03-16,YouTube,STATEMENT_CATEGORY_OTHER_VIOLATION_TC,845232,681625,48875,114732,810619,0,0,10244,0,10244,0.8064353928862135,0.0578243606489106,0.1357402464648759,0.9590491131429004,0.0,0.0,0.012119749370587,0.0,0.012119749370587,True,2026-03-09,597386.0,-0.08410606606997229,0.08410606606997229,7.0,25,-0.8896569085475134,False,0.512135418460741,6,0.2942999744254725,13.647367607975092,0,False,-0.024436598072474967,129,automation_change_abs,3.006483706339684
2026-03-23,YouTube,STATEMENT_CATEGORY_OTHER_VIOLATION_TC,635908,568652,52235,15021,598670,0,0,9781,0,9781,0.8942362731715908,0.082142385376501,0.0236213414519081,0.941441214766916,0.0,0.0,0.0153811557646703,0.0,0.0153811557646703,True,2026-03-16,845232.0,0.08780088028537736,0.08780088028537736,7.0,25,1.1262581362708661,False,0.6114913427529429,6,0.2827449304186479,13.362810750324082,0,False,-0.033719233648909164,160,automation_change_abs,3.1464973084572936
2026-03-30,YouTube,STATEMENT_CATEGORY_OTHER_VIOLATION_TC,605284,533887,52951,18446,569516,0,0,11331,0,11331,0.8820438009265072,0.0874812484717917,0.030474950601701,0.9409070783301724,0.0,0.0,0.0187201379848137,0.0,0.0187201379848137,True,2026-03-23,635908.0,-0.012192472245083574,0.012192472245083574,7.0,25,-0.046341971064535886,False,0.7567441129032257,6,0.1252996880232815,13.313454700472441,0,False,-0.0338900156249059,162,log1p_represented_sors,1.1505550399068911
2026-04-06,YouTube,STATEMENT_CATEGORY_OTHER_VIOLATION_TC,728145,594374,52866,80905,692006,0,0,11966,0,11966,0.8162852179167611,0.0726036709721278,0.1111111111111111,0.9503684018979736,0.0,0.0,0.0164335400229349,0.0,0.0164335400229349,True,2026-03-30,605284.0,-0.06575858300974613,0.06575858300974613,7.0,25,-0.6745,False,0.6137906983110235,6,0.2024945196057376,13.49825685652202,0,False,-0.02108017602022747,108,automation_change_abs,2.3112127012798394
2026-04-13,YouTube,STATEMENT_CATEGORY_OTHER_VIOLATION_TC,4470407,4416018,38224,16165,4445518,0,0,11204,0,11204,0.9878335462520528,0.0085504518939774,0.0036160018539698,0.994432497980609,0.0,0.0,0.0025062594971777,0.0,0.0025062594971777,True,2026-04-06,728145.0,0.17154832833529166,0.17154832833529166,7.0,25,2.1083460859921255,False,0.627795562849361,6,0.3600379834026918,15.312990237592212,10,True,0.053520942324953816,16,automation_change_abs,6.320075514564836
2026-04-20,YouTube,STATEMENT_CATEGORY_OTHER_VIOLATION_TC,966967,866895,70090,29982,919568,0,0,22031,0,22031,0.8965093948397411,0.0724843764058132,0.0310062287544456,0.950981781177641,0.0,0.0,0.0227836110229201,0.0,0.0227836110229201,True,2026-04-13,4470407.0,-0.09132415141231165,0.09132415141231165,7.0,25,-0.9743018117635034,False,0.5475728334812185,6,0.3489365613585226,13.78192068185065,0,False,-0.02397509994488123,125,automation_change_abs,3.280010349427598
2026-04-27,YouTube,STATEMENT_CATEGORY_OTHER_VIOLATION_TC,1220720,873545,331153,16022,904833,0,0,15558,0,15558,0.7155981715708762,0.27127678746969,0.0131250409594337,0.7412289468510387,0.0,0.0,0.0127449374139851,0.0,0.0127449374139851,True,2026-04-20,966967.0,-0.18091122326886488,0.18091122326886488,7.0,25,-2.0248697486956853,False,0.7119660556754053,6,0.0036321158954709665,14.014952225753957,10,True,0.06263761984168985,10,automation_change_abs,6.6748789145389225
2026-05-04,YouTube,STATEMENT_CATEGORY_OTHER_VIOLATION_TC,1079455,1003705,56857,18893,1040625,0,0,17709,0,17709,0.9298256990796282,0.0526719501970902,0.0175023507232816,0.9640281438318412,0.0,0.0,0.0164055009240774,0.0,0.0164055009240774,True,2026-04-27,1220720.0,0.21422752750875196,0.21422752750875196,7.0,25,2.608835691204064,False,0.6553431573202346,6,0.2744825417593936,13.891967768495373,7,False,0.039992801882704564,20,automation_change_abs,7.937387796967634
2026-05-11,YouTube,STATEMENT_CATEGORY_OTHER_VIOLATION_TC,1105123,1026379,57826,20918,1066985,0,0,18698,0,18698,0.928746392935447,0.052325397263472,0.0189282098010809,0.9654898142559696,0.0,0.0,0.0169193836342199,0.0,0.0169193836342199,True,2026-05-04,1079455.0,-0.001079306144181169,0.001079306144181169,7.0,25,0.0839796896557064,False,0.5856368367821754,6,0.34310955615327166,13.915468103832682,0,False,-0.053384193604846364,307,log1p_represented_sors,1.3553420189598515
2026-05-18,YouTube,STATEMENT_CATEGORY_OTHER_VIOLATION_TC,615036,553834,46696,14506,581617,0,0,13025,0,13025,0.9004903777990232,0.0759240109522044,0.0235856112487724,0.9456633432839704,0.0,0.0,0.0211776221229326,0.0,0.0211776221229326,True,2026-05-11,1105123.0,-0.02825601513642384,0.02825601513642384,7.0,25,-0.23471561433081592,False,0.5746611442399147,6,0.32582923355910853,13.329437707580585,0,False,-0.06206500988968501,396,log1p_represented_sors,1.1559919815490363
2026-05-25,YouTube,STATEMENT_CATEGORY_OTHER_VIOLATION_TC,872270,778024,67078,27168,823110,0,0,19792,0,19792,0.8919531796347461,0.0769005009916654,0.0311463193735884,0.943641303724764,0.0,0.0,0.022690222064269,0.0,0.022690222064269,True,2026-05-18,615036.0,-0.008537198164277116,0.008537198164277116,7.0,25,-0.003477373858553917,False,0.5999392894509252,6,0.29201389018382085,13.678855434425586,0,False,-0.05751821220054761,344,log1p_represented_sors,1.274853455909469
2026-06-01,YouTube,STATEMENT_CATEGORY_OTHER_VIOLATION_TC,791243,696076,13683,81484,705914,0,0,8055,0,8055,0.8797246863479361,0.0172930439826955,0.1029822696693683,0.8921582876562573,0.0,0.0,0.0101801848483967,0.0,0.0101801848483967,True,2026-05-25,872270.0,-0.012228493286809972,0.012228493286809972,7.0,25,-0.04676438191811578,False,0.5618960187015569,6,0.3178286676463792,13.581361669473385,0,False,-0.07059962623924168,457,log1p_represented_sors,1.2416889889895966
2026-06-08,YouTube,STATEMENT_CATEGORY_OTHER_VIOLATION_TC,525914,512198,54,13662,513954,0,0,8092,0,8092,0.9739196902915686,0.0001026783846788,0.0259776313237525,0.9772586392451996,0.0,0.0,0.0153865460892845,0.0,0.0153865460892845,True,2026-06-01,791243.0,0.09419500394363245,0.09419500394363245,7.0,25,1.2012406215885947,False,0.5345735691986649,6,0.4393461210929036,13.172894881703476,0,False,-0.024215212104605643,127,automation_change_abs,3.388800231847874
2026-06-15,YouTube,STATEMENT_CATEGORY_OTHER_VIOLATION_TC,633900,464227,153827,15846,551957,0,0,29607,0,29607,0.7323347531156333,0.2426676131882,0.0249976336961665,0.8707319766524688,0.0,0.0,0.0467061050638902,0.0,0.0467061050638902,True,2026-06-08,525914.0,-0.2415849371759352,0.2415849371759352,7.0,25,-2.7363770803275047,False,0.6705946533374583,6,0.06174009977817507,13.359648069806902,10,True,0.07975555322221743,8,automation_change_abs,8.974086599342872
2026-06-22,YouTube,STATEMENT_CATEGORY_OTHER_VIOLATION_TC,638616,548361,78023,12232,585249,0,0,11585,0,11585,0.8586709384042993,0.1221751412429378,0.0191539203527628,0.9164333496185502,0.0,0.0,0.0181407919626191,0.0,0.0181407919626191,True,2026-06-15,633900.0,0.12633618528866597,0.12633618528866597,7.0,25,1.5781532036884078,False,0.5392761569070074,6,0.31939478149729195,13.367060179641346,0,False,-0.017084005635306286,90,automation_change_abs,4.6067782718993655
2026-06-29,YouTube,STATEMENT_CATEGORY_OTHER_VIOLATION_TC,548348,481866,49128,17354,511997,0,0,10841,0,10841,0.8787594739107282,0.0895927403765492,0.0316477857127225,0.9337081561344256,0.0,0.0,0.0197702918584548,0.0,0.0197702918584548,True,2026-06-22,638616.0,0.020088535506428862,0.020088535506428862,7.0,25,0.3322103246271939,False,0.5144443825792345,6,0.36431509133149365,13.214667224533915,0,False,-0.07191053735953079,470,log1p_represented_sors,1.1169504911496737
2026-07-06,YouTube,STATEMENT_CATEGORY_OTHER_VIOLATION_TC,527343,459062,50331,17950,491130,0,0,11373,0,11373,0.8705188084415646,0.0954426246295105,0.0340385669289248,0.9313293245572616,0.0,0.0,0.0215666084502875,0.0,0.0215666084502875,True,2026-06-29,548348.0,-0.008240665469163577,0.008240665469163577,7.0,25,0.0,False,0.548042469508209,6,0.3224763389333556,13.175608365997103,0,False,-0.07171120917461815,467,log1p_represented_sors,1.1036638340746578
2026-07-13,YouTube,STATEMENT_CATEGORY_OTHER_VIOLATION_TC,477631,408663,50487,18481,441496,0,0,9486,0,9486,0.855604012302384,0.1057029380421287,0.0386930496554871,0.924345362842864,0.0,0.0,0.0198605199411261,0.0,0.0198605199411261,True,2026-07-06,527343.0,-0.014914796139180564,0.014914796139180564,7.0,25,-0.07826606611322846,False,0.5331852459285068,6,0.32241876637387723,13.07659584049106,0,False,-0.07147432484168101,463,log1p_represented_sors,1.0699827301762888
2026-07-20,YouTube,STATEMENT_CATEGORY_OTHER_VIOLATION_TC,499298,431064,51415,16819,464678,0,0,8673,0,8673,0.8633401295418768,0.1029745763051324,0.0336852941529908,0.930662650361107,0.0,0.0,0.0173703880247868,0.0,0.0173703880247868,True,2026-07-13,477631.0,0.007736117239492746,0.007736117239492746,7.0,25,0.18735622563847684,False,0.6078511985153373,6,0.25548893102653947,13.12096039368277,0,False,-0.06284912743842652,406,log1p_represented_sors,1.0850742261038775
2026-07-27,YouTube,STATEMENT_CATEGORY_OTHER_VIOLATION_TC,549360,479690,47211,22459,515269,0,0,8386,0,8386,0.8731797000145624,0.0859381826124945,0.040882117372943,0.9379441531964468,0.0,0.0,0.0152650356778797,0.0,0.0152650356778797,True,2026-07-20,499298.0,0.009839570472685577,0.009839570472685577,7.0,25,0.2120229602223137,False,0.5846671053105369,6,0.28851259470402546,13.216511063592886,0,False,-0.06910686646912101,443,log1p_represented_sors,1.1175777101262594
2026-08-03,YouTube,STATEMENT_CATEGORY_OTHER_VIOLATION_TC,820081,462115,344852,13114,498447,0,0,9621,0,9621,0.5634992153214133,0.4205096813607436,0.0159911033178429,0.60780215612848,0.0,0.0,0.0117317679595064,0.0,0.0117317679595064,True,2026-07-27,549360.0,-0.309680484693149,0.309680484693149,7.0,25,-3.534918626411016,True,0.5641530279875919,6,0.0006538126661785881,13.61715961424077,10,True,0.10275602902346408,4,automation_change_abs,11.554541891601913
2026-08-10,YouTube,STATEMENT_CATEGORY_OTHER_VIOLATION_TC,635062,564563,58631,11868,595202,0,0,8358,0,8358,0.8889887916455401,0.0923232692241072,0.0186879391303526,0.9372344747441982,0.0,0.0,0.013160919721224,0.0,0.013160919721224,True,2026-08-03,820081.0,0.3254895763241268,0.3254895763241268,7.0,25,3.9135813276054585,True,0.5997001290611972,6,0.28928866258434294,13.36147948555201,10,True,0.06105508986517768,11,automation_change_abs,12.153621503299759
2026-08-17,YouTube,STATEMENT_CATEGORY_OTHER_VIOLATION_TC,480106,411884,54461,13761,443683,0,0,9231,0,9231,0.8579022132612382,0.1134353663565962,0.0286624203821656,0.9241355034096636,0.0,0.0,0.0192270040366085,0.0,0.0192270040366085,True,2026-08-10,635062.0,-0.031086578384301955,0.031086578384301955,7.0,25,-0.2679090085343998,False,0.5717129423536123,6,0.2861892709076259,13.081764274708512,0,False,-0.062068262544086296,397,log1p_represented_sors,1.0717408771276993
2026-08-24,YouTube,STATEMENT_CATEGORY_OTHER_VIOLATION_TC,519707,447984,56625,15098,481477,0,0,9512,0,9512,0.861993392430735,0.108955623072231,0.0290509844970339,0.926439320617194,0.0,0.0,0.0183026205150209,0.0,0.0183026205150209,True,2026-08-17,480106.0,0.004091179169496861,0.004091179169496861,7.0,25,0.14461283656362744,False,0.5850071964134768,6,0.27698619601725827,13.161022394374303,0,False,-0.06595658609749648,427,log1p_represented_sors,1.0987021221783562
2026-03-09,YouTube,STATEMENT_CATEGORY_PROTECTION_OF_MINORS,18005,0,18005,0,17661,0,0,0,0,0,0.0,1.0,0.0,0.980894196056651,0.0,0.0,0.0,0.0,0.0,True,2026-03-02,17855.0,0.0,0.0,7.0,23,,False,0.12195308741315855,4,0.12195308741315855,9.798460314668421,0,False,-0.10610002007057176,836,weekly_peer_divergence_abs,1.0683705691944148
2026-03-16,YouTube,STATEMENT_CATEGORY_PROTECTION_OF_MINORS,18328,0,18326,2,17903,0,0,0,0,0,0.0,0.999890877346137,0.0001091226538629,0.9768114360541248,0.0,0.0,0.0,0.0,0.0,True,2026-03-09,18005.0,0.0,0.0,7.0,23,,False,0.12688942195515976,4,0.12688942195515976,9.816239783971849,0,False,-0.10752384929397589,857,weekly_peer_divergence_abs,1.0577167196518362
2026-03-23,YouTube,STATEMENT_CATEGORY_PROTECTION_OF_MINORS,17770,0,17768,2,17457,0,0,0,0,0,0.0,0.9998874507597074,0.0001125492402926,0.9823860438942036,0.0,0.0,0.0,0.0,0.0,True,2026-03-16,18328.0,0.0,0.0,7.0,23,,False,0.14998675226282845,4,0.14998675226282845,9.785323194185485,0,False,-0.11368143669622463,914,weekly_peer_divergence_abs,1.0078668806995963
2026-03-30,YouTube,STATEMENT_CATEGORY_PROTECTION_OF_MINORS,19515,0,19515,0,19151,0,0,0,0,0,0.0,1.0,0.0,0.9813476812708172,0.0,0.0,0.0,0.0,0.0,True,2026-03-23,17770.0,0.0,0.0,7.0,23,,False,0.1457039121492413,4,0.1457039121492413,9.878989920935728,0,False,-0.11239696979641714,903,weekly_peer_divergence_abs,1.0171103251616442
2026-04-06,YouTube,STATEMENT_CATEGORY_PROTECTION_OF_MINORS,19688,0,19688,0,19246,0,0,0,0,0,0.0,1.0,0.0,0.9775497765136124,0.0,0.0,0.0,0.0,0.0,True,2026-03-30,19515.0,0.0,0.0,7.0,23,,False,0.16061986312939,4,0.16061986312939,9.887815383141833,0,False,-0.11631706623176889,931,weekly_peer_divergence_abs,0.9849179572872908
2026-04-13,YouTube,STATEMENT_CATEGORY_PROTECTION_OF_MINORS,13307,0,13304,3,12791,0,0,0,0,0,0.0,0.9997745547456226,0.0002254452543773,0.961223416247088,0.0,0.0,0.0,0.0,0.0,True,2026-04-06,19688.0,0.0,0.0,7.0,23,,False,0.1565124082866492,4,0.1565124082866492,9.496120637138368,0,False,-0.11914347280936241,946,weekly_peer_divergence_abs,0.9937828762925079
2026-04-20,YouTube,STATEMENT_CATEGORY_PROTECTION_OF_MINORS,28346,0,28345,1,27783,0,0,0,0,0,0.0,0.9999647216538488,3.527834615113243e-05,0.9801382911169124,0.0,0.0,0.0,0.0,0.0,True,2026-04-13,13307.0,0.0,0.0,7.0,23,,False,0.13978350875666232,4,0.13978350875666232,10.252276483450736,0,False,-0.10349508157111673,802,weekly_peer_divergence_abs,1.0298880424008685
2026-04-27,YouTube,STATEMENT_CATEGORY_PROTECTION_OF_MINORS,23748,0,23748,0,23271,0,0,0,0,0,0.0,1.0,0.0,0.9799140980293076,0.0,0.0,0.0,0.0,0.0,True,2026-04-20,28346.0,0.0,0.0,7.0,23,,False,0.1915880901954973,4,0.1915880901954973,10.075295703313177,0,False,-0.11812766731906241,942,weekly_peer_divergence_abs,0.918080746608908
2026-05-04,YouTube,STATEMENT_CATEGORY_PROTECTION_OF_MINORS,20452,0,20449,3,20042,0,0,0,0,0,0.0,0.9998533150792098,0.0001466849207901,0.9799530608253472,0.0,0.0,0.0,0.0,0.0,True,2026-04-27,23748.0,0.0,0.0,7.0,23,,False,0.3938085780411339,5,0.3938085780411339,9.925884849978166,0,False,-0.1365876747896979,1043,weekly_peer_divergence_abs,0.4816381526957293
2026-05-11,YouTube,STATEMENT_CATEGORY_PROTECTION_OF_MINORS,21149,0,21148,1,20691,0,0,0,0,0,0.0,0.9999527164404935,4.728355950635964e-05,0.9783441297460872,0.0,0.0,0.0,0.0,0.0,True,2026-05-04,20452.0,0.0,0.0,7.0,23,,False,0.2724692526017029,5,0.2724692526017029,9.959395184474424,0,False,-0.1287407603405542,999,weekly_peer_divergence_abs,0.7435188874454418
2026-05-18,YouTube,STATEMENT_CATEGORY_PROTECTION_OF_MINORS,18486,0,18486,0,18059,0,0,0,0,0,0.0,1.0,0.0,0.9769014389267554,0.0,0.0,0.0,0.0,0.0,True,2026-05-11,21149.0,0.0,0.0,7.0,23,,False,0.1955307262569832,5,0.1955307262569832,9.824823061352445,0,False,-0.12275974422579072,970,weekly_peer_divergence_abs,0.9095715479225511
2026-05-25,YouTube,STATEMENT_CATEGORY_PROTECTION_OF_MINORS,29014,0,29014,0,28546,0,0,0,0,0,0.0,1.0,0.0,0.9838698559316192,0.0,0.0,0.0,0.0,0.0,True,2026-05-18,18486.0,0.0,0.0,7.0,23,,False,0.2540772532188841,5,0.2540772532188841,10.275568216624709,0,False,-0.12011134666897014,955,weekly_peer_divergence_abs,0.7832134406700113
2026-06-01,YouTube,STATEMENT_CATEGORY_PROTECTION_OF_MINORS,6577,0,6576,1,6493,0,0,0,0,0,0.0,0.9998479549946784,0.0001520450053215,0.9872282195529876,0.0,0.0,0.0,0.0,0.0,True,2026-05-25,29014.0,0.0,0.0,7.0,23,,False,0.2902896242924938,4,0.2902896242924938,8.791486026749002,0,False,-0.1364238186118116,1042,weekly_peer_divergence_abs,0.7050580503260956
2026-06-22,YouTube,STATEMENT_CATEGORY_PROTECTION_OF_MINORS,25398,0,25398,0,25344,0,0,0,0,0,0.0,1.0,0.0,0.9978738483345144,0.0,0.0,0.0,0.0,0.0,True,2026-06-15,63572.0,0.0,0.0,7.0,23,,False,0.4387755102040816,5,0.4387755102040816,10.142465082152865,0,False,-0.13419899960276177,1028,content_removed_rate,0.47455410282923016
2026-06-29,YouTube,STATEMENT_CATEGORY_PROTECTION_OF_MINORS,25521,0,25521,0,25471,0,0,0,0,0,0.0,1.0,0.0,0.998040829121116,0.0,0.0,0.0,0.0,0.0,True,2026-06-22,25398.0,0.0,0.0,7.0,23,,False,0.4769609567358424,5,0.4769609567358424,10.147296104293922,0,False,-0.13493192489781106,1033,content_removed_rate,0.47473597581067456
2026-07-06,YouTube,STATEMENT_CATEGORY_PROTECTION_OF_MINORS,24904,0,24903,1,24849,0,0,0,0,0,0.0,0.9999598458079024,4.0154192097655e-05,0.997791519434629,0.0,0.0,0.0,0.0,0.0,True,2026-06-29,25521.0,0.0,0.0,7.0,23,,False,0.560418648905804,5,0.560418648905804,10.122823865507383,0,False,-0.13661463634212262,1044,content_removed_rate,0.47446443141980665
2026-07-13,YouTube,STATEMENT_CATEGORY_PROTECTION_OF_MINORS,24527,0,24527,0,24493,0,0,0,0,0,0.0,1.0,0.0,0.99861377257716,0.0,0.0,0.0,0.0,0.0,True,2026-07-06,24904.0,0.0,0.0,7.0,23,,False,0.5304033714629741,5,0.5304033714629741,10.107570601111595,0,False,-0.13635658951664514,1041,content_removed_rate,0.47536001727478866
2026-07-20,YouTube,STATEMENT_CATEGORY_PROTECTION_OF_MINORS,25715,189,25524,2,25688,0,0,1,0,1,0.0073497958390044,0.9925724285436516,7.777561734396267e-05,0.9989500291658564,0.0,0.0,3.8887808671981336e-05,0.0,3.8887808671981336e-05,True,2026-07-13,24527.0,0.0073497958390044,0.0073497958390044,7.0,23,,False,0.5868213841690841,5,0.5794715883300797,10.154868645261578,0,False,-0.10633849009747946,841,content_removed_rate,0.4757262629343115
2026-07-27,YouTube,STATEMENT_CATEGORY_PROTECTION_OF_MINORS,23698,124,23571,3,23666,0,0,0,0,0,0.0052325090724955,0.9946408979660732,0.0001265929614313,0.9986496750780656,0.0,0.0,0.0,0.0,0.0,True,2026-07-20,25715.0,-0.0021172867665089,0.0021172867665089,7.0,23,,False,0.6254452926208651,5,0.6202127835483696,10.0731881321402,0,False,-0.12288861876326981,971,content_removed_rate,0.47539912174311644
2026-08-03,YouTube,STATEMENT_CATEGORY_PROTECTION_OF_MINORS,34868,0,34866,2,34830,0,0,1,0,1,0.0,0.9999426408167948,5.735918320523116e-05,0.9989101755191008,0.0,0.0,2.8679591602615577e-05,0.0,2.8679591602615577e-05,True,2026-07-27,23698.0,-0.0052325090724955,0.0052325090724955,7.0,23,,False,0.567814476458187,5,0.567814476458187,10.459353461311817,0,False,-0.11122898325471675,891,content_removed_rate,0.4756828549368742
2026-08-10,YouTube,STATEMENT_CATEGORY_PROTECTION_OF_MINORS,30565,0,30562,3,30531,0,0,0,0,0,0.0,0.9999018485195486,9.81514804514968e-05,0.998887616554883,0.0,0.0,0.0,0.0,0.0,True,2026-08-03,34868.0,0.0,0.0,7.0,23,,False,0.5260377358490566,5,0.5260377358490566,10.327643559087782,0,False,-0.13296842461629915,1021,content_removed_rate,0.47565828404962374
2026-08-17,YouTube,STATEMENT_CATEGORY_PROTECTION_OF_MINORS,32050,0,32050,0,32016,0,0,0,0,0,0.0,1.0,0.0,0.9989391575663028,0.0,0.0,0.0,0.0,0.0,True,2026-08-10,30565.0,0.0,0.0,7.0,23,,False,0.8568984289936227,5,0.8568984289936227,10.375083663110118,0,False,-0.13274450341991573,1019,weekly_peer_divergence_abs,0.5178260357145579
2026-08-24,YouTube,STATEMENT_CATEGORY_PROTECTION_OF_MINORS,31296,0,31294,2,31255,0,0,0,0,0,0.0,0.9999360940695295,6.390593047034765e-05,0.998689928425358,0.0,0.0,0.0,0.0,0.0,True,2026-08-17,32050.0,0.0,0.0,7.0,23,,False,0.8706031706712906,5,0.8706031706712906,10.351277525289294,0,False,-0.13103916420102893,1016,weekly_peer_divergence_abs,0.5474043097580724
2026-03-09,YouTube,STATEMENT_CATEGORY_SCAMS_AND_FRAUD,340685,530,531,339624,338030,0,0,3187,0,3187,0.0015556892730821,0.0015586245358615,0.9968856861910562,0.992206877320692,0.0,0.0,0.0093546824779488,0.0,0.0093546824779488,True,2026-03-02,196438.0,-0.0019772320557849997,0.0019772320557849997,7.0,25,-1.9905257429226582,False,0.5474483340362716,5,0.5458926447631894,12.738716510935085,0,False,-0.07841518087763599,532,log1p_represented_sors,0.9550462739479167
2026-03-16,YouTube,STATEMENT_CATEGORY_SCAMS_AND_FRAUD,300083,565,353,299165,297466,0,0,2971,0,2971,0.0018828124218966,0.0011763412122646,0.9969408463658388,0.9912790794546842,0.0,0.0,0.0099005941689465,0.0,0.0099005941689465,True,2026-03-09,340685.0,0.00032712314881450013,0.00032712314881450013,7.0,25,0.0,False,0.6141818181818182,5,0.6122990057599216,12.611817714445653,0,False,-0.08605192555114452,616,log1p_represented_sors,0.9118790935604454
2026-03-23,YouTube,STATEMENT_CATEGORY_SCAMS_AND_FRAUD,194760,681,385,193694,189954,0,0,5191,0,5191,0.0034966112138016,0.0019767919490655,0.9945265968371328,0.9753234750462108,0.0,0.0,0.0266533169028547,0.0,0.0266533169028547,True,2026-03-16,300083.0,0.0016137987919049997,0.0016137987919049997,7.0,25,1.1114436633949145,False,0.8765334978449257,5,0.8730368866311241,12.179528444807998,0,False,-0.09418462679324073,696,log1p_represented_sors,0.7648271955263214
2026-03-30,YouTube,STATEMENT_CATEGORY_SCAMS_AND_FRAUD,188475,597,474,187404,185336,0,0,3615,0,3615,0.0031675288499801,0.0025149224035017,0.994317548746518,0.9833452712561348,0.0,0.0,0.0191802626343016,0.0,0.0191802626343016,True,2026-03-23,194760.0,-0.0003290823638214999,0.0003290823638214999,7.0,25,-0.5668370757002006,False,0.8704730514129844,5,0.8673055225630043,12.146725956809295,0,False,-0.10120311937932716,768,log1p_represented_sors,0.7536687688448217
2026-04-06,YouTube,STATEMENT_CATEGORY_SCAMS_AND_FRAUD,1444045,475,498,1443072,1440690,0,0,3854,0,3854,0.0003289371176106,0.0003448645990949,0.9993261982832944,0.9976766652008768,0.0,0.0,0.0026688918974131,0.0,0.0026688918974131,True,2026-03-30,188475.0,-0.0028385917323695,0.0028385917323695,7.0,25,-2.7345770969564107,False,0.951347000745412,5,0.9510180636278014,14.182959453883196,0,False,-0.03664466203735943,181,log1p_represented_sors,1.446334586889213
2026-04-13,YouTube,STATEMENT_CATEGORY_SCAMS_AND_FRAUD,560711,552,365,559794,558091,0,0,2987,0,2987,0.0009844643675618,0.0006509592285508,0.9983645764038872,0.9953273611539636,0.0,0.0,0.0053271649744699,0.0,0.0053271649744699,True,2026-04-06,1444045.0,0.0006555272499512001,0.0006555272499512001,7.0,25,0.2836788426060343,False,0.8906277586386415,5,0.8896432942710797,13.236962683701902,0,False,-0.0730166715157853,478,log1p_represented_sors,1.1245347404440011
2026-04-20,YouTube,STATEMENT_CATEGORY_SCAMS_AND_FRAUD,846090,555,569,844966,842534,0,0,4131,0,4131,0.000655958585966,0.0006725052890354,0.9986715361249984,0.995797137420369,0.0,0.0,0.004882459312839,0.0,0.004882459312839,True,2026-04-13,560711.0,-0.0003285057815958,0.0003285057815958,7.0,25,-0.566339018039265,False,0.9291212965307672,5,0.9284653379448012,13.64838219781548,0,False,-0.06104299018523142,384,log1p_represented_sors,1.2644873709809323
2026-04-27,YouTube,STATEMENT_CATEGORY_SCAMS_AND_FRAUD,571378,509,429,570440,568696,0,0,3119,0,3119,0.0008908288383521,0.0007508164472555,0.9983583547143924,0.995306084588486,0.0,0.0,0.0054587330978791,0.0,0.0054587330978791,True,2026-04-20,846090.0,0.00023487025238609995,0.00023487025238609995,7.0,25,-0.07968900143232205,False,0.8621473205832229,5,0.8612564917448707,13.255808016265853,0,False,-0.0783980196173254,531,log1p_represented_sors,1.130945359715065
2026-05-04,YouTube,STATEMENT_CATEGORY_SCAMS_AND_FRAUD,1189800,381,439,1188980,1187252,0,0,2988,0,2988,0.0003202218860312,0.0003689695747184,0.9993108085392504,0.997858463607329,0.0,0.0,0.0025113464447806,0.0,0.0025113464447806,True,2026-04-27,571378.0,-0.0005706069523209,0.0005706069523209,7.0,25,-0.775468501097317,False,0.9355329416701637,5,0.9352127197841325,13.98929662421298,0,False,-0.05064951401697485,286,log1p_represented_sors,1.3804562765033566
2026-05-11,YouTube,STATEMENT_CATEGORY_SCAMS_AND_FRAUD,271435,526,423,270486,267971,0,0,3887,0,3887,0.0019378488404222,0.0015583841435334,0.9965037670160444,0.9872381969900712,0.0,0.0,0.0143201871534621,0.0,0.0143201871534621,True,2026-05-04,1189800.0,0.0016176269543909999,0.0016176269543909999,7.0,25,1.114750469551042,False,0.922624385155948,5,0.9206865363155258,12.511481663127899,0,False,-0.08609155194215848,618,log1p_represented_sors,0.8777477657116364
2026-05-18,YouTube,STATEMENT_CATEGORY_SCAMS_AND_FRAUD,195271,489,330,194452,191768,0,0,3836,0,3836,0.0025042120949859,0.0016899590825058,0.9958058288225082,0.982060828284794,0.0,0.0,0.0196444940620983,0.0,0.0196444940620983,True,2026-05-11,271435.0,0.0005663632545636998,0.0005663632545636998,7.0,25,0.20665806568483772,False,0.9498789091291988,5,0.947374697034213,12.1821487374108,0,False,-0.09157774771743851,660,log1p_represented_sors,0.7657185408076186
2026-05-25,YouTube,STATEMENT_CATEGORY_SCAMS_AND_FRAUD,300640,684,472,299484,296400,0,0,4715,0,4715,0.0022751463544438,0.0015699840340606,0.9961548696114956,0.9858967535923364,0.0,0.0,0.0156832091538052,0.0,0.0156832091538052,True,2026-05-18,195271.0,-0.00022906574054209995,0.00022906574054209995,7.0,25,-0.48044168710712787,False,0.9719731573901764,5,0.9696980110357326,12.613672140879121,0,False,-0.07851195988864876,533,log1p_represented_sors,0.9125099140456142
2026-06-01,YouTube,STATEMENT_CATEGORY_SCAMS_AND_FRAUD,286050,692,80,285278,282562,0,0,3570,0,3570,0.0024191574899493,0.0002796713861213,0.9973011711239294,0.987806327565111,0.0,0.0,0.0124803356056633,0.0,0.0124803356056633,True,2026-05-25,300640.0,0.00014401113550549993,0.00014401113550549993,7.0,25,-0.158174041746012,False,0.9611578496405552,5,0.9587386921506059,12.56392539558289,0,False,-0.08197376765398821,568,log1p_represented_sors,0.8955875571178963
2026-06-08,YouTube,STATEMENT_CATEGORY_SCAMS_AND_FRAUD,296138,615,0,295523,292907,0,0,3231,0,3231,0.0020767344954041,0.0,0.997923265504596,0.9890895460899986,0.0,0.0,0.0109104539100014,0.0,0.0109104539100014,True,2026-06-01,286050.0,-0.0003424229945451999,0.0003424229945451999,7.0,25,-0.5783608498255377,False,0.9550604589165,5,0.9529837244210959,12.598584217675757,0,False,-0.08312982410590462,579,log1p_represented_sors,0.9073774532137562
2026-06-15,YouTube,STATEMENT_CATEGORY_SCAMS_AND_FRAUD,245235,781,1049,243405,241483,0,0,4813,0,4813,0.0031847003894223,0.0042775297163944,0.9925377698941832,0.9847003894223908,0.0,0.0,0.0196260729504352,0.0,0.0196260729504352,True,2026-06-08,296138.0,0.0011079658940182,0.0011079658940182,7.0,25,0.6745,False,0.8757832080200502,5,0.8725985076306279,12.409976291190677,0,False,-0.09324525424910965,678,log1p_represented_sors,0.84321866991303
2026-06-22,YouTube,STATEMENT_CATEGORY_SCAMS_AND_FRAUD,235921,997,456,234468,232479,0,0,3954,0,3954,0.0042259909037347,0.0019328504033129,0.9938411586929524,0.9854103704206068,0.0,0.0,0.0167598475760953,0.0,0.0167598475760953,True,2026-06-15,245235.0,0.0010412905143123998,0.0010412905143123998,7.0,25,0.6169051207649625,False,0.8347921225382933,5,0.8305661316345586,12.371256520903207,0,False,-0.09808220342120291,732,log1p_represented_sors,0.8300473605326463
2026-06-29,YouTube,STATEMENT_CATEGORY_SCAMS_AND_FRAUD,210868,1341,413,209114,207247,0,0,4181,0,4181,0.0063594286473054,0.0019585712388792,0.9916820001138152,0.9828281199613028,0.0,0.0,0.0198275698541267,0.0,0.0198275698541267,True,2026-06-22,235921.0,0.0021334377435707,0.0021334377435707,7.0,25,1.560313138140537,False,0.9480168776371308,5,0.9416574489898254,12.258992366568553,0,False,-0.08471851036760429,597,log1p_represented_sors,0.7918584483027766
2026-07-06,YouTube,STATEMENT_CATEGORY_SCAMS_AND_FRAUD,234803,1181,87,233535,230074,0,0,5082,0,5082,0.0050297483422273,0.0003705233749142,0.9945997282828584,0.9798597121842566,0.0,0.0,0.0216436757622347,0.0,0.0216436757622347,True,2026-06-29,210868.0,-0.0013296803050780997,0.0013296803050780997,7.0,25,-1.431163875844208,False,0.9733535631311934,5,0.9683238147889661,12.366506402566099,0,False,-0.07915097355897138,542,log1p_represented_sors,0.8284315121495854
2026-07-13,YouTube,STATEMENT_CATEGORY_SCAMS_AND_FRAUD,180316,1241,0,179075,176049,0,0,4442,0,4442,0.0068823620754675,0.0,0.9931176379245324,0.9763359879322966,0.0,0.0,0.0246345304909159,0.0,0.0246345304909159,True,2026-07-06,234803.0,0.0018526137332401998,0.0018526137332401998,7.0,25,1.3177344676830058,False,0.9653720996038484,5,0.9584897375283808,12.102471692045587,0,False,-0.08236809770647743,574,log1p_represented_sors,0.7386147897463752
2026-07-20,YouTube,STATEMENT_CATEGORY_SCAMS_AND_FRAUD,204486,822,0,203664,199239,0,0,5299,0,5299,0.0040198350987353,0.0,0.9959801649012646,0.9743405416507732,0.0,0.0,0.0259137544868597,0.0,0.0259137544868597,True,2026-07-13,180316.0,-0.0028625269767322,0.0028625269767322,7.0,25,-2.7552526073864008,False,0.9387529428551044,5,0.9347331077563691,12.228259682762204,0,False,-0.08146529424250193,566,log1p_represented_sors,0.7814041071871753
2026-07-27,YouTube,STATEMENT_CATEGORY_SCAMS_AND_FRAUD,411942,735,0,411207,406829,0,0,5133,0,5133,0.0017842317607818,0.0,0.998215768239218,0.9875880585130916,0.0,0.0,0.0124604920110112,0.0,0.0124604920110112,True,2026-07-20,204486.0,-0.0022356033379534995,0.0022356033379534995,7.0,25,-2.2137095157029134,False,0.9295105916727538,5,0.927726359911972,12.928640269245923,0,False,-0.07426275541449331,491,log1p_represented_sors,1.0196526639348642
2026-08-03,YouTube,STATEMENT_CATEGORY_SCAMS_AND_FRAUD,397484,1006,0,396478,392356,0,0,5311,0,5311,0.0025309194835515,0.0,0.9974690805164484,0.9870988517776816,0.0,0.0,0.0133615441124674,0.0,0.0133615441124674,True,2026-07-27,411942.0,0.0007466877227697,0.0007466877227697,7.0,25,0.36242419728053765,False,0.9788573151428356,5,0.976326395659284,12.892912476515452,0,False,-0.07015664733623839,449,log1p_represented_sors,1.0074991359558112
2026-08-10,YouTube,STATEMENT_CATEGORY_SCAMS_AND_FRAUD,229177,947,0,228230,223661,0,0,5524,0,5524,0.004132177312732,0.0,0.995867822687268,0.975931267099229,0.0,0.0,0.0241036404176684,0.0,0.0241036404176684,True,2026-08-03,397484.0,0.0016012578291805,0.0016012578291805,7.0,25,1.1006106507177351,False,0.9592299687825182,5,0.9550977914697862,12.342254273177373,0,False,-0.08324018396707207,582,log1p_represented_sors,0.8201816620874486
2026-08-17,YouTube,STATEMENT_CATEGORY_SCAMS_AND_FRAUD,226873,1071,0,225802,220333,0,0,6569,0,6569,0.0047207027720354,0.0,0.9952792972279646,0.9711732995993352,0.0,0.0,0.0289545252189551,0.0,0.0289545252189551,True,2026-08-10,229177.0,0.0005885254593034003,0.0005885254593034003,7.0,25,0.2258020062397677,False,0.987082579998693,5,0.9823618772266576,12.33215007627804,0,False,-0.07343374398613116,481,log1p_represented_sors,0.8167445160916602
2026-08-24,YouTube,STATEMENT_CATEGORY_SCAMS_AND_FRAUD,126469,904,0,125565,121587,0,0,4899,0,4899,0.0071479967422846,0.0,0.9928520032577152,0.9613976547612458,0.0,0.0,0.0387367655314741,0.0,0.0387367655314741,True,2026-08-17,226873.0,0.0024272939702492,0.0024272939702492,7.0,25,1.8141491712113726,False,0.9891817942646672,5,0.9820337975223826,11.747760404874022,0,False,-0.07081626693673147,460,weekly_peer_divergence_abs,0.7878995847046237
2026-03-09,YouTube,STATEMENT_CATEGORY_UNSAFE_AND_PROHIBITED_PRODUCTS,84058,76418,0,7640,15480,0,0,0,0,0,0.9091103761688358,0.0,0.0908896238311642,0.1841585571867044,0.0,0.0,0.0,0.0,0.0,True,2026-03-02,61870.0,-0.009784079948830127,0.009784079948830127,7.0,25,-0.05643583808122584,False,0.09128574645350145,2,0.8178246297153344,11.339274212223774,0,False,-0.10751882708607714,856,fully_automated_rate,0.6123780549662666
2026-03-16,YouTube,STATEMENT_CATEGORY_UNSAFE_AND_PROHIBITED_PRODUCTS,81852,70258,0,11594,14932,0,0,0,0,0,0.8583541025265112,0.0,0.1416458974734887,0.1824268191369789,0.0,0.0,0.0,0.0,0.0,True,2026-03-09,84058.0,-0.0507562736423246,0.0507562736423246,7.0,25,-1.4339832300987057,False,0.0985398249549193,2,0.7598142775715919,11.312680234540549,0,False,-0.09372959948973189,688,automation_change_abs,1.7427058015668428
2026-03-23,YouTube,STATEMENT_CATEGORY_UNSAFE_AND_PROHIBITED_PRODUCTS,61237,56804,0,4433,12719,0,0,1,0,1,0.9276091252020836,0.0,0.0723908747979163,0.2077012263827424,0.0,0.0,1.632999657070072e-05,0.0,1.632999657070072e-05,True,2026-03-16,81852.0,0.06925502267557238,0.06925502267557238,7.0,25,2.6009788588754446,False,0.15914750957854404,2,0.7684616156235395,11.022523190845115,0,False,-0.08307961746221926,577,automation_change_abs,2.44370897407161
2026-03-30,YouTube,STATEMENT_CATEGORY_UNSAFE_AND_PROHIBITED_PRODUCTS,58710,55899,0,2811,12413,0,0,0,0,0,0.952120592743996,0.0,0.047879407256004,0.2114290580820984,0.0,0.0,0.0,0.0,0.0,True,2026-03-23,61237.0,0.024511467541912357,0.024511467541912357,7.0,25,1.0966325662396599,False,0.09514053921166925,2,0.8569800535323268,10.980382381786619,0,False,-0.10016563792137696,756,automation_change_abs,0.7481686950254595
2026-04-06,YouTube,STATEMENT_CATEGORY_UNSAFE_AND_PROHIBITED_PRODUCTS,75646,70014,0,5632,16499,0,0,4,0,4,0.9255479470163656,0.0,0.0744520529836342,0.2181080295058562,0.0,0.0,5.2877878539513e-05,0.0,5.2877878539513e-05,True,2026-03-30,58710.0,-0.026572645727630406,0.026572645727630406,7.0,25,-0.6208929227398958,False,0.1473385518590998,2,0.7782093951572657,11.233833062118206,0,False,-0.10730148826556576,850,automation_change_abs,0.8262762710939314
2026-04-13,YouTube,STATEMENT_CATEGORY_UNSAFE_AND_PROHIBITED_PRODUCTS,68506,64735,0,3771,14815,0,0,1,0,1,0.9449537266808746,0.0,0.0550462733191253,0.2162584299185472,0.0,0.0,1.459726155373252e-05,0.0,1.459726155373252e-05,True,2026-04-06,75646.0,0.01940577966450907,0.01940577966450907,7.0,25,0.9249715838527465,False,0.1006935001359804,2,0.8442602265448942,11.134691208810318,0,False,-0.10377241918095315,807,fully_automated_rate,0.6530976037578
2026-04-20,YouTube,STATEMENT_CATEGORY_UNSAFE_AND_PROHIBITED_PRODUCTS,118699,111422,0,7277,37779,0,0,2,0,2,0.9386936705448234,0.0,0.0613063294551765,0.3182756383794303,0.0,0.0,1.684934161197651e-05,0.0,1.684934161197651e-05,True,2026-04-13,68506.0,-0.006260056136051184,0.006260056136051184,7.0,25,0.06204719577868492,False,0.1019984832939287,2,0.8366951872508948,11.684354580597759,0,False,-0.10588796665184066,835,fully_automated_rate,0.6459859175558068
2026-04-27,YouTube,STATEMENT_CATEGORY_UNSAFE_AND_PROHIBITED_PRODUCTS,72005,67007,0,4998,21037,0,0,0,0,0,0.9305881536004444,0.0,0.0694118463995555,0.2921602666481494,0.0,0.0,0.0,0.0,0.0,True,2026-04-20,118699.0,-0.008105516944378999,0.008105516944378999,7.0,25,0.0,False,0.1019476853594279,2,0.8286404682410166,11.184504727859496,0,False,-0.11164513954054509,898,fully_automated_rate,0.6367777105109217
2026-05-04,YouTube,STATEMENT_CATEGORY_UNSAFE_AND_PROHIBITED_PRODUCTS,77033,72655,0,4378,19021,0,0,1,0,1,0.9431672140511208,0.0,0.056832785948879,0.2469201511040722,0.0,0.0,1.2981449508652136e-05,0.0,1.2981449508652136e-05,True,2026-04-27,72005.0,0.01257906045067636,0.01257906045067636,7.0,25,0.695446913550701,False,0.2047205739084226,3,0.7384466401426982,11.252002161819139,0,False,-0.11109229275739056,889,fully_automated_rate,0.651068050516969
2026-05-11,YouTube,STATEMENT_CATEGORY_UNSAFE_AND_PROHIBITED_PRODUCTS,75217,70024,0,5193,15658,0,0,2,0,2,0.9309597564380392,0.0,0.0690402435619607,0.2081710251671829,0.0,0.0,2.658973370381696e-05,0.0,2.658973370381696e-05,True,2026-05-04,77033.0,-0.012207457613081618,0.012207457613081618,7.0,25,-0.13791347645803329,False,0.2111884695248564,3,0.7197712869131828,11.228145842997618,0,False,-0.11144843277407109,894,fully_automated_rate,0.6371998669126071
2026-05-18,YouTube,STATEMENT_CATEGORY_UNSAFE_AND_PROHIBITED_PRODUCTS,63290,57694,0,5596,13981,0,0,1,0,1,0.9115816084689524,0.0,0.0884183915310475,0.2209037762679728,0.0,0.0,1.5800284405119292e-05,0.0,1.5800284405119292e-05,True,2026-05-11,75217.0,-0.019378147969086768,0.019378147969086768,7.0,25,-0.3790029790796174,False,0.2142764941267587,3,0.6973051143421938,11.055498417928932,0,False,-0.11127763989790762,892,fully_automated_rate,0.6151854784571597
2026-05-25,YouTube,STATEMENT_CATEGORY_UNSAFE_AND_PROHIBITED_PRODUCTS,93266,88011,0,5255,17757,0,0,0,0,0,0.94365578024146,0.0,0.05634421975854,0.1903909248815216,0.0,0.0,0.0,0.0,0.0,True,2026-05-18,63290.0,0.0320741717725076,0.0320741717725076,7.0,25,1.3509021708254205,False,0.2200661361241324,3,0.7235896441173276,11.443221626520437,0,False,-0.10268367064205783,789,automation_change_abs,1.0347545419297095
2026-06-01,YouTube,STATEMENT_CATEGORY_UNSAFE_AND_PROHIBITED_PRODUCTS,70969,64834,0,6135,14413,0,0,1,0,1,0.9135538051825444,0.0,0.0864461948174555,0.2030886725189871,0.0,0.0,1.4090659301948738e-05,0.0,1.4090659301948738e-05,True,2026-05-25,93266.0,-0.030101975058915653,0.030101975058915653,7.0,25,-0.7395543361914959,False,0.2109114811568799,3,0.7026423240256645,11.170012531519028,0,False,-0.10879273773129597,864,automation_change_abs,0.9600188854511749
2026-06-08,YouTube,STATEMENT_CATEGORY_UNSAFE_AND_PROHIBITED_PRODUCTS,76641,70932,0,5709,13154,0,0,2,0,2,0.9255098446001488,0.0,0.0744901553998512,0.1716313722420114,0.0,0.0,2.6095692905885884e-05,0.0,2.6095692905885884e-05,True,2026-06-01,70969.0,0.01195603941760448,0.01195603941760448,7.0,25,0.6745,False,0.2682079379927836,3,0.6573019066073653,11.24690050833765,0,False,-0.1100393255010607,879,fully_automated_rate,0.6310085385958529
2026-06-15,YouTube,STATEMENT_CATEGORY_UNSAFE_AND_PROHIBITED_PRODUCTS,75767,64531,0,11236,19449,0,0,0,0,0,0.8517032481159343,0.0,0.1482967518840656,0.2566948671585254,0.0,0.0,0.0,0.0,0.0,True,2026-06-08,76641.0,-0.0738065964842145,0.0738065964842145,7.0,25,-2.2089700993287043,False,0.3900462387510565,3,0.46165700936487786,11.235431318905936,0,False,-0.08229466069113767,573,automation_change_abs,2.6161891603811362
2026-06-22,YouTube,STATEMENT_CATEGORY_UNSAFE_AND_PROHIBITED_PRODUCTS,96217,91095,0,5122,16658,0,0,3,0,3,0.9467661639834956,0.0,0.0532338360165043,0.1731294885519191,0.0,0.0,3.117952129041645e-05,0.0,3.117952129041645e-05,True,2026-06-15,75767.0,0.09506291586756122,0.09506291586756122,7.0,25,3.4686794322458843,False,0.392767346065372,3,0.5539988179181236,11.47437172933798,0,False,-0.06056321596938587,379,automation_change_abs,3.421689429438224
2026-06-29,YouTube,STATEMENT_CATEGORY_UNSAFE_AND_PROHIBITED_PRODUCTS,86551,80127,0,6424,17671,0,0,1,0,1,0.9257778650737716,0.0,0.0742221349262284,0.2041686404547607,0.0,0.0,1.1553881526498828e-05,0.0,1.1553881526498828e-05,True,2026-06-22,96217.0,-0.02098829890972398,0.02098829890972398,7.0,25,-0.4331386996520178,False,0.406134435501414,3,0.5196434295723575,11.368500668367409,0,False,-0.10648324392202435,843,fully_automated_rate,0.6313130210897299
2026-07-06,YouTube,STATEMENT_CATEGORY_UNSAFE_AND_PROHIBITED_PRODUCTS,76770,68917,0,7853,14417,0,0,1,0,1,0.8977074378012244,0.0,0.1022925621987755,0.1877947114758369,0.0,0.0,1.3025921583952063e-05,0.0,1.3025921583952063e-05,True,2026-06-29,86551.0,-0.02807042727254716,0.02807042727254716,7.0,25,-0.6712506135300668,False,0.2997876857749469,3,0.5979197520262776,11.248582243658692,0,False,-0.10917758353737517,867,automation_change_abs,0.8830341422785538
2026-07-13,YouTube,STATEMENT_CATEGORY_UNSAFE_AND_PROHIBITED_PRODUCTS,85625,77017,0,8608,22654,0,0,1,0,1,0.8994686131386861,0.0,0.1005313868613138,0.2645722627737226,0.0,0.0,1.1678832116788322e-05,0.0,1.1678832116788322e-05,True,2026-07-06,76770.0,0.0017611753374616734,0.0017611753374616734,7.0,25,0.3317331828109246,False,0.3636902410114579,3,0.5357783721272282,11.357744254328447,0,False,-0.10702470002027009,847,fully_automated_rate,0.601424607966084
2026-07-20,YouTube,STATEMENT_CATEGORY_UNSAFE_AND_PROHIBITED_PRODUCTS,97503,88575,0,8928,34227,0,0,0,0,0,0.908433586658872,0.0,0.0915664133411279,0.3510353527583766,0.0,0.0,0.0,0.0,0.0,True,2026-07-13,85625.0,0.008964973520185882,0.008964973520185882,7.0,25,0.5739358208602428,False,0.3091961555264307,3,0.5992374311324413,11.487648681785435,0,False,-0.11680116717959246,937,fully_automated_rate,0.6116091937108626
2026-07-27,YouTube,STATEMENT_CATEGORY_UNSAFE_AND_PROHIBITED_PRODUCTS,78229,68823,0,9406,16120,0,0,0,0,0,0.8797632591494203,0.0,0.1202367408505797,0.2060616906773703,0.0,0.0,0.0,0.0,0.0,True,2026-07-20,97503.0,-0.028670327509451643,0.028670327509451643,7.0,25,-0.6914201707912796,False,0.3136749794464237,3,0.5660882797029967,11.267408484679127,0,False,-0.10853598315887983,863,automation_change_abs,0.9057671372773283
2026-08-03,YouTube,STATEMENT_CATEGORY_UNSAFE_AND_PROHIBITED_PRODUCTS,74723,70610,0,4113,20025,0,0,2,0,2,0.9449567067703384,0.0,0.0550432932296615,0.2679897755711093,0.0,0.0,2.6765520656290568e-05,0.0,2.6765520656290568e-05,True,2026-07-27,78229.0,0.06519344762091805,0.06519344762091805,7.0,25,2.4644225356803138,False,0.351053503111974,3,0.5939032036583645,11.221556604660453,0,False,-0.0878661692010734,629,automation_change_abs,2.289797107190143
2026-08-10,YouTube,STATEMENT_CATEGORY_UNSAFE_AND_PROHIBITED_PRODUCTS,129021,118675,0,10346,24788,0,0,1,0,1,0.919811503553685,0.0,0.0801884964463149,0.1921237627983041,0.0,0.0,7.750676246502508e-06,0.0,7.750676246502508e-06,True,2026-08-03,74723.0,-0.025145203216653367,0.025145203216653367,7.0,25,-0.5729001371214015,False,0.3304290646062798,3,0.5893824389474052,11.767738211438726,0,False,-0.10222291900219882,784,automation_change_abs,0.7721838712800508
2026-08-17,YouTube,STATEMENT_CATEGORY_UNSAFE_AND_PROHIBITED_PRODUCTS,77572,70501,0,7071,12461,0,0,0,0,0,0.9088459753519312,0.0,0.0911540246480688,0.1606378590212963,0.0,0.0,0.0,0.0,0.0,True,2026-08-10,129021.0,-0.010965528201753783,0.010965528201753783,7.0,25,-0.09615792305899463,False,0.3525434642627173,3,0.5563025110892139,11.25897470748246,0,False,-0.1095597359201865,872,fully_automated_rate,0.6120776845541632
2026-08-24,YouTube,STATEMENT_CATEGORY_UNSAFE_AND_PROHIBITED_PRODUCTS,93128,87536,0,5592,15629,0,0,0,0,0,0.939953612232626,0.0,0.0600463877673739,0.1678227815479769,0.0,0.0,0.0,0.0,0.0,True,2026-08-17,77572.0,0.031107636880694733,0.031107636880694733,7.0,25,1.3184057995187968,False,0.3573162657250055,3,0.5826373465076204,11.44174090777954,0,False,-0.10372169119519214,806,automation_change_abs,0.9981280638754572
