week_start,platform_name,category,represented_sors,fully_auto_sors,partially_auto_sors,not_auto_sors,content_removed_sors,account_terminated_sors,account_suspended_sors,service_terminated_sors,service_suspended_sors,account_or_service_restriction_sors,fully_automated_rate,partially_automated_rate,not_automated_rate,content_removed_rate,account_terminated_rate,account_suspended_rate,service_terminated_rate,service_suspended_rate,account_or_service_restriction_rate,complete_study_week
2026-02-23,Instagram,STATEMENT_CATEGORY_CYBER_VIOLENCE,245,0,158,87,130,115,0,0,0,115,0.0,0.6448979591836734,0.3551020408163265,0.5306122448979592,0.46938775510204084,0.0,0.0,0.0,0.46938775510204084,False
2026-02-23,Instagram,STATEMENT_CATEGORY_DATA_PROTECTION_AND_PRIVACY_VIOLATIONS,40136,0,40101,35,46,40090,0,0,0,40090,0.0,0.9991279649192745,0.0008720350807255332,0.001146103248953558,0.9988538967510464,0.0,0.0,0.0,0.9988538967510464,False
2026-02-23,Instagram,STATEMENT_CATEGORY_ILLEGAL_OR_HARMFUL_SPEECH,1189,0,1067,122,950,5,0,0,0,5,0.0,0.8973927670311186,0.10260723296888141,0.798990748528175,0.004205214465937763,0.0,0.0,0.0,0.004205214465937763,False
2026-02-23,Instagram,STATEMENT_CATEGORY_INTELLECTUAL_PROPERTY_INFRINGEMENTS,747,0,497,250,697,50,0,0,0,50,0.0,0.6653279785809906,0.33467202141900937,0.9330655957161981,0.06693440428380187,0.0,0.0,0.0,0.06693440428380187,False
2026-02-23,Instagram,STATEMENT_CATEGORY_OTHER_VIOLATION_TC,64882,0,58215,6667,14996,49876,0,0,0,49876,0.0,0.8972442279831078,0.1027557720168922,0.2311272772109368,0.7687185968373355,0.0,0.0,0.0,0.7687185968373355,False
2026-02-23,Instagram,STATEMENT_CATEGORY_PROTECTION_OF_MINORS,4169,0,3735,434,1446,2722,0,0,0,2722,0.0,0.8958982969537059,0.10410170304629407,0.3468457663708323,0.6529143679539458,0.0,0.0,0.0,0.6529143679539458,False
2026-02-23,Instagram,STATEMENT_CATEGORY_SCAMS_AND_FRAUD,142315,0,141875,440,233,142082,0,0,0,142082,0.0,0.9969082668727822,0.0030917331272177916,0.001637213224185785,0.9983627867758142,0.0,0.0,0.0,0.9983627867758142,False
2026-02-23,Instagram,STATEMENT_CATEGORY_SELF_HARM,559,0,429,130,557,0,0,0,0,0,0.0,0.7674418604651163,0.23255813953488372,0.9964221824686941,0.0,0.0,0.0,0.0,0.0,False
2026-02-23,Instagram,STATEMENT_CATEGORY_UNSAFE_AND_PROHIBITED_PRODUCTS,444,0,309,135,347,97,0,0,0,97,0.0,0.6959459459459459,0.30405405405405406,0.7815315315315315,0.21846846846846846,0.0,0.0,0.0,0.21846846846846846,False
2026-02-23,Instagram,STATEMENT_CATEGORY_VIOLENCE,5341,0,4892,449,4027,131,0,0,0,131,0.0,0.9159333458153904,0.08406665418460962,0.7539786556824565,0.02452724208949635,0.0,0.0,0.0,0.02452724208949635,False
2026-02-23,LinkedIn,STATEMENT_CATEGORY_CYBER_VIOLENCE,175,0,0,175,175,0,0,0,0,0,0.0,0.0,1.0,1.0,0.0,0.0,0.0,0.0,0.0,False
2026-02-23,LinkedIn,STATEMENT_CATEGORY_ILLEGAL_OR_HARMFUL_SPEECH,42,0,0,42,42,0,0,0,0,0,0.0,0.0,1.0,1.0,0.0,0.0,0.0,0.0,0.0,False
2026-02-23,LinkedIn,STATEMENT_CATEGORY_INTELLECTUAL_PROPERTY_INFRINGEMENTS,1,0,0,1,1,0,0,0,0,0,0.0,0.0,1.0,1.0,0.0,0.0,0.0,0.0,0.0,False
2026-02-23,LinkedIn,STATEMENT_CATEGORY_NEGATIVE_EFFECTS_ON_CIVIC_DISCOURSE_OR_ELECTIONS,2,0,0,2,1,0,0,0,0,0,0.0,0.0,1.0,0.5,0.0,0.0,0.0,0.0,0.0,False
2026-02-23,LinkedIn,STATEMENT_CATEGORY_OTHER_VIOLATION_TC,338,177,0,161,236,0,5,1,0,6,0.5236686390532544,0.0,0.47633136094674555,0.6982248520710059,0.0,0.014792899408284023,0.0029585798816568047,0.0,0.01775147928994083,False
2026-02-23,LinkedIn,STATEMENT_CATEGORY_SCAMS_AND_FRAUD,14,0,0,14,14,0,0,0,0,0,0.0,0.0,1.0,1.0,0.0,0.0,0.0,0.0,0.0,False
2026-02-23,LinkedIn,STATEMENT_CATEGORY_SELF_HARM,1,0,0,1,1,0,0,0,0,0,0.0,0.0,1.0,1.0,0.0,0.0,0.0,0.0,0.0,False
2026-02-23,LinkedIn,STATEMENT_CATEGORY_UNSAFE_AND_PROHIBITED_PRODUCTS,58,33,0,25,58,0,0,0,0,0,0.5689655172413793,0.0,0.43103448275862066,1.0,0.0,0.0,0.0,0.0,0.0,False
2026-02-23,LinkedIn,STATEMENT_CATEGORY_VIOLENCE,10,0,0,10,10,0,0,0,0,0,0.0,0.0,1.0,1.0,0.0,0.0,0.0,0.0,0.0,False
2026-02-23,Roblox,STATEMENT_CATEGORY_CYBER_VIOLENCE,16308,14348,0,1960,0,23,1951,0,0,1974,0.87981358842286,0.0,0.12018641157714005,0.0,0.0014103507480990925,0.1196345351974491,0.0,0.0,0.1210448859455482,False
2026-02-23,Roblox,STATEMENT_CATEGORY_DATA_PROTECTION_AND_PRIVACY_VIOLATIONS,287,255,0,32,0,84,146,0,0,230,0.8885017421602788,0.0,0.11149825783972125,0.0,0.2926829268292683,0.5087108013937283,0.0,0.0,0.8013937282229965,False
2026-02-23,Roblox,STATEMENT_CATEGORY_ILLEGAL_OR_HARMFUL_SPEECH,5341,4588,0,753,0,583,1263,0,0,1846,0.8590151656993072,0.0,0.14098483430069275,0.0,0.109155588841041,0.236472570679648,0.0,0.0,0.345628159520689,False
2026-02-23,Roblox,STATEMENT_CATEGORY_INTELLECTUAL_PROPERTY_INFRINGEMENTS,6,0,0,6,0,4,2,0,0,6,0.0,0.0,1.0,0.0,0.6666666666666666,0.3333333333333333,0.0,0.0,1.0,False
2026-02-23,Roblox,STATEMENT_CATEGORY_NEGATIVE_EFFECTS_ON_CIVIC_DISCOURSE_OR_ELECTIONS,2,1,0,1,0,0,2,0,0,2,0.5,0.0,0.5,0.0,0.0,1.0,0.0,0.0,1.0,False
2026-02-23,Roblox,STATEMENT_CATEGORY_OTHER_VIOLATION_TC,1061679,1060149,0,1530,0,1059864,1341,0,0,1061205,0.9985588864430774,0.0,0.0014411135569225727,0.0,0.9982904437216898,0.0012630936469497842,0.0,0.0,0.9995535373686397,False
2026-02-23,Roblox,STATEMENT_CATEGORY_PROTECTION_OF_MINORS,70,25,0,45,0,69,1,0,0,70,0.35714285714285715,0.0,0.6428571428571429,0.0,0.9857142857142858,0.014285714285714285,0.0,0.0,1.0,False
2026-02-23,Roblox,STATEMENT_CATEGORY_RISK_FOR_PUBLIC_SECURITY,129,121,0,8,0,60,69,0,0,129,0.937984496124031,0.0,0.06201550387596899,0.0,0.46511627906976744,0.5348837209302325,0.0,0.0,1.0,False
2026-02-23,Roblox,STATEMENT_CATEGORY_SCAMS_AND_FRAUD,1438,1359,0,79,0,471,440,0,0,911,0.9450625869262865,0.0,0.05493741307371349,0.0,0.327538247566064,0.30598052851182195,0.0,0.0,0.633518776077886,False
2026-02-23,Roblox,STATEMENT_CATEGORY_UNSAFE_AND_PROHIBITED_PRODUCTS,36,26,0,10,0,1,32,0,0,33,0.7222222222222222,0.0,0.2777777777777778,0.0,0.027777777777777776,0.8888888888888888,0.0,0.0,0.9166666666666666,False
2026-02-23,Roblox,STATEMENT_CATEGORY_VIOLENCE,282,49,0,233,0,212,56,0,0,268,0.17375886524822695,0.0,0.8262411347517731,0.0,0.75177304964539,0.19858156028368795,0.0,0.0,0.950354609929078,False
2026-02-23,Snapchat,STATEMENT_CATEGORY_CYBER_VIOLENCE,2189,143,0,2046,2019,0,170,0,0,170,0.06532663316582915,0.0,0.9346733668341709,0.9223389675650983,0.0,0.07766103243490179,0.0,0.0,0.07766103243490179,False
2026-02-23,Snapchat,STATEMENT_CATEGORY_ILLEGAL_OR_HARMFUL_SPEECH,405,6,0,399,397,0,8,0,0,8,0.014814814814814815,0.0,0.9851851851851852,0.980246913580247,0.0,0.019753086419753086,0.0,0.0,0.019753086419753086,False
2026-02-23,Snapchat,STATEMENT_CATEGORY_OTHER_VIOLATION_TC,8561,2180,0,6381,4912,0,1053,0,0,1053,0.2546431491648172,0.0,0.7453568508351828,0.5737647471089826,0.0,0.12299964957364794,0.0,0.0,0.12299964957364794,False
2026-02-23,Snapchat,STATEMENT_CATEGORY_PROTECTION_OF_MINORS,380,237,0,143,144,0,236,0,0,236,0.6236842105263158,0.0,0.3763157894736842,0.37894736842105264,0.0,0.6210526315789474,0.0,0.0,0.6210526315789474,False
2026-02-23,Snapchat,STATEMENT_CATEGORY_RISK_FOR_PUBLIC_SECURITY,8,0,0,8,6,0,2,0,0,2,0.0,0.0,1.0,0.75,0.0,0.25,0.0,0.0,0.25,False
2026-02-23,Snapchat,STATEMENT_CATEGORY_SCAMS_AND_FRAUD,888,8,0,880,825,0,63,0,0,63,0.009009009009009009,0.0,0.990990990990991,0.9290540540540541,0.0,0.07094594594594594,0.0,0.0,0.07094594594594594,False
2026-02-23,Snapchat,STATEMENT_CATEGORY_SELF_HARM,8,0,0,8,8,0,0,0,0,0,0.0,0.0,1.0,1.0,0.0,0.0,0.0,0.0,0.0,False
2026-02-23,Snapchat,STATEMENT_CATEGORY_UNSAFE_AND_PROHIBITED_PRODUCTS,2466,440,0,2026,1832,0,634,0,0,634,0.17842660178426603,0.0,0.8215733982157339,0.7429034874290349,0.0,0.2570965125709651,0.0,0.0,0.2570965125709651,False
2026-02-23,Snapchat,STATEMENT_CATEGORY_VIOLENCE,301,3,0,298,288,0,13,0,0,13,0.009966777408637873,0.0,0.9900332225913622,0.9568106312292359,0.0,0.04318936877076412,0.0,0.0,0.04318936877076412,False
2026-02-23,TikTok,STATEMENT_CATEGORY_ANIMAL_WELFARE,613,482,0,131,542,0,0,0,0,0,0.7862969004893964,0.0,0.2137030995106036,0.8841761827079935,0.0,0.0,0.0,0.0,0.0,False
2026-02-23,TikTok,STATEMENT_CATEGORY_DATA_PROTECTION_AND_PRIVACY_VIOLATIONS,2707,2700,0,7,2706,0,0,0,0,0,0.9974141115626154,0.0,0.0025858884373845584,0.9996305873660879,0.0,0.0,0.0,0.0,0.0,False
2026-02-23,TikTok,STATEMENT_CATEGORY_ILLEGAL_OR_HARMFUL_SPEECH,227621,194090,0,33531,208626,0,0,0,0,0,0.8526893388571353,0.0,0.14731066114286467,0.9165498789654734,0.0,0.0,0.0,0.0,0.0,False
2026-02-23,TikTok,STATEMENT_CATEGORY_INTELLECTUAL_PROPERTY_INFRINGEMENTS,577,415,0,162,0,0,0,0,0,0,0.7192374350086655,0.0,0.2807625649913345,0.0,0.0,0.0,0.0,0.0,0.0,False
2026-02-23,TikTok,STATEMENT_CATEGORY_NEGATIVE_EFFECTS_ON_CIVIC_DISCOURSE_OR_ELECTIONS,2673,2228,0,445,985,0,0,0,0,0,0.8335203890759446,0.0,0.16647961092405536,0.3684998129442574,0.0,0.0,0.0,0.0,0.0,False
2026-02-23,TikTok,STATEMENT_CATEGORY_OTHER_VIOLATION_TC,1238361,1181739,0,56622,429021,1446,0,0,0,1446,0.9542766608444548,0.0,0.04572333915554511,0.34644259630269364,0.001167672431544598,0.0,0.0,0.0,0.001167672431544598,False
2026-02-23,TikTok,STATEMENT_CATEGORY_PROTECTION_OF_MINORS,11769,4388,0,7381,5535,733,0,0,0,733,0.3728439119721302,0.0,0.6271560880278698,0.47030333928116236,0.06228226697255502,0.0,0.0,0.0,0.06228226697255502,False
2026-02-23,TikTok,STATEMENT_CATEGORY_SCAMS_AND_FRAUD,40378,38791,0,1587,34296,0,0,0,0,0,0.9606964188419437,0.0,0.03930358115805637,0.8493734211699441,0.0,0.0,0.0,0.0,0.0,False
2026-02-23,TikTok,STATEMENT_CATEGORY_SELF_HARM,2438,2019,0,419,1959,0,0,0,0,0,0.828137817883511,0.0,0.17186218211648893,0.8035274815422477,0.0,0.0,0.0,0.0,0.0,False
2026-02-23,TikTok,STATEMENT_CATEGORY_VIOLENCE,34541,32424,0,2117,27801,0,0,0,0,0,0.9387105179352074,0.0,0.061289482064792566,0.8048695752873397,0.0,0.0,0.0,0.0,0.0,False
2026-02-23,X,STATEMENT_CATEGORY_ANIMAL_WELFARE,1,0,0,1,0,0,1,0,0,1,0.0,0.0,1.0,0.0,0.0,1.0,0.0,0.0,1.0,False
2026-02-23,X,STATEMENT_CATEGORY_CYBER_VIOLENCE,113,10,0,103,0,0,0,0,0,0,0.08849557522123894,0.0,0.911504424778761,0.0,0.0,0.0,0.0,0.0,0.0,False
2026-02-23,X,STATEMENT_CATEGORY_DATA_PROTECTION_AND_PRIVACY_VIOLATIONS,1,0,0,1,0,0,0,0,0,0,0.0,0.0,1.0,0.0,0.0,0.0,0.0,0.0,0.0,False
2026-02-23,X,STATEMENT_CATEGORY_INTELLECTUAL_PROPERTY_INFRINGEMENTS,154,0,0,154,0,0,90,0,0,90,0.0,0.0,1.0,0.0,0.0,0.5844155844155844,0.0,0.0,0.5844155844155844,False
2026-02-23,X,STATEMENT_CATEGORY_OTHER_VIOLATION_TC,575,413,0,162,0,0,12,0,0,12,0.7182608695652174,0.0,0.2817391304347826,0.0,0.0,0.020869565217391306,0.0,0.0,0.020869565217391306,False
2026-02-23,X,STATEMENT_CATEGORY_PROTECTION_OF_MINORS,203,1,0,202,0,0,202,0,0,202,0.0049261083743842365,0.0,0.9950738916256158,0.0,0.0,0.9950738916256158,0.0,0.0,0.9950738916256158,False
2026-02-23,X,STATEMENT_CATEGORY_SCAMS_AND_FRAUD,531,428,0,103,0,0,21,0,0,21,0.8060263653483992,0.0,0.19397363465160075,0.0,0.0,0.03954802259887006,0.0,0.0,0.03954802259887006,False
2026-02-23,X,STATEMENT_CATEGORY_SELF_HARM,16,0,0,16,0,0,0,0,0,0,0.0,0.0,1.0,0.0,0.0,0.0,0.0,0.0,0.0,False
2026-02-23,X,STATEMENT_CATEGORY_UNSAFE_AND_PROHIBITED_PRODUCTS,6,0,0,6,0,0,6,0,0,6,0.0,0.0,1.0,0.0,0.0,1.0,0.0,0.0,1.0,False
2026-02-23,X,STATEMENT_CATEGORY_VIOLENCE,271,213,0,58,0,0,7,0,0,7,0.7859778597785978,0.0,0.2140221402214022,0.0,0.0,0.025830258302583026,0.0,0.0,0.025830258302583026,False
2026-02-23,YouTube,STATEMENT_CATEGORY_CONSUMER_INFORMATION,4025,2881,0,1144,3892,0,0,132,0,132,0.7157763975155279,0.0,0.28422360248447204,0.9669565217391304,0.0,0.0,0.03279503105590062,0.0,0.03279503105590062,False
2026-02-23,YouTube,STATEMENT_CATEGORY_DATA_PROTECTION_AND_PRIVACY_VIOLATIONS,105,0,58,47,96,0,0,1,0,1,0.0,0.5523809523809524,0.44761904761904764,0.9142857142857143,0.0,0.0,0.009523809523809525,0.0,0.009523809523809525,False
2026-02-23,YouTube,STATEMENT_CATEGORY_ILLEGAL_OR_HARMFUL_SPEECH,82,0,79,3,79,0,0,11,0,11,0.0,0.9634146341463414,0.036585365853658534,0.9634146341463414,0.0,0.0,0.13414634146341464,0.0,0.13414634146341464,False
2026-02-23,YouTube,STATEMENT_CATEGORY_INTELLECTUAL_PROPERTY_INFRINGEMENTS,526,0,437,89,495,0,0,12,0,12,0.0,0.8307984790874525,0.16920152091254753,0.94106463878327,0.0,0.0,0.022813688212927757,0.0,0.022813688212927757,False
2026-02-23,YouTube,STATEMENT_CATEGORY_NEGATIVE_EFFECTS_ON_CIVIC_DISCOURSE_OR_ELECTIONS,189,81,0,108,10,0,0,0,0,0,0.42857142857142855,0.0,0.5714285714285714,0.05291005291005291,0.0,0.0,0.0,0.0,0.0,False
2026-02-23,YouTube,STATEMENT_CATEGORY_OTHER_VIOLATION_TC,72809,65073,6829,907,67761,0,0,1226,0,1226,0.8937493991127471,0.0937933497232485,0.01245725116400445,0.9306679119339643,0.0,0.0,0.016838577648367648,0.0,0.016838577648367648,False
2026-02-23,YouTube,STATEMENT_CATEGORY_PROTECTION_OF_MINORS,3616,0,3616,0,3607,0,0,0,0,0,0.0,1.0,0.0,0.9975110619469026,0.0,0.0,0.0,0.0,0.0,False
2026-02-23,YouTube,STATEMENT_CATEGORY_SCAMS_AND_FRAUD,13700,90,88,13522,13438,0,0,350,0,350,0.006569343065693431,0.006423357664233576,0.987007299270073,0.9808759124087592,0.0,0.0,0.025547445255474453,0.0,0.025547445255474453,False
2026-02-23,YouTube,STATEMENT_CATEGORY_UNSAFE_AND_PROHIBITED_PRODUCTS,8431,7318,0,1113,1565,0,0,0,0,0,0.8679871901316569,0.0,0.13201280986834302,0.18562448108172222,0.0,0.0,0.0,0.0,0.0,False
2026-02-23,YouTube,STATEMENT_CATEGORY_VIOLENCE,104,81,0,23,104,0,0,0,0,0,0.7788461538461539,0.0,0.22115384615384615,1.0,0.0,0.0,0.0,0.0,0.0,False
2026-03-02,Instagram,STATEMENT_CATEGORY_CYBER_VIOLENCE,2430,0,1841,589,1398,1032,0,0,0,1032,0.0,0.7576131687242799,0.24238683127572017,0.5753086419753086,0.4246913580246914,0.0,0.0,0.0,0.4246913580246914,True
2026-03-02,Instagram,STATEMENT_CATEGORY_DATA_PROTECTION_AND_PRIVACY_VIOLATIONS,138138,0,137907,231,460,137678,0,0,0,137678,0.0,0.9983277591973244,0.0016722408026755853,0.00333000333000333,0.9966699966699967,0.0,0.0,0.0,0.9966699966699967,True
2026-03-02,Instagram,STATEMENT_CATEGORY_ILLEGAL_OR_HARMFUL_SPEECH,9160,0,7897,1263,6964,24,0,0,0,24,0.0,0.862117903930131,0.137882096069869,0.7602620087336245,0.0026200873362445414,0.0,0.0,0.0,0.0026200873362445414,True
2026-03-02,Instagram,STATEMENT_CATEGORY_INTELLECTUAL_PROPERTY_INFRINGEMENTS,7251,0,2405,4846,6629,622,0,0,0,622,0.0,0.33167838918769826,0.6683216108123018,0.9142187284512481,0.0857812715487519,0.0,0.0,0.0,0.0857812715487519,True
2026-03-02,Instagram,STATEMENT_CATEGORY_OTHER_VIOLATION_TC,476403,0,420600,55803,128001,348339,18,0,0,348357,0.0,0.8828659769145031,0.11713402308549695,0.26868218713987946,0.7311855718792702,3.778313738578472e-05,0.0,0.0,0.731223355016656,True
2026-03-02,Instagram,STATEMENT_CATEGORY_PROTECTION_OF_MINORS,30534,0,26763,3771,10640,19894,0,0,0,19894,0.0,0.8764983297307919,0.1235016702692081,0.34846400733608435,0.6515359926639156,0.0,0.0,0.0,0.6515359926639156,True
2026-03-02,Instagram,STATEMENT_CATEGORY_SCAMS_AND_FRAUD,1149180,0,1145370,3810,2527,1146653,0,0,0,1146653,0.0,0.9966845924920378,0.003315407507962199,0.002198959257905637,0.9978010407420944,0.0,0.0,0.0,0.9978010407420944,True
2026-03-02,Instagram,STATEMENT_CATEGORY_SELF_HARM,4154,0,3244,910,4129,0,0,0,0,0,0.0,0.7809340394800193,0.21906596051998073,0.9939817043813192,0.0,0.0,0.0,0.0,0.0,True
2026-03-02,Instagram,STATEMENT_CATEGORY_UNSAFE_AND_PROHIBITED_PRODUCTS,4575,0,2714,1861,3774,789,0,0,0,789,0.0,0.593224043715847,0.40677595628415303,0.8249180327868852,0.17245901639344263,0.0,0.0,0.0,0.17245901639344263,True
2026-03-02,Instagram,STATEMENT_CATEGORY_VIOLENCE,28146,0,21525,6621,18568,1766,0,0,0,1766,0.0,0.7647623108079301,0.23523768919206992,0.6597029773324806,0.06274426206210473,0.0,0.0,0.0,0.06274426206210473,True
2026-03-02,LinkedIn,STATEMENT_CATEGORY_CYBER_VIOLENCE,1086,0,0,1086,1086,0,0,0,0,0,0.0,0.0,1.0,1.0,0.0,0.0,0.0,0.0,0.0,True
2026-03-02,LinkedIn,STATEMENT_CATEGORY_ILLEGAL_OR_HARMFUL_SPEECH,628,0,0,628,627,0,0,1,0,1,0.0,0.0,1.0,0.9984076433121019,0.0,0.0,0.0015923566878980893,0.0,0.0015923566878980893,True
2026-03-02,LinkedIn,STATEMENT_CATEGORY_INTELLECTUAL_PROPERTY_INFRINGEMENTS,15,0,0,15,15,0,0,0,0,0,0.0,0.0,1.0,1.0,0.0,0.0,0.0,0.0,0.0,True
2026-03-02,LinkedIn,STATEMENT_CATEGORY_NEGATIVE_EFFECTS_ON_CIVIC_DISCOURSE_OR_ELECTIONS,38,3,0,35,27,0,0,0,0,0,0.07894736842105263,0.0,0.9210526315789473,0.7105263157894737,0.0,0.0,0.0,0.0,0.0,True
2026-03-02,LinkedIn,STATEMENT_CATEGORY_OTHER_VIOLATION_TC,6766,3225,0,3541,5885,0,52,3,0,55,0.47664794561040497,0.0,0.5233520543895951,0.8697901271061188,0.0,0.007685486254803429,0.0004433934377771209,0.0,0.00812887969258055,True
2026-03-02,LinkedIn,STATEMENT_CATEGORY_RISK_FOR_PUBLIC_SECURITY,1,0,0,1,1,0,0,0,0,0,0.0,0.0,1.0,1.0,0.0,0.0,0.0,0.0,0.0,True
2026-03-02,LinkedIn,STATEMENT_CATEGORY_SCAMS_AND_FRAUD,348,19,0,329,348,0,0,0,0,0,0.05459770114942529,0.0,0.9454022988505747,1.0,0.0,0.0,0.0,0.0,0.0,True
2026-03-02,LinkedIn,STATEMENT_CATEGORY_UNSAFE_AND_PROHIBITED_PRODUCTS,645,298,0,347,645,0,0,0,0,0,0.462015503875969,0.0,0.537984496124031,1.0,0.0,0.0,0.0,0.0,0.0,True
2026-03-02,LinkedIn,STATEMENT_CATEGORY_VIOLENCE,105,0,0,105,105,0,0,0,0,0,0.0,0.0,1.0,1.0,0.0,0.0,0.0,0.0,0.0,True
2026-03-02,Roblox,STATEMENT_CATEGORY_CYBER_VIOLENCE,60511,49581,0,10930,0,93,12206,0,0,12299,0.8193716844871181,0.0,0.18062831551288194,0.0,0.001536910644345656,0.20171539059014063,0.0,0.0,0.2032523012344863,True
2026-03-02,Roblox,STATEMENT_CATEGORY_DATA_PROTECTION_AND_PRIVACY_VIOLATIONS,1012,858,0,154,0,134,623,0,0,757,0.8478260869565217,0.0,0.15217391304347827,0.0,0.1324110671936759,0.6156126482213439,0.0,0.0,0.7480237154150198,True
2026-03-02,Roblox,STATEMENT_CATEGORY_ILLEGAL_OR_HARMFUL_SPEECH,29769,18505,0,11264,0,9436,7966,0,0,17402,0.6216198058382881,0.0,0.37838019416171187,0.0,0.3169740333904397,0.2675938056367362,0.0,0.0,0.5845678390271759,True
2026-03-02,Roblox,STATEMENT_CATEGORY_INTELLECTUAL_PROPERTY_INFRINGEMENTS,88,0,0,88,0,41,47,0,0,88,0.0,0.0,1.0,0.0,0.4659090909090909,0.5340909090909091,0.0,0.0,1.0,True
2026-03-02,Roblox,STATEMENT_CATEGORY_NEGATIVE_EFFECTS_ON_CIVIC_DISCOURSE_OR_ELECTIONS,19,10,0,9,0,0,8,0,0,8,0.5263157894736842,0.0,0.47368421052631576,0.0,0.0,0.42105263157894735,0.0,0.0,0.42105263157894735,True
2026-03-02,Roblox,STATEMENT_CATEGORY_OTHER_VIOLATION_TC,5125458,5115674,0,9784,50,5116725,7069,0,0,5123794,0.9980910974199769,0.0,0.0019089025800230926,9.755225776896425e-06,0.9982961522658073,0.0013791938203376168,0.0,0.0,0.9996753460861448,True
2026-03-02,Roblox,STATEMENT_CATEGORY_PROTECTION_OF_MINORS,862,128,0,734,0,831,31,0,0,862,0.14849187935034802,0.0,0.851508120649652,0.0,0.9640371229698376,0.03596287703016241,0.0,0.0,1.0,True
2026-03-02,Roblox,STATEMENT_CATEGORY_RISK_FOR_PUBLIC_SECURITY,1840,1758,0,82,0,1562,278,0,0,1840,0.9554347826086956,0.0,0.04456521739130435,0.0,0.8489130434782609,0.15108695652173912,0.0,0.0,1.0,True
2026-03-02,Roblox,STATEMENT_CATEGORY_SCAMS_AND_FRAUD,120814,120303,0,511,0,108293,9732,0,0,118025,0.995770357739997,0.0,0.00422964226000298,0.0,0.8963613488502988,0.08055357822768884,0.0,0.0,0.9769149270779877,True
2026-03-02,Roblox,STATEMENT_CATEGORY_UNSAFE_AND_PROHIBITED_PRODUCTS,286,196,0,90,0,7,258,0,0,265,0.6853146853146853,0.0,0.3146853146853147,0.0,0.024475524475524476,0.9020979020979021,0.0,0.0,0.9265734265734266,True
2026-03-02,Roblox,STATEMENT_CATEGORY_VIOLENCE,2315,439,0,1876,0,1742,523,0,0,2265,0.1896328293736501,0.0,0.8103671706263499,0.0,0.7524838012958963,0.22591792656587473,0.0,0.0,0.978401727861771,True
2026-03-02,Snapchat,STATEMENT_CATEGORY_CYBER_VIOLENCE,11716,878,0,10838,10744,0,972,0,0,972,0.07494025264595425,0.0,0.9250597473540457,0.9170365312393308,0.0,0.08296346876066917,0.0,0.0,0.08296346876066917,True
2026-03-02,Snapchat,STATEMENT_CATEGORY_ILLEGAL_OR_HARMFUL_SPEECH,2017,38,0,1979,1973,0,44,0,0,44,0.018839861179970253,0.0,0.9811601388200297,0.9781854238968766,0.0,0.02181457610312345,0.0,0.0,0.02181457610312345,True
2026-03-02,Snapchat,STATEMENT_CATEGORY_INTELLECTUAL_PROPERTY_INFRINGEMENTS,207,0,0,207,207,0,0,0,0,0,0.0,0.0,1.0,1.0,0.0,0.0,0.0,0.0,0.0,True
2026-03-02,Snapchat,STATEMENT_CATEGORY_OTHER_VIOLATION_TC,55126,13860,0,41266,30101,0,6564,0,0,6564,0.25142401044879004,0.0,0.74857598955121,0.5460399811341291,0.0,0.11907266988353953,0.0,0.0,0.11907266988353953,True
2026-03-02,Snapchat,STATEMENT_CATEGORY_PROTECTION_OF_MINORS,2427,1370,0,1057,900,0,1527,0,0,1527,0.5644829007004533,0.0,0.43551709929954674,0.37082818294190356,0.0,0.6291718170580964,0.0,0.0,0.6291718170580964,True
2026-03-02,Snapchat,STATEMENT_CATEGORY_RISK_FOR_PUBLIC_SECURITY,224,3,0,221,210,0,14,0,0,14,0.013392857142857142,0.0,0.9866071428571429,0.9375,0.0,0.0625,0.0,0.0,0.0625,True
2026-03-02,Snapchat,STATEMENT_CATEGORY_SCAMS_AND_FRAUD,5317,99,0,5218,4740,0,577,0,0,577,0.01861952228700395,0.0,0.9813804777129961,0.8914801579838255,0.0,0.10851984201617454,0.0,0.0,0.10851984201617454,True
2026-03-02,Snapchat,STATEMENT_CATEGORY_SELF_HARM,65,0,0,65,60,0,5,0,0,5,0.0,0.0,1.0,0.9230769230769231,0.0,0.07692307692307693,0.0,0.0,0.07692307692307693,True
2026-03-02,Snapchat,STATEMENT_CATEGORY_UNSAFE_AND_PROHIBITED_PRODUCTS,19076,3462,0,15614,13561,0,5515,0,0,5515,0.18148458796393374,0.0,0.8185154120360663,0.7108932690291466,0.0,0.28910673097085343,0.0,0.0,0.28910673097085343,True
2026-03-02,Snapchat,STATEMENT_CATEGORY_VIOLENCE,1675,23,0,1652,1594,0,81,0,0,81,0.01373134328358209,0.0,0.986268656716418,0.9516417910447761,0.0,0.04835820895522388,0.0,0.0,0.04835820895522388,True
2026-03-02,TikTok,STATEMENT_CATEGORY_ANIMAL_WELFARE,4355,3712,0,643,3461,0,0,0,0,0,0.852353616532721,0.0,0.14764638346727899,0.7947187141216991,0.0,0.0,0.0,0.0,0.0,True
2026-03-02,TikTok,STATEMENT_CATEGORY_CYBER_VIOLENCE,200,0,0,200,18,0,0,0,0,0,0.0,0.0,1.0,0.09,0.0,0.0,0.0,0.0,0.0,True
2026-03-02,TikTok,STATEMENT_CATEGORY_DATA_PROTECTION_AND_PRIVACY_VIOLATIONS,5957,4251,0,1706,4509,0,0,0,0,0,0.7136142353533658,0.0,0.28638576464663423,0.7569246264898439,0.0,0.0,0.0,0.0,0.0,True
2026-03-02,TikTok,STATEMENT_CATEGORY_ILLEGAL_OR_HARMFUL_SPEECH,1417534,1206621,0,210913,1299236,0,0,0,0,0,0.8512113289698872,0.0,0.14878867103011287,0.9165466225148744,0.0,0.0,0.0,0.0,0.0,True
2026-03-02,TikTok,STATEMENT_CATEGORY_INTELLECTUAL_PROPERTY_INFRINGEMENTS,6705,3690,0,3015,0,0,0,0,0,0,0.5503355704697986,0.0,0.44966442953020136,0.0,0.0,0.0,0.0,0.0,0.0,True
2026-03-02,TikTok,STATEMENT_CATEGORY_NEGATIVE_EFFECTS_ON_CIVIC_DISCOURSE_OR_ELECTIONS,22837,12456,0,10381,11705,0,0,0,0,0,0.5454306607698034,0.0,0.4545693392301966,0.5125454306607699,0.0,0.0,0.0,0.0,0.0,True
2026-03-02,TikTok,STATEMENT_CATEGORY_OTHER_VIOLATION_TC,7598177,7210734,0,387443,2763405,15430,0,0,0,15430,0.9490084266265447,0.0,0.05099157337345524,0.36369315955656206,0.002030750270755735,0.0,0.0,0.0,0.002030750270755735,True
2026-03-02,TikTok,STATEMENT_CATEGORY_PROTECTION_OF_MINORS,73957,26200,0,47757,31598,8150,0,0,0,8150,0.35425990778425304,0.0,0.645740092215747,0.42724826588423004,0.1101991697878497,0.0,0.0,0.0,0.1101991697878497,True
2026-03-02,TikTok,STATEMENT_CATEGORY_RISK_FOR_PUBLIC_SECURITY,58,0,0,58,4,0,0,0,0,0,0.0,0.0,1.0,0.06896551724137931,0.0,0.0,0.0,0.0,0.0,True
2026-03-02,TikTok,STATEMENT_CATEGORY_SCAMS_AND_FRAUD,266720,201852,0,64868,178239,55092,0,0,0,55092,0.7567936412717456,0.0,0.24320635872825436,0.6682625974805039,0.20655368926214757,0.0,0.0,0.0,0.20655368926214757,True
2026-03-02,TikTok,STATEMENT_CATEGORY_SELF_HARM,21109,13477,0,7632,13755,0,0,0,0,0,0.638448055331849,0.0,0.36155194466815105,0.6516177933582832,0.0,0.0,0.0,0.0,0.0,True
2026-03-02,TikTok,STATEMENT_CATEGORY_UNSAFE_AND_PROHIBITED_PRODUCTS,122,0,0,122,28,0,0,0,0,0,0.0,0.0,1.0,0.22950819672131148,0.0,0.0,0.0,0.0,0.0,True
2026-03-02,TikTok,STATEMENT_CATEGORY_VIOLENCE,238384,210873,0,27511,192957,1,0,0,0,1,0.8845937646821934,0.0,0.11540623531780657,0.8094377139405329,4.194912410228874e-06,0.0,0.0,0.0,4.194912410228874e-06,True
2026-03-02,X,STATEMENT_CATEGORY_ANIMAL_WELFARE,1,0,0,1,0,0,1,0,0,1,0.0,0.0,1.0,0.0,0.0,1.0,0.0,0.0,1.0,True
2026-03-02,X,STATEMENT_CATEGORY_CYBER_VIOLENCE,1004,102,0,902,0,0,9,0,0,9,0.10159362549800798,0.0,0.898406374501992,0.0,0.0,0.008964143426294821,0.0,0.0,0.008964143426294821,True
2026-03-02,X,STATEMENT_CATEGORY_DATA_PROTECTION_AND_PRIVACY_VIOLATIONS,10,0,0,10,0,0,1,0,0,1,0.0,0.0,1.0,0.0,0.0,0.1,0.0,0.0,0.1,True
2026-03-02,X,STATEMENT_CATEGORY_ILLEGAL_OR_HARMFUL_SPEECH,3,0,0,3,0,0,0,0,0,0,0.0,0.0,1.0,0.0,0.0,0.0,0.0,0.0,0.0,True
2026-03-02,X,STATEMENT_CATEGORY_INTELLECTUAL_PROPERTY_INFRINGEMENTS,702,0,0,702,0,0,471,0,0,471,0.0,0.0,1.0,0.0,0.0,0.6709401709401709,0.0,0.0,0.6709401709401709,True
2026-03-02,X,STATEMENT_CATEGORY_OTHER_VIOLATION_TC,3730,2394,0,1336,0,28,180,28,0,208,0.6418230563002681,0.0,0.3581769436997319,0.0,0.007506702412868633,0.04825737265415549,0.007506702412868633,0.0,0.055764075067024126,True
2026-03-02,X,STATEMENT_CATEGORY_PROTECTION_OF_MINORS,2313,3,0,2310,0,0,2306,0,0,2306,0.0012970168612191958,0.0,0.9987029831387808,0.0,0.0,0.9969736273238219,0.0,0.0,0.9969736273238219,True
2026-03-02,X,STATEMENT_CATEGORY_SCAMS_AND_FRAUD,2638,1924,0,714,0,0,449,0,0,449,0.7293404094010614,0.0,0.27065959059893857,0.0,0.0,0.17020470053070508,0.0,0.0,0.17020470053070508,True
2026-03-02,X,STATEMENT_CATEGORY_SELF_HARM,135,0,0,135,0,0,0,0,0,0,0.0,0.0,1.0,0.0,0.0,0.0,0.0,0.0,0.0,True
2026-03-02,X,STATEMENT_CATEGORY_UNSAFE_AND_PROHIBITED_PRODUCTS,98,0,0,98,0,0,98,0,0,98,0.0,0.0,1.0,0.0,0.0,1.0,0.0,0.0,1.0,True
2026-03-02,X,STATEMENT_CATEGORY_VIOLENCE,2313,1747,0,566,0,0,67,0,0,67,0.7552961521833117,0.0,0.24470384781668827,0.0,0.0,0.028966709900562042,0.0,0.0,0.028966709900562042,True
2026-03-02,YouTube,STATEMENT_CATEGORY_ANIMAL_WELFARE,16,2,0,14,16,0,0,0,0,0,0.125,0.0,0.875,1.0,0.0,0.0,0.0,0.0,0.0,True
2026-03-02,YouTube,STATEMENT_CATEGORY_CONSUMER_INFORMATION,92965,65874,0,27091,91365,0,0,1553,0,1553,0.7085892540203302,0.0,0.29141074597966976,0.9827892217501211,0.0,0.0,0.01670521163878879,0.0,0.01670521163878879,True
2026-03-02,YouTube,STATEMENT_CATEGORY_CYBER_VIOLENCE,9,0,0,9,5,0,0,0,0,0,0.0,0.0,1.0,0.5555555555555556,0.0,0.0,0.0,0.0,0.0,True
2026-03-02,YouTube,STATEMENT_CATEGORY_DATA_PROTECTION_AND_PRIVACY_VIOLATIONS,2219,0,1607,612,2115,0,0,37,0,37,0.0,0.7242000901306895,0.2757999098693105,0.9531320414601172,0.0,0.0,0.016674177557458314,0.0,0.016674177557458314,True
2026-03-02,YouTube,STATEMENT_CATEGORY_ILLEGAL_OR_HARMFUL_SPEECH,1269,0,1234,35,1250,0,0,195,0,195,0.0,0.9724192277383766,0.027580772261623327,0.9850275807722616,0.0,0.0,0.1536643026004728,0.0,0.1536643026004728,True
2026-03-02,YouTube,STATEMENT_CATEGORY_INTELLECTUAL_PROPERTY_INFRINGEMENTS,7429,1,5821,1607,6821,0,0,131,0,131,0.00013460761879122358,0.7835509489837125,0.2163144433974963,0.9181585677749361,0.0,0.0,0.01763359806165029,0.0,0.01763359806165029,True
2026-03-02,YouTube,STATEMENT_CATEGORY_NEGATIVE_EFFECTS_ON_CIVIC_DISCOURSE_OR_ELECTIONS,14405,655,0,13750,60,0,0,0,0,0,0.04547032280458174,0.0,0.9545296771954183,0.004165220409580007,0.0,0.0,0.0,0.0,0.0,True
2026-03-02,YouTube,STATEMENT_CATEGORY_OTHER_VIOLATION_TC,720289,547318,50466,122505,670863,0,0,14371,0,14371,0.7598588899733302,0.07006354393861353,0.17007756608805633,0.9313803209545057,0.0,0.0,0.019951713825978185,0.0,0.019951713825978185,True
2026-03-02,YouTube,STATEMENT_CATEGORY_PROTECTION_OF_MINORS,17855,0,17855,0,17355,0,0,0,0,0,0.0,1.0,0.0,0.9719966395967516,0.0,0.0,0.0,0.0,0.0,True
2026-03-02,YouTube,STATEMENT_CATEGORY_RISK_FOR_PUBLIC_SECURITY,41,0,0,41,41,0,0,17,0,17,0.0,0.0,1.0,1.0,0.0,0.0,0.4146341463414634,0.0,0.4146341463414634,True
2026-03-02,YouTube,STATEMENT_CATEGORY_SCAMS_AND_FRAUD,196438,694,647,195097,193540,0,0,3547,0,3547,0.0035329213288671233,0.0032936600861340473,0.9931734185849989,0.9852472535863733,0.0,0.0,0.018056587829238743,0.0,0.018056587829238743,True
2026-03-02,YouTube,STATEMENT_CATEGORY_UNSAFE_AND_PROHIBITED_PRODUCTS,61870,56852,0,5018,13093,0,0,0,0,0,0.9188944561176661,0.0,0.08110554388233393,0.2116211411023113,0.0,0.0,0.0,0.0,0.0,True
2026-03-02,YouTube,STATEMENT_CATEGORY_VIOLENCE,509,181,0,328,509,0,0,0,0,0,0.3555992141453831,0.0,0.6444007858546169,1.0,0.0,0.0,0.0,0.0,0.0,True
2026-03-09,Instagram,STATEMENT_CATEGORY_CYBER_VIOLENCE,3419,0,2878,541,2469,950,0,0,0,950,0.0,0.8417665984205908,0.15823340157940918,0.7221409768938286,0.2778590231061714,0.0,0.0,0.0,0.2778590231061714,True
2026-03-09,Instagram,STATEMENT_CATEGORY_DATA_PROTECTION_AND_PRIVACY_VIOLATIONS,138597,0,137684,913,1072,137525,0,0,0,137525,0.0,0.9934125558273267,0.00658744417267329,0.007734655151265901,0.9922653448487341,0.0,0.0,0.0,0.9922653448487341,True
2026-03-09,Instagram,STATEMENT_CATEGORY_ILLEGAL_OR_HARMFUL_SPEECH,8106,0,6592,1514,6613,14,0,0,0,14,0.0,0.8132247717739945,0.18677522822600542,0.8158154453491241,0.0017271157167530224,0.0,0.0,0.0,0.0017271157167530224,True
2026-03-09,Instagram,STATEMENT_CATEGORY_INTELLECTUAL_PROPERTY_INFRINGEMENTS,7303,0,2915,4388,6752,551,0,0,0,551,0.0,0.3991510338217171,0.6008489661782829,0.9245515541558263,0.07544844584417362,0.0,0.0,0.0,0.07544844584417362,True
2026-03-09,Instagram,STATEMENT_CATEGORY_NEGATIVE_EFFECTS_ON_CIVIC_DISCOURSE_OR_ELECTIONS,1,0,0,1,1,0,0,0,0,0,0.0,0.0,1.0,1.0,0.0,0.0,0.0,0.0,0.0,True
2026-03-09,Instagram,STATEMENT_CATEGORY_OTHER_VIOLATION_TC,474351,0,420320,54031,125725,348559,24,0,0,348583,0.0,0.8860948959736566,0.11390510402634337,0.2650463475358964,0.734812406846407,5.059544514505082e-05,0.0,0.0,0.734863002291552,True
2026-03-09,Instagram,STATEMENT_CATEGORY_PROTECTION_OF_MINORS,28610,0,25097,3513,8899,19711,0,0,0,19711,0.0,0.87721076546662,0.12278923453337993,0.31104508912967493,0.688954910870325,0.0,0.0,0.0,0.688954910870325,True
2026-03-09,Instagram,STATEMENT_CATEGORY_SCAMS_AND_FRAUD,1425064,0,1421048,4016,2339,1422723,0,0,0,1422723,0.0,0.9971818809541185,0.002818119045881448,0.0016413297929075467,0.9983572667613525,0.0,0.0,0.0,0.9983572667613525,True
2026-03-09,Instagram,STATEMENT_CATEGORY_SELF_HARM,4281,0,3262,1019,4227,2,0,0,0,2,0.0,0.7619715019855174,0.2380284980144826,0.9873861247372109,0.000467180565288484,0.0,0.0,0.0,0.000467180565288484,True
2026-03-09,Instagram,STATEMENT_CATEGORY_UNSAFE_AND_PROHIBITED_PRODUCTS,4823,0,3002,1821,3721,1083,0,0,0,1083,0.0,0.6224341696039809,0.3775658303960191,0.771511507360564,0.22454903586979058,0.0,0.0,0.0,0.22454903586979058,True
2026-03-09,Instagram,STATEMENT_CATEGORY_VIOLENCE,22498,0,16593,5905,13931,1483,0,0,0,1483,0.0,0.7375322250866744,0.2624677749133256,0.6192105964974665,0.06591697039736866,0.0,0.0,0.0,0.06591697039736866,True
2026-03-09,LinkedIn,STATEMENT_CATEGORY_CYBER_VIOLENCE,928,0,0,928,928,0,0,0,0,0,0.0,0.0,1.0,1.0,0.0,0.0,0.0,0.0,0.0,True
2026-03-09,LinkedIn,STATEMENT_CATEGORY_ILLEGAL_OR_HARMFUL_SPEECH,544,0,0,544,541,0,0,3,0,3,0.0,0.0,1.0,0.9944852941176471,0.0,0.0,0.0055147058823529415,0.0,0.0055147058823529415,True
2026-03-09,LinkedIn,STATEMENT_CATEGORY_INTELLECTUAL_PROPERTY_INFRINGEMENTS,3,0,0,3,3,0,0,0,0,0,0.0,0.0,1.0,1.0,0.0,0.0,0.0,0.0,0.0,True
2026-03-09,LinkedIn,STATEMENT_CATEGORY_NEGATIVE_EFFECTS_ON_CIVIC_DISCOURSE_OR_ELECTIONS,41,9,0,32,24,0,0,0,0,0,0.21951219512195122,0.0,0.7804878048780488,0.5853658536585366,0.0,0.0,0.0,0.0,0.0,True
2026-03-09,LinkedIn,STATEMENT_CATEGORY_OTHER_VIOLATION_TC,5189,2070,0,3119,4289,0,59,2,0,61,0.3989207939872808,0.0,0.6010792060127192,0.8265561765272692,0.0,0.011370206205434573,0.0003854307188282906,0.0,0.011755636924262864,True
2026-03-09,LinkedIn,STATEMENT_CATEGORY_RISK_FOR_PUBLIC_SECURITY,2,0,0,2,2,0,0,0,0,0,0.0,0.0,1.0,1.0,0.0,0.0,0.0,0.0,0.0,True
2026-03-09,LinkedIn,STATEMENT_CATEGORY_SCAMS_AND_FRAUD,322,38,0,284,322,0,0,0,0,0,0.11801242236024845,0.0,0.8819875776397516,1.0,0.0,0.0,0.0,0.0,0.0,True
2026-03-09,LinkedIn,STATEMENT_CATEGORY_UNSAFE_AND_PROHIBITED_PRODUCTS,668,273,0,395,668,0,0,0,0,0,0.4086826347305389,0.0,0.5913173652694611,1.0,0.0,0.0,0.0,0.0,0.0,True
2026-03-09,LinkedIn,STATEMENT_CATEGORY_VIOLENCE,83,0,0,83,83,0,0,0,0,0,0.0,0.0,1.0,1.0,0.0,0.0,0.0,0.0,0.0,True
2026-03-09,Roblox,STATEMENT_CATEGORY_CYBER_VIOLENCE,42126,34234,0,7892,0,51,11079,0,0,11130,0.812657266296349,0.0,0.18734273370365095,0.0,0.0012106537530266344,0.26299672411337416,0.0,0.0,0.2642073778664008,True
2026-03-09,Roblox,STATEMENT_CATEGORY_DATA_PROTECTION_AND_PRIVACY_VIOLATIONS,927,752,0,175,0,169,514,0,0,683,0.8112189859762675,0.0,0.18878101402373246,0.0,0.18230852211434737,0.5544768069039914,0.0,0.0,0.7367853290183387,True
2026-03-09,Roblox,STATEMENT_CATEGORY_ILLEGAL_OR_HARMFUL_SPEECH,23649,14590,0,9059,0,7904,7180,0,0,15084,0.6169394054716901,0.0,0.3830605945283099,0.0,0.33422132014038647,0.3036069178400778,0.0,0.0,0.6378282379804643,True
2026-03-09,Roblox,STATEMENT_CATEGORY_INTELLECTUAL_PROPERTY_INFRINGEMENTS,89,3,0,86,0,49,40,0,0,89,0.033707865168539325,0.0,0.9662921348314607,0.0,0.550561797752809,0.449438202247191,0.0,0.0,1.0,True
2026-03-09,Roblox,STATEMENT_CATEGORY_NEGATIVE_EFFECTS_ON_CIVIC_DISCOURSE_OR_ELECTIONS,17,10,0,7,0,1,7,0,0,8,0.5882352941176471,0.0,0.4117647058823529,0.0,0.058823529411764705,0.4117647058823529,0.0,0.0,0.47058823529411764,True
2026-03-09,Roblox,STATEMENT_CATEGORY_OTHER_VIOLATION_TC,13874899,13863248,0,11651,29,13867555,6235,0,0,13873790,0.9991602821757477,0.0,0.0008397178242522702,2.0901053045503252e-06,0.9994706988497718,0.00044937264047831987,0.0,0.0,0.9999200714902501,True
2026-03-09,Roblox,STATEMENT_CATEGORY_PROTECTION_OF_MINORS,886,156,0,730,0,854,32,0,0,886,0.17607223476297967,0.0,0.8239277652370203,0.0,0.963882618510158,0.03611738148984198,0.0,0.0,1.0,True
2026-03-09,Roblox,STATEMENT_CATEGORY_RISK_FOR_PUBLIC_SECURITY,1279,1203,0,76,0,1076,203,0,0,1279,0.9405785770132916,0.0,0.05942142298670837,0.0,0.8412822517591869,0.15871774824081314,0.0,0.0,1.0,True
2026-03-09,Roblox,STATEMENT_CATEGORY_SCAMS_AND_FRAUD,819531,819213,0,318,0,809768,7277,0,0,817045,0.9996119731895438,0.0,0.00038802681045622435,0.0,0.9880870888349556,0.008879468866949512,0.0,0.0,0.9969665577019051,True
2026-03-09,Roblox,STATEMENT_CATEGORY_UNSAFE_AND_PROHIBITED_PRODUCTS,3092,511,0,2581,0,2778,303,0,0,3081,0.16526520051746443,0.0,0.8347347994825356,0.0,0.8984476067270375,0.09799482535575679,0.0,0.0,0.9964424320827943,True
2026-03-09,Roblox,STATEMENT_CATEGORY_VIOLENCE,1045,346,0,699,0,577,438,0,0,1015,0.3311004784688995,0.0,0.6688995215311004,0.0,0.5521531100478468,0.41913875598086126,0.0,0.0,0.9712918660287081,True
2026-03-09,Snapchat,STATEMENT_CATEGORY_CYBER_VIOLENCE,13199,855,0,12344,12195,0,1004,0,0,1004,0.06477763466929312,0.0,0.9352223653307069,0.9239336313357073,0.0,0.07606636866429276,0.0,0.0,0.07606636866429276,True
2026-03-09,Snapchat,STATEMENT_CATEGORY_ILLEGAL_OR_HARMFUL_SPEECH,2170,37,0,2133,2123,0,47,0,0,47,0.017050691244239632,0.0,0.9829493087557604,0.9783410138248848,0.0,0.02165898617511521,0.0,0.0,0.02165898617511521,True
2026-03-09,Snapchat,STATEMENT_CATEGORY_INTELLECTUAL_PROPERTY_INFRINGEMENTS,46,0,0,46,44,0,2,0,0,2,0.0,0.0,1.0,0.9565217391304348,0.0,0.043478260869565216,0.0,0.0,0.043478260869565216,True
2026-03-09,Snapchat,STATEMENT_CATEGORY_OTHER_VIOLATION_TC,58418,15178,0,43240,34797,0,7093,0,0,7093,0.25981717963641343,0.0,0.7401828203635865,0.5956554486630833,0.0,0.12141805607860591,0.0,0.0,0.12141805607860591,True
2026-03-09,Snapchat,STATEMENT_CATEGORY_PROTECTION_OF_MINORS,3198,1844,0,1354,1401,0,1797,0,0,1797,0.5766103814884302,0.0,0.42338961851156975,0.43808630393996245,0.0,0.5619136960600375,0.0,0.0,0.5619136960600375,True
2026-03-09,Snapchat,STATEMENT_CATEGORY_RISK_FOR_PUBLIC_SECURITY,120,0,0,120,114,0,6,0,0,6,0.0,0.0,1.0,0.95,0.0,0.05,0.0,0.0,0.05,True
2026-03-09,Snapchat,STATEMENT_CATEGORY_SCAMS_AND_FRAUD,5731,105,0,5626,5140,0,591,0,0,591,0.01832140987611237,0.0,0.9816785901238876,0.8968766358401675,0.0,0.10312336415983249,0.0,0.0,0.10312336415983249,True
2026-03-09,Snapchat,STATEMENT_CATEGORY_SELF_HARM,70,0,0,70,64,0,6,0,0,6,0.0,0.0,1.0,0.9142857142857143,0.0,0.08571428571428572,0.0,0.0,0.08571428571428572,True
2026-03-09,Snapchat,STATEMENT_CATEGORY_UNSAFE_AND_PROHIBITED_PRODUCTS,22205,4054,0,18151,15614,0,6591,0,0,6591,0.18257149290700292,0.0,0.8174285070929971,0.7031749605944607,0.0,0.2968250394055393,0.0,0.0,0.2968250394055393,True
2026-03-09,Snapchat,STATEMENT_CATEGORY_VIOLENCE,1966,41,0,1925,1869,0,97,0,0,97,0.020854526958290945,0.0,0.9791454730417091,0.9506612410986776,0.0,0.049338758901322485,0.0,0.0,0.049338758901322485,True
2026-03-09,TikTok,STATEMENT_CATEGORY_ANIMAL_WELFARE,3858,3110,0,748,2992,0,0,0,0,0,0.8061171591498185,0.0,0.19388284085018145,0.7755313634007258,0.0,0.0,0.0,0.0,0.0,True
2026-03-09,TikTok,STATEMENT_CATEGORY_CYBER_VIOLENCE,146,0,0,146,10,0,0,0,0,0,0.0,0.0,1.0,0.0684931506849315,0.0,0.0,0.0,0.0,0.0,True
2026-03-09,TikTok,STATEMENT_CATEGORY_DATA_PROTECTION_AND_PRIVACY_VIOLATIONS,38977,37318,0,1659,37551,0,0,0,0,0,0.9574364368730277,0.0,0.04256356312697232,0.9634143212663878,0.0,0.0,0.0,0.0,0.0,True
2026-03-09,TikTok,STATEMENT_CATEGORY_ILLEGAL_OR_HARMFUL_SPEECH,931071,713197,0,217874,810664,0,0,0,0,0,0.7659963633278235,0.0,0.23400363667217644,0.8706790352185816,0.0,0.0,0.0,0.0,0.0,True
2026-03-09,TikTok,STATEMENT_CATEGORY_INTELLECTUAL_PROPERTY_INFRINGEMENTS,21742,6417,0,15325,0,0,0,0,0,0,0.29514304111857237,0.0,0.7048569588814276,0.0,0.0,0.0,0.0,0.0,0.0,True
2026-03-09,TikTok,STATEMENT_CATEGORY_NEGATIVE_EFFECTS_ON_CIVIC_DISCOURSE_OR_ELECTIONS,20669,14974,0,5695,11198,0,0,0,0,0,0.724466592481494,0.0,0.27553340751850597,0.5417775412453433,0.0,0.0,0.0,0.0,0.0,True
2026-03-09,TikTok,STATEMENT_CATEGORY_OTHER_VIOLATION_TC,8127526,7773096,0,354430,3888311,14186,0,0,0,14186,0.9563914037309754,0.0,0.043608596269024545,0.47841261904299043,0.001745426591068426,0.0,0.0,0.0,0.001745426591068426,True
2026-03-09,TikTok,STATEMENT_CATEGORY_PROTECTION_OF_MINORS,55746,13546,0,42200,18242,8461,0,0,0,8461,0.24299501309510996,0.0,0.75700498690489,0.32723424102177734,0.15177770602375057,0.0,0.0,0.0,0.15177770602375057,True
2026-03-09,TikTok,STATEMENT_CATEGORY_RISK_FOR_PUBLIC_SECURITY,60,0,0,60,3,0,0,0,0,0,0.0,0.0,1.0,0.05,0.0,0.0,0.0,0.0,0.0,True
2026-03-09,TikTok,STATEMENT_CATEGORY_SCAMS_AND_FRAUD,335725,285613,0,50112,269705,36822,0,0,0,36822,0.8507349765433018,0.0,0.1492650234566982,0.8033509568843548,0.10967905279618735,0.0,0.0,0.0,0.10967905279618735,True
2026-03-09,TikTok,STATEMENT_CATEGORY_SELF_HARM,23860,14907,0,8953,15492,0,0,0,0,0,0.62476948868399,0.0,0.37523051131601004,0.6492875104777871,0.0,0.0,0.0,0.0,0.0,True
2026-03-09,TikTok,STATEMENT_CATEGORY_UNSAFE_AND_PROHIBITED_PRODUCTS,145,0,0,145,34,0,0,0,0,0,0.0,0.0,1.0,0.23448275862068965,0.0,0.0,0.0,0.0,0.0,True
2026-03-09,TikTok,STATEMENT_CATEGORY_VIOLENCE,183389,166904,0,16485,137984,0,0,0,0,0,0.9101091123240761,0.0,0.08989088767592386,0.7524115404958858,0.0,0.0,0.0,0.0,0.0,True
2026-03-09,X,STATEMENT_CATEGORY_CYBER_VIOLENCE,1138,87,0,1051,0,0,6,0,0,6,0.07644991212653779,0.0,0.9235500878734623,0.0,0.0,0.005272407732864675,0.0,0.0,0.005272407732864675,True
2026-03-09,X,STATEMENT_CATEGORY_DATA_PROTECTION_AND_PRIVACY_VIOLATIONS,4,0,0,4,0,0,0,0,0,0,0.0,0.0,1.0,0.0,0.0,0.0,0.0,0.0,0.0,True
2026-03-09,X,STATEMENT_CATEGORY_ILLEGAL_OR_HARMFUL_SPEECH,8,0,0,8,0,0,0,0,0,0,0.0,0.0,1.0,0.0,0.0,0.0,0.0,0.0,0.0,True
2026-03-09,X,STATEMENT_CATEGORY_INTELLECTUAL_PROPERTY_INFRINGEMENTS,703,0,0,703,0,0,511,0,0,511,0.0,0.0,1.0,0.0,0.0,0.7268847795163584,0.0,0.0,0.7268847795163584,True
2026-03-09,X,STATEMENT_CATEGORY_OTHER_VIOLATION_TC,3556,2507,0,1049,0,20,127,20,0,147,0.7050056242969629,0.0,0.2949943757030371,0.0,0.00562429696287964,0.03571428571428571,0.00562429696287964,0.0,0.04133858267716536,True
2026-03-09,X,STATEMENT_CATEGORY_PROTECTION_OF_MINORS,2195,2,0,2193,0,0,2186,0,0,2186,0.0009111617312072893,0.0,0.9990888382687927,0.0,0.0,0.9958997722095672,0.0,0.0,0.9958997722095672,True
2026-03-09,X,STATEMENT_CATEGORY_SCAMS_AND_FRAUD,2371,1298,0,1073,0,0,378,0,0,378,0.5474483340362716,0.0,0.45255166596372837,0.0,0.0,0.15942640236187264,0.0,0.0,0.15942640236187264,True
2026-03-09,X,STATEMENT_CATEGORY_SELF_HARM,128,0,0,128,0,0,0,0,0,0,0.0,0.0,1.0,0.0,0.0,0.0,0.0,0.0,0.0,True
2026-03-09,X,STATEMENT_CATEGORY_UNSAFE_AND_PROHIBITED_PRODUCTS,483,0,0,483,0,0,483,0,0,483,0.0,0.0,1.0,0.0,0.0,1.0,0.0,0.0,1.0,True
2026-03-09,X,STATEMENT_CATEGORY_VIOLENCE,1589,1122,0,467,0,0,59,0,0,59,0.7061044682190056,0.0,0.2938955317809943,0.0,0.0,0.037130270610446825,0.0,0.0,0.037130270610446825,True
2026-03-09,YouTube,STATEMENT_CATEGORY_ANIMAL_WELFARE,5,4,0,1,5,0,0,0,0,0,0.8,0.0,0.2,1.0,0.0,0.0,0.0,0.0,0.0,True
2026-03-09,YouTube,STATEMENT_CATEGORY_CONSUMER_INFORMATION,82856,64505,0,18351,81238,0,0,1580,0,1580,0.7785193588877088,0.0,0.2214806411122912,0.9804721444433716,0.0,0.0,0.019069228541083325,0.0,0.019069228541083325,True
2026-03-09,YouTube,STATEMENT_CATEGORY_CYBER_VIOLENCE,19,0,0,19,0,0,0,0,0,0,0.0,0.0,1.0,0.0,0.0,0.0,0.0,0.0,0.0,True
2026-03-09,YouTube,STATEMENT_CATEGORY_DATA_PROTECTION_AND_PRIVACY_VIOLATIONS,2149,0,1599,550,2066,0,0,27,0,27,0.0,0.7440670079106562,0.2559329920893439,0.9613773848301536,0.0,0.0,0.012563983248022336,0.0,0.012563983248022336,True
2026-03-09,YouTube,STATEMENT_CATEGORY_ILLEGAL_OR_HARMFUL_SPEECH,1172,0,1150,22,1151,0,0,145,0,145,0.0,0.9812286689419796,0.01877133105802048,0.9820819112627986,0.0,0.0,0.12372013651877133,0.0,0.12372013651877133,True
2026-03-09,YouTube,STATEMENT_CATEGORY_INTELLECTUAL_PROPERTY_INFRINGEMENTS,7071,2,5224,1845,6003,0,0,128,0,128,0.000282845424975251,0.7387922500353556,0.26092490453966904,0.848960543063216,0.0,0.0,0.018102107198416064,0.0,0.018102107198416064,True
2026-03-09,YouTube,STATEMENT_CATEGORY_NEGATIVE_EFFECTS_ON_CIVIC_DISCOURSE_OR_ELECTIONS,152048,1120,0,150928,137,0,0,0,0,0,0.007366094917394507,0.0,0.9926339050826055,0.0009010312532884352,0.0,0.0,0.0,0.0,0.0,True
2026-03-09,YouTube,STATEMENT_CATEGORY_OTHER_VIOLATION_TC,597386,531997,49403,15986,562004,0,0,11531,0,11531,0.8905414589561857,0.08269862367045763,0.02675991737335659,0.9407719631862815,0.0,0.0,0.01930242757614005,0.0,0.01930242757614005,True
2026-03-09,YouTube,STATEMENT_CATEGORY_PROTECTION_OF_MINORS,18005,0,18005,0,17661,0,0,0,0,0,0.0,1.0,0.0,0.980894196056651,0.0,0.0,0.0,0.0,0.0,True
2026-03-09,YouTube,STATEMENT_CATEGORY_RISK_FOR_PUBLIC_SECURITY,66,0,0,66,66,0,0,25,0,25,0.0,0.0,1.0,1.0,0.0,0.0,0.3787878787878788,0.0,0.3787878787878788,True
2026-03-09,YouTube,STATEMENT_CATEGORY_SCAMS_AND_FRAUD,340685,530,531,339624,338030,0,0,3187,0,3187,0.0015556892730821726,0.001558624535861573,0.9968856861910562,0.9922068773206921,0.0,0.0,0.009354682477948838,0.0,0.009354682477948838,True
2026-03-09,YouTube,STATEMENT_CATEGORY_UNSAFE_AND_PROHIBITED_PRODUCTS,84058,76418,0,7640,15480,0,0,0,0,0,0.9091103761688358,0.0,0.0908896238311642,0.18415855718670443,0.0,0.0,0.0,0.0,0.0,True
2026-03-09,YouTube,STATEMENT_CATEGORY_VIOLENCE,572,277,0,295,572,0,0,0,0,0,0.48426573426573427,0.0,0.5157342657342657,1.0,0.0,0.0,0.0,0.0,0.0,True
2026-03-16,Instagram,STATEMENT_CATEGORY_CYBER_VIOLENCE,2977,0,2150,827,2660,313,0,0,0,313,0.0,0.7222035606315083,0.27779643936849174,0.893516963385959,0.10513940208263352,0.0,0.0,0.0,0.10513940208263352,True
2026-03-16,Instagram,STATEMENT_CATEGORY_DATA_PROTECTION_AND_PRIVACY_VIOLATIONS,135552,0,135274,278,556,134996,0,0,0,134996,0.0,0.9979491265344664,0.0020508734655335223,0.0041017469310670445,0.995898253068933,0.0,0.0,0.0,0.995898253068933,True
2026-03-16,Instagram,STATEMENT_CATEGORY_ILLEGAL_OR_HARMFUL_SPEECH,5187,0,4680,507,4856,7,0,0,0,7,0.0,0.9022556390977443,0.09774436090225563,0.9361866203971467,0.001349527665317139,0.0,0.0,0.0,0.001349527665317139,True
2026-03-16,Instagram,STATEMENT_CATEGORY_INTELLECTUAL_PROPERTY_INFRINGEMENTS,10594,0,6242,4352,10034,560,0,0,0,560,0.0,0.5892014347744006,0.4107985652255994,0.9471398905040589,0.052860109495941096,0.0,0.0,0.0,0.052860109495941096,True
2026-03-16,Instagram,STATEMENT_CATEGORY_NEGATIVE_EFFECTS_ON_CIVIC_DISCOURSE_OR_ELECTIONS,674,0,674,0,37,0,0,0,0,0,0.0,1.0,0.0,0.05489614243323442,0.0,0.0,0.0,0.0,0.0,True
2026-03-16,Instagram,STATEMENT_CATEGORY_OTHER_VIOLATION_TC,1053458,0,999074,54384,71633,981788,25,0,0,981813,0.0,0.9483757302142088,0.051624269785791176,0.06799796479783722,0.9319669127767789,2.373136850258862e-05,0.0,0.0,0.9319906441452815,True
2026-03-16,Instagram,STATEMENT_CATEGORY_PROTECTION_OF_MINORS,25656,0,22966,2690,10418,15237,0,0,0,15237,0.0,0.8951512316806984,0.10484876831930152,0.40606485812285625,0.5938961646398503,0.0,0.0,0.0,0.5938961646398503,True
2026-03-16,Instagram,STATEMENT_CATEGORY_RISK_FOR_PUBLIC_SECURITY,8312,0,5723,2589,7196,1116,0,0,0,1116,0.0,0.6885226179018287,0.31147738209817133,0.8657362848893166,0.13426371511068336,0.0,0.0,0.0,0.13426371511068336,True
2026-03-16,Instagram,STATEMENT_CATEGORY_SCAMS_AND_FRAUD,677031,0,672760,4271,48420,628584,0,0,0,628584,0.0,0.9936915739456539,0.006308426054346108,0.07151814318694417,0.9284419768075612,0.0,0.0,0.0,0.9284419768075612,True
2026-03-16,Instagram,STATEMENT_CATEGORY_SELF_HARM,4483,0,3581,902,4256,0,0,0,0,0,0.0,0.7987954494757975,0.20120455052420255,0.9493642650011154,0.0,0.0,0.0,0.0,0.0,True
2026-03-16,Instagram,STATEMENT_CATEGORY_UNSAFE_AND_PROHIBITED_PRODUCTS,3625,0,2314,1311,2915,670,20,0,0,690,0.0,0.6383448275862069,0.3616551724137931,0.8041379310344827,0.18482758620689654,0.005517241379310344,0.0,0.0,0.19034482758620688,True
2026-03-16,Instagram,STATEMENT_CATEGORY_VIOLENCE,15022,0,12575,2447,6636,1580,0,0,0,1580,0.0,0.8371055784848889,0.16289442151511116,0.44175209692451073,0.10517907069631208,0.0,0.0,0.0,0.10517907069631208,True
2026-03-16,LinkedIn,STATEMENT_CATEGORY_CYBER_VIOLENCE,873,0,0,873,873,0,0,0,0,0,0.0,0.0,1.0,1.0,0.0,0.0,0.0,0.0,0.0,True
2026-03-16,LinkedIn,STATEMENT_CATEGORY_ILLEGAL_OR_HARMFUL_SPEECH,492,0,0,492,490,0,0,2,0,2,0.0,0.0,1.0,0.9959349593495935,0.0,0.0,0.0040650406504065045,0.0,0.0040650406504065045,True
2026-03-16,LinkedIn,STATEMENT_CATEGORY_INTELLECTUAL_PROPERTY_INFRINGEMENTS,11,0,0,11,11,0,0,0,0,0,0.0,0.0,1.0,1.0,0.0,0.0,0.0,0.0,0.0,True
2026-03-16,LinkedIn,STATEMENT_CATEGORY_NEGATIVE_EFFECTS_ON_CIVIC_DISCOURSE_OR_ELECTIONS,47,9,0,38,27,0,0,0,0,0,0.19148936170212766,0.0,0.8085106382978723,0.574468085106383,0.0,0.0,0.0,0.0,0.0,True
2026-03-16,LinkedIn,STATEMENT_CATEGORY_OTHER_VIOLATION_TC,4763,1524,0,3239,3956,0,48,5,0,53,0.319966407726223,0.0,0.680033592273777,0.8305689691370984,0.0,0.010077682133109386,0.0010497585555322277,0.0,0.011127440688641613,True
2026-03-16,LinkedIn,STATEMENT_CATEGORY_SCAMS_AND_FRAUD,452,153,0,299,452,0,0,0,0,0,0.33849557522123896,0.0,0.661504424778761,1.0,0.0,0.0,0.0,0.0,0.0,True
2026-03-16,LinkedIn,STATEMENT_CATEGORY_SELF_HARM,2,0,0,2,2,0,0,0,0,0,0.0,0.0,1.0,1.0,0.0,0.0,0.0,0.0,0.0,True
2026-03-16,LinkedIn,STATEMENT_CATEGORY_UNSAFE_AND_PROHIBITED_PRODUCTS,697,376,0,321,697,0,0,0,0,0,0.539454806312769,0.0,0.460545193687231,1.0,0.0,0.0,0.0,0.0,0.0,True
2026-03-16,LinkedIn,STATEMENT_CATEGORY_VIOLENCE,71,0,0,71,71,0,0,0,0,0,0.0,0.0,1.0,1.0,0.0,0.0,0.0,0.0,0.0,True
2026-03-16,Roblox,STATEMENT_CATEGORY_CYBER_VIOLENCE,40915,33432,0,7483,0,196,10711,0,0,10907,0.8171086398631309,0.0,0.18289136013686913,0.0,0.004790419161676647,0.26178663081999265,0.0,0.0,0.2665770499816693,True
2026-03-16,Roblox,STATEMENT_CATEGORY_DATA_PROTECTION_AND_PRIVACY_VIOLATIONS,891,744,0,147,0,97,482,0,0,579,0.835016835016835,0.0,0.16498316498316498,0.0,0.10886644219977554,0.5409652076318743,0.0,0.0,0.6498316498316499,True
2026-03-16,Roblox,STATEMENT_CATEGORY_ILLEGAL_OR_HARMFUL_SPEECH,22859,16687,0,6172,0,8894,6400,0,0,15294,0.7299969377488079,0.0,0.2700030622511921,0.0,0.3890808871779168,0.2799772518482873,0.0,0.0,0.6690581390262041,True
2026-03-16,Roblox,STATEMENT_CATEGORY_INTELLECTUAL_PROPERTY_INFRINGEMENTS,90,0,0,90,0,46,44,0,0,90,0.0,0.0,1.0,0.0,0.5111111111111111,0.4888888888888889,0.0,0.0,1.0,True
2026-03-16,Roblox,STATEMENT_CATEGORY_NEGATIVE_EFFECTS_ON_CIVIC_DISCOURSE_OR_ELECTIONS,19,8,0,11,0,3,11,0,0,14,0.42105263157894735,0.0,0.5789473684210527,0.0,0.15789473684210525,0.5789473684210527,0.0,0.0,0.7368421052631579,True
2026-03-16,Roblox,STATEMENT_CATEGORY_OTHER_VIOLATION_TC,977091,972480,0,4611,43,968710,6439,0,0,975149,0.9952808899068767,0.0,0.0047191100931233635,4.400818347523414e-05,0.9914224980068387,0.00658996961388448,0.0,0.0,0.9980124676207232,True
2026-03-16,Roblox,STATEMENT_CATEGORY_PROTECTION_OF_MINORS,808,159,0,649,0,777,31,0,0,808,0.1967821782178218,0.0,0.8032178217821783,0.0,0.9616336633663366,0.038366336633663366,0.0,0.0,1.0,True
2026-03-16,Roblox,STATEMENT_CATEGORY_RISK_FOR_PUBLIC_SECURITY,1265,1188,0,77,0,1068,197,0,0,1265,0.9391304347826087,0.0,0.06086956521739131,0.0,0.8442687747035573,0.15573122529644268,0.0,0.0,1.0,True
2026-03-16,Roblox,STATEMENT_CATEGORY_SCAMS_AND_FRAUD,987895,987487,0,408,0,943936,41470,0,0,985406,0.9995870006427808,0.0,0.0004129993572191377,0.0,0.9555023560196174,0.04197814545068049,0.0,0.0,0.997480501470298,True
2026-03-16,Roblox,STATEMENT_CATEGORY_UNSAFE_AND_PROHIBITED_PRODUCTS,370,167,0,203,0,20,338,0,0,358,0.45135135135135135,0.0,0.5486486486486486,0.0,0.05405405405405406,0.9135135135135135,0.0,0.0,0.9675675675675676,True
2026-03-16,Roblox,STATEMENT_CATEGORY_VIOLENCE,1579,1092,0,487,0,1200,357,0,0,1557,0.6915769474350855,0.0,0.3084230525649145,0.0,0.759974667511083,0.22609246358454718,0.0,0.0,0.9860671310956302,True
2026-03-16,Snapchat,STATEMENT_CATEGORY_CYBER_VIOLENCE,12390,879,0,11511,11429,0,961,0,0,961,0.07094430992736077,0.0,0.9290556900726392,0.9224374495560936,0.0,0.07756255044390638,0.0,0.0,0.07756255044390638,True
2026-03-16,Snapchat,STATEMENT_CATEGORY_ILLEGAL_OR_HARMFUL_SPEECH,2239,27,0,2212,2197,0,42,0,0,42,0.01205895489057615,0.0,0.9879410451094238,0.9812416257257704,0.0,0.018758374274229567,0.0,0.0,0.018758374274229567,True
2026-03-16,Snapchat,STATEMENT_CATEGORY_INTELLECTUAL_PROPERTY_INFRINGEMENTS,32,0,0,32,28,0,4,0,0,4,0.0,0.0,1.0,0.875,0.0,0.125,0.0,0.0,0.125,True
2026-03-16,Snapchat,STATEMENT_CATEGORY_OTHER_VIOLATION_TC,57432,15025,0,42407,32831,0,6486,0,0,6486,0.26161373450341274,0.0,0.7383862654965873,0.5716499512466917,0.0,0.11293355620559967,0.0,0.0,0.11293355620559967,True
2026-03-16,Snapchat,STATEMENT_CATEGORY_PROTECTION_OF_MINORS,2378,1358,0,1020,837,0,1541,0,0,1541,0.5710681244743482,0.0,0.4289318755256518,0.35197645079899076,0.0,0.6480235492010092,0.0,0.0,0.6480235492010092,True
2026-03-16,Snapchat,STATEMENT_CATEGORY_RISK_FOR_PUBLIC_SECURITY,201,1,0,200,180,0,21,0,0,21,0.004975124378109453,0.0,0.9950248756218906,0.8955223880597015,0.0,0.1044776119402985,0.0,0.0,0.1044776119402985,True
2026-03-16,Snapchat,STATEMENT_CATEGORY_SCAMS_AND_FRAUD,4879,79,0,4800,4380,0,499,0,0,499,0.016191842590694814,0.0,0.9838081574093052,0.897724943635991,0.0,0.10227505636400902,0.0,0.0,0.10227505636400902,True
2026-03-16,Snapchat,STATEMENT_CATEGORY_SELF_HARM,46,0,0,46,44,0,2,0,0,2,0.0,0.0,1.0,0.9565217391304348,0.0,0.043478260869565216,0.0,0.0,0.043478260869565216,True
2026-03-16,Snapchat,STATEMENT_CATEGORY_UNSAFE_AND_PROHIBITED_PRODUCTS,22737,4481,0,18256,16740,0,5997,0,0,5997,0.1970796499098386,0.0,0.8029203500901614,0.7362448871882834,0.0,0.2637551128117166,0.0,0.0,0.2637551128117166,True
2026-03-16,Snapchat,STATEMENT_CATEGORY_VIOLENCE,1948,32,0,1916,1866,0,82,0,0,82,0.01642710472279261,0.0,0.9835728952772074,0.9579055441478439,0.0,0.04209445585215606,0.0,0.0,0.04209445585215606,True
2026-03-16,TikTok,STATEMENT_CATEGORY_ANIMAL_WELFARE,4019,3258,0,761,2991,0,0,0,0,0,0.8106494152774322,0.0,0.1893505847225678,0.7442149788504603,0.0,0.0,0.0,0.0,0.0,True
2026-03-16,TikTok,STATEMENT_CATEGORY_CYBER_VIOLENCE,235,0,0,235,23,0,0,0,0,0,0.0,0.0,1.0,0.09787234042553192,0.0,0.0,0.0,0.0,0.0,True
2026-03-16,TikTok,STATEMENT_CATEGORY_DATA_PROTECTION_AND_PRIVACY_VIOLATIONS,37828,35068,0,2760,35407,0,0,0,0,0,0.9270381727820662,0.0,0.0729618272179338,0.9359997885164428,0.0,0.0,0.0,0.0,0.0,True
2026-03-16,TikTok,STATEMENT_CATEGORY_ILLEGAL_OR_HARMFUL_SPEECH,913293,708957,0,204336,795577,0,0,0,0,0,0.7762645722676075,0.0,0.22373542773239255,0.8711081766749553,0.0,0.0,0.0,0.0,0.0,True
2026-03-16,TikTok,STATEMENT_CATEGORY_INTELLECTUAL_PROPERTY_INFRINGEMENTS,18137,5377,0,12760,0,0,0,0,0,0,0.2964657881678337,0.0,0.7035342118321662,0.0,0.0,0.0,0.0,0.0,0.0,True
2026-03-16,TikTok,STATEMENT_CATEGORY_NEGATIVE_EFFECTS_ON_CIVIC_DISCOURSE_OR_ELECTIONS,21295,16748,0,4547,10277,0,0,0,0,0,0.7864756985207795,0.0,0.21352430147922047,0.4826015496595445,0.0,0.0,0.0,0.0,0.0,True
2026-03-16,TikTok,STATEMENT_CATEGORY_OTHER_VIOLATION_TC,7681444,7326849,0,354595,3101937,14396,0,0,0,14396,0.9538374555617407,0.0,0.04616254443825926,0.4038221199034973,0.0018741267917855029,0.0,0.0,0.0,0.0018741267917855029,True
2026-03-16,TikTok,STATEMENT_CATEGORY_PROTECTION_OF_MINORS,59632,14924,0,44708,18579,10618,0,0,0,10618,0.25026831231553526,0.0,0.7497316876844647,0.3115609068956265,0.17805876039710222,0.0,0.0,0.0,0.17805876039710222,True
2026-03-16,TikTok,STATEMENT_CATEGORY_RISK_FOR_PUBLIC_SECURITY,81,0,0,81,9,0,0,0,0,0,0.0,0.0,1.0,0.1111111111111111,0.0,0.0,0.0,0.0,0.0,True
2026-03-16,TikTok,STATEMENT_CATEGORY_SCAMS_AND_FRAUD,246941,209934,0,37007,192135,25249,0,0,0,25249,0.8501382921426576,0.0,0.14986170785734243,0.7780603463985324,0.10224709546004916,0.0,0.0,0.0,0.10224709546004916,True
2026-03-16,TikTok,STATEMENT_CATEGORY_SELF_HARM,22176,14845,0,7331,13240,0,0,0,0,0,0.6694173881673882,0.0,0.33058261183261184,0.597041847041847,0.0,0.0,0.0,0.0,0.0,True
2026-03-16,TikTok,STATEMENT_CATEGORY_UNSAFE_AND_PROHIBITED_PRODUCTS,149,0,0,149,28,0,0,0,0,0,0.0,0.0,1.0,0.18791946308724833,0.0,0.0,0.0,0.0,0.0,True
2026-03-16,TikTok,STATEMENT_CATEGORY_VIOLENCE,198664,182782,0,15882,138798,1,0,0,0,1,0.92005597390569,0.0,0.07994402609430999,0.6986570289534088,5.0336246124109045e-06,0.0,0.0,0.0,5.0336246124109045e-06,True
2026-03-16,X,STATEMENT_CATEGORY_ANIMAL_WELFARE,1,0,0,1,0,0,1,0,0,1,0.0,0.0,1.0,0.0,0.0,1.0,0.0,0.0,1.0,True
2026-03-16,X,STATEMENT_CATEGORY_CYBER_VIOLENCE,833,74,0,759,0,0,1,0,0,1,0.08883553421368548,0.0,0.9111644657863145,0.0,0.0,0.0012004801920768306,0.0,0.0,0.0012004801920768306,True
2026-03-16,X,STATEMENT_CATEGORY_DATA_PROTECTION_AND_PRIVACY_VIOLATIONS,11,0,0,11,0,0,1,0,0,1,0.0,0.0,1.0,0.0,0.0,0.09090909090909091,0.0,0.0,0.09090909090909091,True
2026-03-16,X,STATEMENT_CATEGORY_ILLEGAL_OR_HARMFUL_SPEECH,12,0,0,12,0,0,0,0,0,0,0.0,0.0,1.0,0.0,0.0,0.0,0.0,0.0,0.0,True
2026-03-16,X,STATEMENT_CATEGORY_INTELLECTUAL_PROPERTY_INFRINGEMENTS,593,0,0,593,0,0,425,0,0,425,0.0,0.0,1.0,0.0,0.0,0.7166947723440135,0.0,0.0,0.7166947723440135,True
2026-03-16,X,STATEMENT_CATEGORY_OTHER_VIOLATION_TC,3206,2258,0,948,0,10,40,10,0,50,0.7043044291952589,0.0,0.2956955708047411,0.0,0.0031191515907673115,0.012476606363069246,0.0031191515907673115,0.0,0.015595757953836557,True
2026-03-16,X,STATEMENT_CATEGORY_PROTECTION_OF_MINORS,1994,7,0,1987,0,1,1984,1,0,1985,0.003510531594784353,0.0,0.9964894684052157,0.0,0.0005015045135406219,0.9949849548645938,0.0005015045135406219,0.0,0.9954864593781344,True
2026-03-16,X,STATEMENT_CATEGORY_SCAMS_AND_FRAUD,2750,1689,0,1061,0,0,901,0,0,901,0.6141818181818182,0.0,0.38581818181818184,0.0,0.0,0.3276363636363636,0.0,0.0,0.3276363636363636,True
2026-03-16,X,STATEMENT_CATEGORY_SELF_HARM,145,0,0,145,0,0,0,0,0,0,0.0,0.0,1.0,0.0,0.0,0.0,0.0,0.0,0.0,True
2026-03-16,X,STATEMENT_CATEGORY_UNSAFE_AND_PROHIBITED_PRODUCTS,275,0,0,275,0,0,275,0,0,275,0.0,0.0,1.0,0.0,0.0,1.0,0.0,0.0,1.0,True
2026-03-16,X,STATEMENT_CATEGORY_VIOLENCE,1488,1082,0,406,0,0,48,0,0,48,0.7271505376344086,0.0,0.2728494623655914,0.0,0.0,0.03225806451612903,0.0,0.0,0.03225806451612903,True
2026-03-16,YouTube,STATEMENT_CATEGORY_ANIMAL_WELFARE,6,0,0,6,6,0,0,0,0,0,0.0,0.0,1.0,1.0,0.0,0.0,0.0,0.0,0.0,True
2026-03-16,YouTube,STATEMENT_CATEGORY_CONSUMER_INFORMATION,224844,51439,0,173405,223332,0,0,1476,0,1476,0.22877639607905925,0.0,0.7712236039209407,0.9932753375673801,0.0,0.0,0.006564551422319475,0.0,0.006564551422319475,True
2026-03-16,YouTube,STATEMENT_CATEGORY_CYBER_VIOLENCE,3,0,0,3,0,0,0,0,0,0,0.0,0.0,1.0,0.0,0.0,0.0,0.0,0.0,0.0,True
2026-03-16,YouTube,STATEMENT_CATEGORY_DATA_PROTECTION_AND_PRIVACY_VIOLATIONS,2301,0,1621,680,2172,0,0,53,0,53,0.0,0.7044763146458062,0.2955236853541938,0.9439374185136897,0.0,0.0,0.02303346371142981,0.0,0.02303346371142981,True
2026-03-16,YouTube,STATEMENT_CATEGORY_ILLEGAL_OR_HARMFUL_SPEECH,884,0,843,41,850,0,0,73,0,73,0.0,0.9536199095022625,0.04638009049773756,0.9615384615384616,0.0,0.0,0.08257918552036199,0.0,0.08257918552036199,True
2026-03-16,YouTube,STATEMENT_CATEGORY_INTELLECTUAL_PROPERTY_INFRINGEMENTS,7183,2,5081,2100,6808,0,0,113,0,113,0.00027843519420854795,0.7073646108868161,0.29235695391897537,0.9477934010858973,0.0,0.0,0.01573158847278296,0.0,0.01573158847278296,True
2026-03-16,YouTube,STATEMENT_CATEGORY_NEGATIVE_EFFECTS_ON_CIVIC_DISCOURSE_OR_ELECTIONS,310394,1073,0,309321,43,0,0,0,0,0,0.0034568967183644015,0.0,0.9965431032816356,0.00013853360567536743,0.0,0.0,0.0,0.0,0.0,True
2026-03-16,YouTube,STATEMENT_CATEGORY_OTHER_VIOLATION_TC,845232,681625,48875,114732,810619,0,0,10244,0,10244,0.8064353928862135,0.0578243606489106,0.13574024646487592,0.9590491131429004,0.0,0.0,0.01211974937058701,0.0,0.01211974937058701,True
2026-03-16,YouTube,STATEMENT_CATEGORY_PROTECTION_OF_MINORS,18328,0,18326,2,17903,0,0,0,0,0,0.0,0.999890877346137,0.00010912265386294194,0.9768114360541248,0.0,0.0,0.0,0.0,0.0,True
2026-03-16,YouTube,STATEMENT_CATEGORY_RISK_FOR_PUBLIC_SECURITY,45,0,0,45,45,0,0,19,0,19,0.0,0.0,1.0,1.0,0.0,0.0,0.4222222222222222,0.0,0.4222222222222222,True
2026-03-16,YouTube,STATEMENT_CATEGORY_SCAMS_AND_FRAUD,300083,565,353,299165,297466,0,0,2971,0,2971,0.0018828124218966086,0.0011763412122646067,0.9969408463658388,0.9912790794546842,0.0,0.0,0.009900594168946592,0.0,0.009900594168946592,True
2026-03-16,YouTube,STATEMENT_CATEGORY_UNSAFE_AND_PROHIBITED_PRODUCTS,81852,70258,0,11594,14932,0,0,0,0,0,0.8583541025265112,0.0,0.14164589747348874,0.18242681913697895,0.0,0.0,0.0,0.0,0.0,True
2026-03-16,YouTube,STATEMENT_CATEGORY_VIOLENCE,312,123,0,189,312,0,0,0,0,0,0.3942307692307692,0.0,0.6057692307692307,1.0,0.0,0.0,0.0,0.0,0.0,True
2026-03-23,Instagram,STATEMENT_CATEGORY_CYBER_VIOLENCE,3313,0,2593,720,3292,16,0,0,0,16,0.0,0.7826743133111983,0.2173256866888017,0.9936613341382433,0.004829459704195593,0.0,0.0,0.0,0.004829459704195593,True
2026-03-23,Instagram,STATEMENT_CATEGORY_DATA_PROTECTION_AND_PRIVACY_VIOLATIONS,92605,0,92403,202,299,92306,0,0,0,92306,0.0,0.9978186922952325,0.002181307704767561,0.0032287673451757465,0.9967712326548243,0.0,0.0,0.0,0.9967712326548243,True
2026-03-23,Instagram,STATEMENT_CATEGORY_ILLEGAL_OR_HARMFUL_SPEECH,6201,0,5425,776,6165,4,3,0,0,7,0.0,0.8748588937268182,0.12514110627318176,0.9941944847605225,0.0006450572488308337,0.0004837929366231253,0.0,0.0,0.001128850185453959,True
2026-03-23,Instagram,STATEMENT_CATEGORY_INTELLECTUAL_PROPERTY_INFRINGEMENTS,8216,0,2660,5556,7386,830,0,0,0,830,0.0,0.3237585199610516,0.6762414800389484,0.8989776046738072,0.1010223953261928,0.0,0.0,0.0,0.1010223953261928,True
2026-03-23,Instagram,STATEMENT_CATEGORY_NEGATIVE_EFFECTS_ON_CIVIC_DISCOURSE_OR_ELECTIONS,791,0,790,1,9,0,0,0,0,0,0.0,0.9987357774968394,0.0012642225031605564,0.011378002528445006,0.0,0.0,0.0,0.0,0.0,True
2026-03-23,Instagram,STATEMENT_CATEGORY_OTHER_VIOLATION_TC,1085162,0,1025800,59362,56448,1028714,0,0,0,1028714,0.0,0.9452966469522522,0.05470335304774771,0.05201803970282778,0.9479819602971722,0.0,0.0,0.0,0.9479819602971722,True
2026-03-23,Instagram,STATEMENT_CATEGORY_PROTECTION_OF_MINORS,25408,0,23104,2304,11116,14292,0,0,0,14292,0.0,0.9093198992443325,0.0906801007556675,0.4375,0.5625,0.0,0.0,0.0,0.5625,True
2026-03-23,Instagram,STATEMENT_CATEGORY_RISK_FOR_PUBLIC_SECURITY,11625,0,7961,3664,10500,1125,0,0,0,1125,0.0,0.6848172043010753,0.3151827956989247,0.9032258064516129,0.0967741935483871,0.0,0.0,0.0,0.0967741935483871,True
2026-03-23,Instagram,STATEMENT_CATEGORY_SCAMS_AND_FRAUD,391694,0,386952,4742,67848,323806,2,0,0,323808,0.0,0.9878936108288613,0.012106389171138696,0.17321684784551206,0.826681031621623,5.1060266432470245e-06,0.0,0.0,0.8266861376482663,True
2026-03-23,Instagram,STATEMENT_CATEGORY_SELF_HARM,4770,0,3871,899,4616,0,0,0,0,0,0.0,0.8115303983228511,0.18846960167714885,0.9677148846960167,0.0,0.0,0.0,0.0,0.0,True
2026-03-23,Instagram,STATEMENT_CATEGORY_UNSAFE_AND_PROHIBITED_PRODUCTS,3347,0,2211,1136,2690,625,16,0,0,641,0.0,0.6605915745443681,0.33940842545563193,0.8037048102778608,0.1867343890050792,0.004780400358530027,0.0,0.0,0.1915147893636092,True
2026-03-23,Instagram,STATEMENT_CATEGORY_VIOLENCE,13755,0,11788,1967,5483,1521,0,0,0,1521,0.0,0.8569974554707379,0.1430025445292621,0.39861868411486734,0.11057797164667393,0.0,0.0,0.0,0.11057797164667393,True
2026-03-23,LinkedIn,STATEMENT_CATEGORY_ANIMAL_WELFARE,1,0,0,1,1,0,0,0,0,0,0.0,0.0,1.0,1.0,0.0,0.0,0.0,0.0,0.0,True
2026-03-23,LinkedIn,STATEMENT_CATEGORY_CYBER_VIOLENCE,843,0,0,843,843,0,0,0,0,0,0.0,0.0,1.0,1.0,0.0,0.0,0.0,0.0,0.0,True
2026-03-23,LinkedIn,STATEMENT_CATEGORY_ILLEGAL_OR_HARMFUL_SPEECH,522,0,0,522,519,0,0,3,0,3,0.0,0.0,1.0,0.9942528735632183,0.0,0.0,0.005747126436781609,0.0,0.005747126436781609,True
2026-03-23,LinkedIn,STATEMENT_CATEGORY_INTELLECTUAL_PROPERTY_INFRINGEMENTS,8,0,0,8,8,0,0,0,0,0,0.0,0.0,1.0,1.0,0.0,0.0,0.0,0.0,0.0,True
2026-03-23,LinkedIn,STATEMENT_CATEGORY_NEGATIVE_EFFECTS_ON_CIVIC_DISCOURSE_OR_ELECTIONS,41,3,0,38,36,0,0,0,0,0,0.07317073170731707,0.0,0.926829268292683,0.8780487804878049,0.0,0.0,0.0,0.0,0.0,True
2026-03-23,LinkedIn,STATEMENT_CATEGORY_OTHER_VIOLATION_TC,4604,1791,0,2813,3752,0,49,6,0,55,0.38900955690703737,0.0,0.6109904430929627,0.8149435273675065,0.0,0.010642919200695048,0.0013032145960034753,0.0,0.011946133796698523,True
2026-03-23,LinkedIn,STATEMENT_CATEGORY_SCAMS_AND_FRAUD,573,131,0,442,573,0,0,0,0,0,0.2286212914485166,0.0,0.7713787085514834,1.0,0.0,0.0,0.0,0.0,0.0,True
2026-03-23,LinkedIn,STATEMENT_CATEGORY_UNSAFE_AND_PROHIBITED_PRODUCTS,737,356,0,381,737,0,0,0,0,0,0.4830393487109905,0.0,0.5169606512890095,1.0,0.0,0.0,0.0,0.0,0.0,True
2026-03-23,LinkedIn,STATEMENT_CATEGORY_VIOLENCE,86,0,0,86,86,0,0,0,0,0,0.0,0.0,1.0,1.0,0.0,0.0,0.0,0.0,0.0,True
2026-03-23,Roblox,STATEMENT_CATEGORY_CYBER_VIOLENCE,40056,32055,0,8001,0,255,12756,0,0,13011,0.8002546434991012,0.0,0.19974535650089875,0.0,0.006366087477531456,0.31845416417016176,0.0,0.0,0.32482025164769324,True
2026-03-23,Roblox,STATEMENT_CATEGORY_DATA_PROTECTION_AND_PRIVACY_VIOLATIONS,968,790,0,178,0,117,637,0,0,754,0.8161157024793388,0.0,0.18388429752066116,0.0,0.12086776859504132,0.6580578512396694,0.0,0.0,0.7789256198347108,True
2026-03-23,Roblox,STATEMENT_CATEGORY_ILLEGAL_OR_HARMFUL_SPEECH,22430,15892,0,6538,0,7360,7723,0,0,15083,0.7085153811859117,0.0,0.29148461881408827,0.0,0.32813196611680784,0.34431564868479714,0.0,0.0,0.672447614801605,True
2026-03-23,Roblox,STATEMENT_CATEGORY_INTELLECTUAL_PROPERTY_INFRINGEMENTS,101,1,0,100,0,37,64,0,0,101,0.009900990099009901,0.0,0.9900990099009901,0.0,0.36633663366336633,0.6336633663366337,0.0,0.0,1.0,True
2026-03-23,Roblox,STATEMENT_CATEGORY_NEGATIVE_EFFECTS_ON_CIVIC_DISCOURSE_OR_ELECTIONS,17,7,0,10,0,0,10,0,0,10,0.4117647058823529,0.0,0.5882352941176471,0.0,0.0,0.5882352941176471,0.0,0.0,0.5882352941176471,True
2026-03-23,Roblox,STATEMENT_CATEGORY_OTHER_VIOLATION_TC,1280854,1277462,0,3392,24,1272228,6769,0,0,1278997,0.9973517668680427,0.0,0.002648233131957272,1.873749857516938e-05,0.9932654307204412,0.005284755327305064,0.0,0.0,0.9985501860477463,True
2026-03-23,Roblox,STATEMENT_CATEGORY_PROTECTION_OF_MINORS,745,153,0,592,0,693,52,0,0,745,0.20536912751677852,0.0,0.7946308724832215,0.0,0.9302013422818792,0.0697986577181208,0.0,0.0,1.0,True
2026-03-23,Roblox,STATEMENT_CATEGORY_RISK_FOR_PUBLIC_SECURITY,507,459,0,48,0,342,165,0,0,507,0.9053254437869822,0.0,0.09467455621301775,0.0,0.6745562130177515,0.3254437869822485,0.0,0.0,1.0,True
2026-03-23,Roblox,STATEMENT_CATEGORY_SCAMS_AND_FRAUD,7894,7483,0,411,0,1243,4419,0,0,5662,0.9479351406131239,0.0,0.052064859386876106,0.0,0.1574613630605523,0.5597922472764124,0.0,0.0,0.7172536103369648,True
2026-03-23,Roblox,STATEMENT_CATEGORY_UNSAFE_AND_PROHIBITED_PRODUCTS,343,161,0,182,0,32,303,0,0,335,0.46938775510204084,0.0,0.5306122448979592,0.0,0.09329446064139942,0.8833819241982507,0.0,0.0,0.9766763848396501,True
2026-03-23,Roblox,STATEMENT_CATEGORY_VIOLENCE,546,225,0,321,0,328,200,0,0,528,0.41208791208791207,0.0,0.5879120879120879,0.0,0.6007326007326007,0.3663003663003663,0.0,0.0,0.967032967032967,True
2026-03-23,Snapchat,STATEMENT_CATEGORY_CYBER_VIOLENCE,12766,873,0,11893,11824,0,942,0,0,942,0.06838477205075984,0.0,0.9316152279492401,0.9262102459658468,0.0,0.07378975403415322,0.0,0.0,0.07378975403415322,True
2026-03-23,Snapchat,STATEMENT_CATEGORY_ILLEGAL_OR_HARMFUL_SPEECH,2143,31,0,2112,2108,0,35,0,0,35,0.014465702286514233,0.0,0.9855342977134858,0.9836677554829678,0.0,0.016332244517032198,0.0,0.0,0.016332244517032198,True
2026-03-23,Snapchat,STATEMENT_CATEGORY_INTELLECTUAL_PROPERTY_INFRINGEMENTS,9,0,0,9,5,0,4,0,0,4,0.0,0.0,1.0,0.5555555555555556,0.0,0.4444444444444444,0.0,0.0,0.4444444444444444,True
2026-03-23,Snapchat,STATEMENT_CATEGORY_OTHER_VIOLATION_TC,56226,15816,0,40410,35169,0,7311,0,0,7311,0.28129335183011417,0.0,0.7187066481698858,0.6254935439120691,0.0,0.13002881229324512,0.0,0.0,0.13002881229324512,True
2026-03-23,Snapchat,STATEMENT_CATEGORY_PROTECTION_OF_MINORS,2772,1575,0,1197,1039,0,1733,0,0,1733,0.5681818181818182,0.0,0.4318181818181818,0.37481962481962483,0.0,0.6251803751803752,0.0,0.0,0.6251803751803752,True
2026-03-23,Snapchat,STATEMENT_CATEGORY_RISK_FOR_PUBLIC_SECURITY,159,2,0,157,148,0,11,0,0,11,0.012578616352201259,0.0,0.9874213836477987,0.9308176100628931,0.0,0.06918238993710692,0.0,0.0,0.06918238993710692,True
2026-03-23,Snapchat,STATEMENT_CATEGORY_SCAMS_AND_FRAUD,5647,106,0,5541,5092,0,555,0,0,555,0.01877102886488401,0.0,0.981228971135116,0.9017177262263149,0.0,0.09828227377368515,0.0,0.0,0.09828227377368515,True
2026-03-23,Snapchat,STATEMENT_CATEGORY_SELF_HARM,64,0,0,64,58,0,6,0,0,6,0.0,0.0,1.0,0.90625,0.0,0.09375,0.0,0.0,0.09375,True
2026-03-23,Snapchat,STATEMENT_CATEGORY_UNSAFE_AND_PROHIBITED_PRODUCTS,31320,9969,0,21351,16138,0,15182,0,0,15182,0.31829501915708813,0.0,0.6817049808429119,0.5152618135376756,0.0,0.4847381864623244,0.0,0.0,0.4847381864623244,True
2026-03-23,Snapchat,STATEMENT_CATEGORY_VIOLENCE,1773,31,0,1742,1674,0,99,0,0,99,0.01748448956570784,0.0,0.9825155104342922,0.9441624365482234,0.0,0.05583756345177665,0.0,0.0,0.05583756345177665,True
2026-03-23,TikTok,STATEMENT_CATEGORY_ANIMAL_WELFARE,4054,3343,0,711,3228,0,0,0,0,0,0.8246176615688209,0.0,0.1753823384311791,0.796250616674889,0.0,0.0,0.0,0.0,0.0,True
2026-03-23,TikTok,STATEMENT_CATEGORY_CYBER_VIOLENCE,185,0,0,185,24,0,0,0,0,0,0.0,0.0,1.0,0.12972972972972974,0.0,0.0,0.0,0.0,0.0,True
2026-03-23,TikTok,STATEMENT_CATEGORY_DATA_PROTECTION_AND_PRIVACY_VIOLATIONS,42120,40548,0,1572,40803,0,0,0,0,0,0.9626780626780627,0.0,0.037321937321937323,0.9687321937321938,0.0,0.0,0.0,0.0,0.0,True
2026-03-23,TikTok,STATEMENT_CATEGORY_ILLEGAL_OR_HARMFUL_SPEECH,936951,751958,0,184993,838961,0,0,0,0,0,0.802558511597725,0.0,0.19744148840227504,0.8954160889950489,0.0,0.0,0.0,0.0,0.0,True
2026-03-23,TikTok,STATEMENT_CATEGORY_INTELLECTUAL_PROPERTY_INFRINGEMENTS,6657,4119,0,2538,0,0,0,0,0,0,0.6187471834159531,0.0,0.38125281658404686,0.0,0.0,0.0,0.0,0.0,0.0,True
2026-03-23,TikTok,STATEMENT_CATEGORY_NEGATIVE_EFFECTS_ON_CIVIC_DISCOURSE_OR_ELECTIONS,17289,14355,0,2934,8526,0,0,0,0,0,0.8302967204580948,0.0,0.16970327954190526,0.4931459309387472,0.0,0.0,0.0,0.0,0.0,True
2026-03-23,TikTok,STATEMENT_CATEGORY_OTHER_VIOLATION_TC,6961015,6659130,0,301885,2768909,13189,0,0,0,13189,0.9566320428845506,0.0,0.0433679571154494,0.3977737442025337,0.0018946949546869243,0.0,0.0,0.0,0.0018946949546869243,True
2026-03-23,TikTok,STATEMENT_CATEGORY_PROTECTION_OF_MINORS,57543,17176,0,40367,18928,9036,0,0,0,9036,0.29848982500043447,0.0,0.7015101749995656,0.32893662130928175,0.15703039466138366,0.0,0.0,0.0,0.15703039466138366,True
2026-03-23,TikTok,STATEMENT_CATEGORY_RISK_FOR_PUBLIC_SECURITY,85,0,0,85,6,0,0,0,0,0,0.0,0.0,1.0,0.07058823529411765,0.0,0.0,0.0,0.0,0.0,True
2026-03-23,TikTok,STATEMENT_CATEGORY_SCAMS_AND_FRAUD,241523,211703,0,29820,187278,21697,0,0,0,21697,0.8765334978449257,0.0,0.12346650215507426,0.7754044128302481,0.08983409447547439,0.0,0.0,0.0,0.08983409447547439,True
2026-03-23,TikTok,STATEMENT_CATEGORY_SELF_HARM,20793,15967,0,4826,13307,0,0,0,0,0,0.7679026595488866,0.0,0.23209734045111335,0.6399749915837061,0.0,0.0,0.0,0.0,0.0,True
2026-03-23,TikTok,STATEMENT_CATEGORY_UNSAFE_AND_PROHIBITED_PRODUCTS,109,0,0,109,31,0,0,0,0,0,0.0,0.0,1.0,0.28440366972477066,0.0,0.0,0.0,0.0,0.0,True
2026-03-23,TikTok,STATEMENT_CATEGORY_VIOLENCE,200610,186393,0,14217,157241,0,0,0,0,0,0.9291311499925228,0.0,0.0708688500074772,0.7838143661831414,0.0,0.0,0.0,0.0,0.0,True
2026-03-23,X,STATEMENT_CATEGORY_ANIMAL_WELFARE,1,0,0,1,0,0,1,0,0,1,0.0,0.0,1.0,0.0,0.0,1.0,0.0,0.0,1.0,True
2026-03-23,X,STATEMENT_CATEGORY_CYBER_VIOLENCE,874,107,0,767,0,0,5,0,0,5,0.12242562929061784,0.0,0.8775743707093822,0.0,0.0,0.005720823798627002,0.0,0.0,0.005720823798627002,True
2026-03-23,X,STATEMENT_CATEGORY_DATA_PROTECTION_AND_PRIVACY_VIOLATIONS,15,0,0,15,0,0,3,0,0,3,0.0,0.0,1.0,0.0,0.0,0.2,0.0,0.0,0.2,True
2026-03-23,X,STATEMENT_CATEGORY_ILLEGAL_OR_HARMFUL_SPEECH,8,0,0,8,0,0,0,0,0,0,0.0,0.0,1.0,0.0,0.0,0.0,0.0,0.0,0.0,True
2026-03-23,X,STATEMENT_CATEGORY_INTELLECTUAL_PROPERTY_INFRINGEMENTS,554,0,0,554,0,0,445,0,0,445,0.0,0.0,1.0,0.0,0.0,0.8032490974729242,0.0,0.0,0.8032490974729242,True
2026-03-23,X,STATEMENT_CATEGORY_OTHER_VIOLATION_TC,3126,2607,0,519,0,10,27,10,0,37,0.8339731285988484,0.0,0.16602687140115163,0.0,0.003198976327575176,0.008637236084452975,0.003198976327575176,0.0,0.011836212412028152,True
2026-03-23,X,STATEMENT_CATEGORY_PROTECTION_OF_MINORS,2022,3,0,2019,0,0,2013,0,0,2013,0.001483679525222552,0.0,0.9985163204747775,0.0,0.0,0.9955489614243324,0.0,0.0,0.9955489614243324,True
2026-03-23,X,STATEMENT_CATEGORY_SCAMS_AND_FRAUD,58399,57703,0,696,0,0,57181,0,0,57181,0.9880819877052689,0.0,0.011918012294731075,0.0,0.0,0.9791434784842207,0.0,0.0,0.9791434784842207,True
2026-03-23,X,STATEMENT_CATEGORY_SELF_HARM,148,0,0,148,0,0,0,0,0,0,0.0,0.0,1.0,0.0,0.0,0.0,0.0,0.0,0.0,True
2026-03-23,X,STATEMENT_CATEGORY_UNSAFE_AND_PROHIBITED_PRODUCTS,107,0,0,107,0,0,107,0,0,107,0.0,0.0,1.0,0.0,0.0,1.0,0.0,0.0,1.0,True
2026-03-23,X,STATEMENT_CATEGORY_VIOLENCE,1664,1274,0,390,0,0,53,0,0,53,0.765625,0.0,0.234375,0.0,0.0,0.031850961538461536,0.0,0.0,0.031850961538461536,True
2026-03-23,YouTube,STATEMENT_CATEGORY_ANIMAL_WELFARE,3,2,0,1,3,0,0,0,0,0,0.6666666666666666,0.0,0.3333333333333333,1.0,0.0,0.0,0.0,0.0,0.0,True
2026-03-23,YouTube,STATEMENT_CATEGORY_CONSUMER_INFORMATION,255285,228869,0,26416,252588,0,0,2695,0,2695,0.896523493350569,0.0,0.10347650664943103,0.9894353369763206,0.0,0.0,0.010556828642497601,0.0,0.010556828642497601,True
2026-03-23,YouTube,STATEMENT_CATEGORY_CYBER_VIOLENCE,12,0,0,12,6,0,0,0,0,0,0.0,0.0,1.0,0.5,0.0,0.0,0.0,0.0,0.0,True
2026-03-23,YouTube,STATEMENT_CATEGORY_DATA_PROTECTION_AND_PRIVACY_VIOLATIONS,2348,0,1784,564,2244,0,0,28,0,28,0.0,0.7597955706984668,0.2402044293015332,0.9557069846678024,0.0,0.0,0.01192504258943782,0.0,0.01192504258943782,True
2026-03-23,YouTube,STATEMENT_CATEGORY_ILLEGAL_OR_HARMFUL_SPEECH,839,0,809,30,818,0,0,54,0,54,0.0,0.964243146603099,0.03575685339690107,0.9749702026221693,0.0,0.0,0.06436233611442194,0.0,0.06436233611442194,True
2026-03-23,YouTube,STATEMENT_CATEGORY_INTELLECTUAL_PROPERTY_INFRINGEMENTS,6977,3,5145,1829,6452,0,0,223,0,223,0.0004299842339114232,0.7374229611580909,0.2621470546079977,0.9247527590655009,0.0,0.0,0.0319621613874158,0.0,0.0319621613874158,True
2026-03-23,YouTube,STATEMENT_CATEGORY_NEGATIVE_EFFECTS_ON_CIVIC_DISCOURSE_OR_ELECTIONS,175273,929,0,174344,143,0,0,0,0,0,0.005300302955960131,0.0,0.9946996970440398,0.0008158700997871892,0.0,0.0,0.0,0.0,0.0,True
2026-03-23,YouTube,STATEMENT_CATEGORY_OTHER_VIOLATION_TC,635908,568652,52235,15021,598670,0,0,9781,0,9781,0.8942362731715908,0.08214238537650101,0.023621341451908136,0.941441214766916,0.0,0.0,0.01538115576467036,0.0,0.01538115576467036,True
2026-03-23,YouTube,STATEMENT_CATEGORY_PROTECTION_OF_MINORS,17770,0,17768,2,17457,0,0,0,0,0,0.0,0.9998874507597074,0.00011254924029262802,0.9823860438942037,0.0,0.0,0.0,0.0,0.0,True
2026-03-23,YouTube,STATEMENT_CATEGORY_RISK_FOR_PUBLIC_SECURITY,67,0,0,67,67,0,0,20,0,20,0.0,0.0,1.0,1.0,0.0,0.0,0.29850746268656714,0.0,0.29850746268656714,True
2026-03-23,YouTube,STATEMENT_CATEGORY_SCAMS_AND_FRAUD,194760,681,385,193694,189954,0,0,5191,0,5191,0.003496611213801602,0.0019767919490655166,0.9945265968371328,0.9753234750462108,0.0,0.0,0.026653316902854794,0.0,0.026653316902854794,True
2026-03-23,YouTube,STATEMENT_CATEGORY_UNSAFE_AND_PROHIBITED_PRODUCTS,61237,56804,0,4433,12719,0,0,1,0,1,0.9276091252020837,0.0,0.0723908747979163,0.20770122638274247,0.0,0.0,1.632999657070072e-05,0.0,1.632999657070072e-05,True
2026-03-23,YouTube,STATEMENT_CATEGORY_VIOLENCE,664,302,0,362,664,0,0,0,0,0,0.45481927710843373,0.0,0.5451807228915663,1.0,0.0,0.0,0.0,0.0,0.0,True
2026-03-30,Instagram,STATEMENT_CATEGORY_CYBER_VIOLENCE,1709,0,1104,605,1690,16,0,0,0,16,0.0,0.6459918080748976,0.3540081919251024,0.9888823873610298,0.009362200117027502,0.0,0.0,0.0,0.009362200117027502,True
2026-03-30,Instagram,STATEMENT_CATEGORY_DATA_PROTECTION_AND_PRIVACY_VIOLATIONS,132367,0,132118,249,271,132096,0,0,0,132096,0.0,0.9981188664848489,0.0018811335151510573,0.002047338082754765,0.9979526619172452,0.0,0.0,0.0,0.9979526619172452,True
2026-03-30,Instagram,STATEMENT_CATEGORY_ILLEGAL_OR_HARMFUL_SPEECH,5841,0,5405,436,5775,7,1,0,0,8,0.0,0.9253552473891457,0.0746447526108543,0.9887005649717514,0.0011984249272384865,0.0001712035610340695,0.0,0.0,0.001369628488272556,True
2026-03-30,Instagram,STATEMENT_CATEGORY_INTELLECTUAL_PROPERTY_INFRINGEMENTS,7941,0,4568,3373,7383,558,0,0,0,558,0.0,0.5752424127943584,0.4247575872056416,0.9297317718171515,0.0702682281828485,0.0,0.0,0.0,0.0702682281828485,True
2026-03-30,Instagram,STATEMENT_CATEGORY_NEGATIVE_EFFECTS_ON_CIVIC_DISCOURSE_OR_ELECTIONS,1094,0,1094,0,4,0,0,0,0,0,0.0,1.0,0.0,0.003656307129798903,0.0,0.0,0.0,0.0,0.0,True
2026-03-30,Instagram,STATEMENT_CATEGORY_OTHER_VIOLATION_TC,1238965,0,1185762,53203,49335,1189630,0,0,0,1189630,0.0,0.9570585125487806,0.04294148745121937,0.03981952678243534,0.9601804732175646,0.0,0.0,0.0,0.9601804732175646,True
2026-03-30,Instagram,STATEMENT_CATEGORY_PROTECTION_OF_MINORS,37117,0,35706,1411,18399,18717,0,0,0,18717,0.0,0.9619850742247488,0.03801492577525123,0.49570277770293936,0.5042702804644772,0.0,0.0,0.0,0.5042702804644772,True
2026-03-30,Instagram,STATEMENT_CATEGORY_RISK_FOR_PUBLIC_SECURITY,15172,0,11013,4159,14290,882,0,0,0,882,0.0,0.7258766148167677,0.27412338518323226,0.941866596361719,0.058133403638281046,0.0,0.0,0.0,0.058133403638281046,True
2026-03-30,Instagram,STATEMENT_CATEGORY_SCAMS_AND_FRAUD,263570,0,258608,4962,9415,254124,1,0,0,254125,0.0,0.9811738817012559,0.018826118298744168,0.035721060818757824,0.9641613233676063,3.7940585043821377e-06,0.0,0.0,0.9641651174261107,True
2026-03-30,Instagram,STATEMENT_CATEGORY_SELF_HARM,4520,0,3598,922,4493,0,0,0,0,0,0.0,0.7960176991150443,0.20398230088495575,0.9940265486725663,0.0,0.0,0.0,0.0,0.0,True
2026-03-30,Instagram,STATEMENT_CATEGORY_UNSAFE_AND_PROHIBITED_PRODUCTS,3505,0,2367,1138,2685,807,0,0,0,807,0.0,0.675320970042796,0.324679029957204,0.7660485021398002,0.23024251069900142,0.0,0.0,0.0,0.23024251069900142,True
2026-03-30,Instagram,STATEMENT_CATEGORY_VIOLENCE,14069,0,12957,1112,6244,1410,0,0,0,1410,0.0,0.9209609780368185,0.07903902196318147,0.44381263771412327,0.10022034259719952,0.0,0.0,0.0,0.10022034259719952,True
2026-03-30,LinkedIn,STATEMENT_CATEGORY_CYBER_VIOLENCE,916,0,0,916,916,0,0,0,0,0,0.0,0.0,1.0,1.0,0.0,0.0,0.0,0.0,0.0,True
2026-03-30,LinkedIn,STATEMENT_CATEGORY_ILLEGAL_OR_HARMFUL_SPEECH,561,0,0,561,561,0,0,0,0,0,0.0,0.0,1.0,1.0,0.0,0.0,0.0,0.0,0.0,True
2026-03-30,LinkedIn,STATEMENT_CATEGORY_INTELLECTUAL_PROPERTY_INFRINGEMENTS,38,0,0,38,38,0,0,0,0,0,0.0,0.0,1.0,1.0,0.0,0.0,0.0,0.0,0.0,True
2026-03-30,LinkedIn,STATEMENT_CATEGORY_NEGATIVE_EFFECTS_ON_CIVIC_DISCOURSE_OR_ELECTIONS,49,4,0,45,38,0,0,0,0,0,0.08163265306122448,0.0,0.9183673469387755,0.7755102040816326,0.0,0.0,0.0,0.0,0.0,True
2026-03-30,LinkedIn,STATEMENT_CATEGORY_OTHER_VIOLATION_TC,9920,7227,0,2693,9030,0,55,2,0,57,0.7285282258064516,0.0,0.2714717741935484,0.9102822580645161,0.0,0.005544354838709678,0.00020161290322580645,0.0,0.005745967741935484,True
2026-03-30,LinkedIn,STATEMENT_CATEGORY_RISK_FOR_PUBLIC_SECURITY,2,0,0,2,2,0,0,0,0,0,0.0,0.0,1.0,1.0,0.0,0.0,0.0,0.0,0.0,True
2026-03-30,LinkedIn,STATEMENT_CATEGORY_SCAMS_AND_FRAUD,744,154,0,590,744,0,0,0,0,0,0.20698924731182797,0.0,0.793010752688172,1.0,0.0,0.0,0.0,0.0,0.0,True
2026-03-30,LinkedIn,STATEMENT_CATEGORY_SELF_HARM,1,0,0,1,1,0,0,0,0,0,0.0,0.0,1.0,1.0,0.0,0.0,0.0,0.0,0.0,True
2026-03-30,LinkedIn,STATEMENT_CATEGORY_UNSAFE_AND_PROHIBITED_PRODUCTS,632,290,0,342,632,0,0,0,0,0,0.4588607594936709,0.0,0.5411392405063291,1.0,0.0,0.0,0.0,0.0,0.0,True
2026-03-30,LinkedIn,STATEMENT_CATEGORY_VIOLENCE,96,0,0,96,96,0,0,0,0,0,0.0,0.0,1.0,1.0,0.0,0.0,0.0,0.0,0.0,True
2026-03-30,Roblox,STATEMENT_CATEGORY_CYBER_VIOLENCE,47079,38726,0,8353,0,166,13574,0,0,13740,0.8225748210454767,0.0,0.17742517895452325,0.0,0.0035259882325452963,0.28832388113596297,0.0,0.0,0.29184986936850826,True
2026-03-30,Roblox,STATEMENT_CATEGORY_DATA_PROTECTION_AND_PRIVACY_VIOLATIONS,745,588,0,157,0,19,492,0,0,511,0.789261744966443,0.0,0.21073825503355706,0.0,0.025503355704697986,0.6604026845637584,0.0,0.0,0.6859060402684564,True
2026-03-30,Roblox,STATEMENT_CATEGORY_ILLEGAL_OR_HARMFUL_SPEECH,17942,13723,0,4219,0,639,7545,0,0,8184,0.7648534165644856,0.0,0.23514658343551442,0.0,0.035614758666815294,0.420521680972021,0.0,0.0,0.45613643963883627,True
2026-03-30,Roblox,STATEMENT_CATEGORY_INTELLECTUAL_PROPERTY_INFRINGEMENTS,93,1,0,92,0,49,44,0,0,93,0.010752688172043012,0.0,0.989247311827957,0.0,0.5268817204301075,0.4731182795698925,0.0,0.0,1.0,True
2026-03-30,Roblox,STATEMENT_CATEGORY_NEGATIVE_EFFECTS_ON_CIVIC_DISCOURSE_OR_ELECTIONS,18,9,0,9,0,4,7,0,0,11,0.5,0.0,0.5,0.0,0.2222222222222222,0.3888888888888889,0.0,0.0,0.6111111111111112,True
2026-03-30,Roblox,STATEMENT_CATEGORY_OTHER_VIOLATION_TC,816988,813555,0,3433,15,807319,7479,0,0,814798,0.9957979798968896,0.0,0.00420202010311045,1.8360122792501235e-05,0.9881650648479537,0.009154357224341117,0.0,0.0,0.9973194220722948,True
2026-03-30,Roblox,STATEMENT_CATEGORY_PROTECTION_OF_MINORS,783,157,0,626,0,724,59,0,0,783,0.20051085568326948,0.0,0.7994891443167306,0.0,0.9246487867177522,0.07535121328224777,0.0,0.0,1.0,True
2026-03-30,Roblox,STATEMENT_CATEGORY_RISK_FOR_PUBLIC_SECURITY,405,327,0,78,0,209,196,0,0,405,0.8074074074074075,0.0,0.1925925925925926,0.0,0.5160493827160494,0.4839506172839506,0.0,0.0,1.0,True
2026-03-30,Roblox,STATEMENT_CATEGORY_SCAMS_AND_FRAUD,7778,7396,0,382,0,1670,4133,0,0,5803,0.9508871175109282,0.0,0.04911288248907174,0.0,0.21470815119568012,0.5313705322705066,0.0,0.0,0.7460786834661867,True
2026-03-30,Roblox,STATEMENT_CATEGORY_UNSAFE_AND_PROHIBITED_PRODUCTS,293,173,0,120,0,11,271,0,0,282,0.590443686006826,0.0,0.40955631399317405,0.0,0.03754266211604096,0.9249146757679181,0.0,0.0,0.962457337883959,True
2026-03-30,Roblox,STATEMENT_CATEGORY_VIOLENCE,280,168,0,112,0,84,184,0,0,268,0.6,0.0,0.4,0.0,0.3,0.6571428571428571,0.0,0.0,0.9571428571428572,True
2026-03-30,Snapchat,STATEMENT_CATEGORY_CYBER_VIOLENCE,12598,883,0,11715,11681,0,917,0,0,917,0.0700904905540562,0.0,0.9299095094459437,0.9272106683600572,0.0,0.07278933163994285,0.0,0.0,0.07278933163994285,True
2026-03-30,Snapchat,STATEMENT_CATEGORY_ILLEGAL_OR_HARMFUL_SPEECH,2164,37,0,2127,2120,0,44,0,0,44,0.017097966728280962,0.0,0.982902033271719,0.9796672828096118,0.0,0.02033271719038817,0.0,0.0,0.02033271719038817,True
2026-03-30,Snapchat,STATEMENT_CATEGORY_INTELLECTUAL_PROPERTY_INFRINGEMENTS,142,0,0,142,140,0,2,0,0,2,0.0,0.0,1.0,0.9859154929577465,0.0,0.014084507042253521,0.0,0.0,0.014084507042253521,True
2026-03-30,Snapchat,STATEMENT_CATEGORY_OTHER_VIOLATION_TC,64337,19015,0,45322,36063,0,7233,0,0,7233,0.29555310319100986,0.0,0.7044468968089902,0.5605328193729892,0.0,0.11242364424825528,0.0,0.0,0.11242364424825528,True
2026-03-30,Snapchat,STATEMENT_CATEGORY_PROTECTION_OF_MINORS,2648,1483,0,1165,866,0,1782,0,0,1782,0.5600453172205438,0.0,0.4399546827794562,0.3270392749244713,0.0,0.6729607250755287,0.0,0.0,0.6729607250755287,True
2026-03-30,Snapchat,STATEMENT_CATEGORY_RISK_FOR_PUBLIC_SECURITY,178,1,0,177,167,0,11,0,0,11,0.0056179775280898875,0.0,0.9943820224719101,0.9382022471910112,0.0,0.06179775280898876,0.0,0.0,0.06179775280898876,True
2026-03-30,Snapchat,STATEMENT_CATEGORY_SCAMS_AND_FRAUD,5134,128,0,5006,4685,0,449,0,0,449,0.024931827035449942,0.0,0.9750681729645501,0.9125438254772108,0.0,0.08745617452278925,0.0,0.0,0.08745617452278925,True
2026-03-30,Snapchat,STATEMENT_CATEGORY_SELF_HARM,34,0,0,34,28,0,6,0,0,6,0.0,0.0,1.0,0.8235294117647058,0.0,0.17647058823529413,0.0,0.0,0.17647058823529413,True
2026-03-30,Snapchat,STATEMENT_CATEGORY_UNSAFE_AND_PROHIBITED_PRODUCTS,24406,4644,0,19762,15735,0,8671,0,0,8671,0.19028107842333852,0.0,0.8097189215766615,0.6447185118413505,0.0,0.3552814881586495,0.0,0.0,0.3552814881586495,True
2026-03-30,Snapchat,STATEMENT_CATEGORY_VIOLENCE,1718,27,0,1691,1616,0,102,0,0,102,0.01571594877764843,0.0,0.9842840512223515,0.940628637951106,0.0,0.059371362048894066,0.0,0.0,0.059371362048894066,True
2026-03-30,TikTok,STATEMENT_CATEGORY_ANIMAL_WELFARE,4529,3484,0,1045,3592,0,0,0,0,0,0.7692647383528373,0.0,0.23073526164716274,0.7931110620446015,0.0,0.0,0.0,0.0,0.0,True
2026-03-30,TikTok,STATEMENT_CATEGORY_CYBER_VIOLENCE,237,0,0,237,19,0,0,0,0,0,0.0,0.0,1.0,0.08016877637130802,0.0,0.0,0.0,0.0,0.0,True
2026-03-30,TikTok,STATEMENT_CATEGORY_DATA_PROTECTION_AND_PRIVACY_VIOLATIONS,47205,45465,0,1740,45838,0,0,0,0,0,0.9631394979345408,0.0,0.03686050206545917,0.9710412032623663,0.0,0.0,0.0,0.0,0.0,True
2026-03-30,TikTok,STATEMENT_CATEGORY_ILLEGAL_OR_HARMFUL_SPEECH,971940,785795,0,186145,870313,0,0,0,0,0,0.808480976191946,0.0,0.191519023808054,0.8954390188694775,0.0,0.0,0.0,0.0,0.0,True
2026-03-30,TikTok,STATEMENT_CATEGORY_INTELLECTUAL_PROPERTY_INFRINGEMENTS,5831,3380,0,2451,0,0,0,0,0,0,0.5796604356028126,0.0,0.42033956439718745,0.0,0.0,0.0,0.0,0.0,0.0,True
2026-03-30,TikTok,STATEMENT_CATEGORY_NEGATIVE_EFFECTS_ON_CIVIC_DISCOURSE_OR_ELECTIONS,18211,15022,0,3189,8118,0,0,0,0,0,0.8248860578771072,0.0,0.17511394212289275,0.4457745318763385,0.0,0.0,0.0,0.0,0.0,True
2026-03-30,TikTok,STATEMENT_CATEGORY_OTHER_VIOLATION_TC,7809657,7500099,0,309558,3096685,13189,0,0,0,13189,0.9603621516284262,0.0,0.03963784837157381,0.396519975205057,0.0016888065634636706,0.0,0.0,0.0,0.0016888065634636706,True
2026-03-30,TikTok,STATEMENT_CATEGORY_PROTECTION_OF_MINORS,62169,18051,0,44118,20759,8953,0,0,0,8953,0.29035371326545384,0.0,0.7096462867345461,0.33391240007077483,0.14401068056426836,0.0,0.0,0.0,0.14401068056426836,True
2026-03-30,TikTok,STATEMENT_CATEGORY_RISK_FOR_PUBLIC_SECURITY,36,0,0,36,2,0,0,0,0,0,0.0,0.0,1.0,0.05555555555555555,0.0,0.0,0.0,0.0,0.0,True
2026-03-30,TikTok,STATEMENT_CATEGORY_SCAMS_AND_FRAUD,246358,214448,0,31910,189438,20435,0,0,0,20435,0.8704730514129844,0.0,0.12952694858701563,0.7689541236736781,0.082948392177238,0.0,0.0,0.0,0.082948392177238,True
2026-03-30,TikTok,STATEMENT_CATEGORY_SELF_HARM,24065,17160,0,6905,16568,0,0,0,0,0,0.7130687720756285,0.0,0.2869312279243715,0.6884687305215043,0.0,0.0,0.0,0.0,0.0,True
2026-03-30,TikTok,STATEMENT_CATEGORY_UNSAFE_AND_PROHIBITED_PRODUCTS,112,0,0,112,23,0,0,0,0,0,0.0,0.0,1.0,0.20535714285714285,0.0,0.0,0.0,0.0,0.0,True
2026-03-30,TikTok,STATEMENT_CATEGORY_VIOLENCE,205371,190059,0,15312,153893,2,0,0,0,2,0.9254422484187154,0.0,0.0745577515812846,0.7493414357431185,9.738473299540831e-06,0.0,0.0,0.0,9.738473299540831e-06,True
2026-03-30,X,STATEMENT_CATEGORY_ANIMAL_WELFARE,3,0,0,3,0,0,3,0,0,3,0.0,0.0,1.0,0.0,0.0,1.0,0.0,0.0,1.0,True
2026-03-30,X,STATEMENT_CATEGORY_CYBER_VIOLENCE,1121,165,0,956,0,0,4,0,0,4,0.1471900089206066,0.0,0.8528099910793934,0.0,0.0,0.003568242640499554,0.0,0.0,0.003568242640499554,True
2026-03-30,X,STATEMENT_CATEGORY_DATA_PROTECTION_AND_PRIVACY_VIOLATIONS,20,0,0,20,0,0,2,0,0,2,0.0,0.0,1.0,0.0,0.0,0.1,0.0,0.0,0.1,True
2026-03-30,X,STATEMENT_CATEGORY_ILLEGAL_OR_HARMFUL_SPEECH,7,0,0,7,0,0,0,0,0,0,0.0,0.0,1.0,0.0,0.0,0.0,0.0,0.0,0.0,True
2026-03-30,X,STATEMENT_CATEGORY_INTELLECTUAL_PROPERTY_INFRINGEMENTS,554,0,0,554,0,0,415,0,0,415,0.0,0.0,1.0,0.0,0.0,0.7490974729241877,0.0,0.0,0.7490974729241877,True
2026-03-30,X,STATEMENT_CATEGORY_OTHER_VIOLATION_TC,3125,2453,0,672,0,5,13,5,0,18,0.78496,0.0,0.21504,0.0,0.0016,0.00416,0.0016,0.0,0.00576,True
2026-03-30,X,STATEMENT_CATEGORY_PROTECTION_OF_MINORS,2846,3,0,2843,0,0,2833,0,0,2833,0.0010541110330288123,0.0,0.9989458889669712,0.0,0.0,0.9954321855235418,0.0,0.0,0.9954321855235418,True
2026-03-30,X,STATEMENT_CATEGORY_SCAMS_AND_FRAUD,61162,60417,0,745,0,0,59812,0,0,59812,0.9878192341650044,0.0,0.012180765834995586,0.0,0.0,0.9779274713057127,0.0,0.0,0.9779274713057127,True
2026-03-30,X,STATEMENT_CATEGORY_SELF_HARM,338,0,0,338,0,0,12,0,0,12,0.0,0.0,1.0,0.0,0.0,0.03550295857988166,0.0,0.0,0.03550295857988166,True
2026-03-30,X,STATEMENT_CATEGORY_UNSAFE_AND_PROHIBITED_PRODUCTS,140,0,0,140,0,0,140,0,0,140,0.0,0.0,1.0,0.0,0.0,1.0,0.0,0.0,1.0,True
2026-03-30,X,STATEMENT_CATEGORY_VIOLENCE,1838,1390,0,448,0,0,40,0,0,40,0.7562568008705114,0.0,0.24374319912948858,0.0,0.0,0.02176278563656148,0.0,0.0,0.02176278563656148,True
2026-03-30,YouTube,STATEMENT_CATEGORY_CONSUMER_INFORMATION,74072,61267,0,12805,72440,0,0,1625,0,1625,0.8271276595744681,0.0,0.17287234042553193,0.9779673830867265,0.0,0.0,0.021938114267199483,0.0,0.021938114267199483,True
2026-03-30,YouTube,STATEMENT_CATEGORY_CYBER_VIOLENCE,23,0,0,23,22,0,0,0,0,0,0.0,0.0,1.0,0.9565217391304348,0.0,0.0,0.0,0.0,0.0,True
2026-03-30,YouTube,STATEMENT_CATEGORY_DATA_PROTECTION_AND_PRIVACY_VIOLATIONS,2292,0,1589,703,2170,0,0,35,0,35,0.0,0.6932809773123909,0.3067190226876091,0.9467713787085514,0.0,0.0,0.015270506108202443,0.0,0.015270506108202443,True
2026-03-30,YouTube,STATEMENT_CATEGORY_ILLEGAL_OR_HARMFUL_SPEECH,613,0,587,26,597,0,0,44,0,44,0.0,0.9575856443719413,0.04241435562805873,0.9738988580750407,0.0,0.0,0.07177814029363784,0.0,0.07177814029363784,True
2026-03-30,YouTube,STATEMENT_CATEGORY_INTELLECTUAL_PROPERTY_INFRINGEMENTS,6516,4,5293,1219,5682,0,0,153,0,153,0.0006138735420503376,0.8123081645181093,0.1870779619398404,0.8720073664825047,0.0,0.0,0.023480662983425413,0.0,0.023480662983425413,True
2026-03-30,YouTube,STATEMENT_CATEGORY_NEGATIVE_EFFECTS_ON_CIVIC_DISCOURSE_OR_ELECTIONS,145032,1664,0,143368,789,0,0,0,0,0,0.011473330023718904,0.0,0.9885266699762811,0.005440178719179216,0.0,0.0,0.0,0.0,0.0,True
2026-03-30,YouTube,STATEMENT_CATEGORY_OTHER_VIOLATION_TC,605284,533887,52951,18446,569516,0,0,11331,0,11331,0.8820438009265072,0.08748124847179176,0.03047495060170102,0.9409070783301723,0.0,0.0,0.01872013798481374,0.0,0.01872013798481374,True
2026-03-30,YouTube,STATEMENT_CATEGORY_PROTECTION_OF_MINORS,19515,0,19515,0,19151,0,0,0,0,0,0.0,1.0,0.0,0.9813476812708173,0.0,0.0,0.0,0.0,0.0,True
2026-03-30,YouTube,STATEMENT_CATEGORY_RISK_FOR_PUBLIC_SECURITY,30,0,0,30,30,0,0,20,0,20,0.0,0.0,1.0,1.0,0.0,0.0,0.6666666666666666,0.0,0.6666666666666666,True
2026-03-30,YouTube,STATEMENT_CATEGORY_SCAMS_AND_FRAUD,188475,597,474,187404,185336,0,0,3615,0,3615,0.0031675288499801034,0.0025149224035017907,0.9943175487465181,0.9833452712561348,0.0,0.0,0.019180262634301632,0.0,0.019180262634301632,True
2026-03-30,YouTube,STATEMENT_CATEGORY_UNSAFE_AND_PROHIBITED_PRODUCTS,58710,55899,0,2811,12413,0,0,0,0,0,0.952120592743996,0.0,0.047879407256004085,0.21142905808209844,0.0,0.0,0.0,0.0,0.0,True
2026-03-30,YouTube,STATEMENT_CATEGORY_VIOLENCE,591,94,0,497,591,0,0,0,0,0,0.15905245346869712,0.0,0.8409475465313029,1.0,0.0,0.0,0.0,0.0,0.0,True
2026-04-06,Instagram,STATEMENT_CATEGORY_CYBER_VIOLENCE,1866,0,1176,690,1847,18,0,0,0,18,0.0,0.6302250803858521,0.36977491961414793,0.9898177920685959,0.00964630225080386,0.0,0.0,0.0,0.00964630225080386,True
2026-04-06,Instagram,STATEMENT_CATEGORY_DATA_PROTECTION_AND_PRIVACY_VIOLATIONS,114643,0,114479,164,182,114461,0,0,0,114461,0.0,0.9985694721875736,0.001430527812426402,0.0015875369625707632,0.9984124630374293,0.0,0.0,0.0,0.9984124630374293,True
2026-04-06,Instagram,STATEMENT_CATEGORY_ILLEGAL_OR_HARMFUL_SPEECH,5269,0,4727,542,5202,11,0,0,0,11,0.0,0.8971341810590245,0.10286581894097552,0.9872841146327577,0.0020876826722338203,0.0,0.0,0.0,0.0020876826722338203,True
2026-04-06,Instagram,STATEMENT_CATEGORY_INTELLECTUAL_PROPERTY_INFRINGEMENTS,6340,0,2706,3634,5729,611,0,0,0,611,0.0,0.426813880126183,0.5731861198738171,0.9036277602523659,0.09637223974763406,0.0,0.0,0.0,0.09637223974763406,True
2026-04-06,Instagram,STATEMENT_CATEGORY_NEGATIVE_EFFECTS_ON_CIVIC_DISCOURSE_OR_ELECTIONS,1037,0,1037,0,0,0,0,0,0,0,0.0,1.0,0.0,0.0,0.0,0.0,0.0,0.0,0.0,True
2026-04-06,Instagram,STATEMENT_CATEGORY_OTHER_VIOLATION_TC,1408703,0,1343218,65485,58457,1350246,0,0,0,1350246,0.0,0.9535139770412926,0.04648602295870741,0.041497036635827426,0.9585029633641726,0.0,0.0,0.0,0.9585029633641726,True
2026-04-06,Instagram,STATEMENT_CATEGORY_PROTECTION_OF_MINORS,26331,0,24466,1865,9463,16867,0,0,0,16867,0.0,0.929170939197144,0.07082906080285595,0.3593862747332042,0.640575747218108,0.0,0.0,0.0,0.640575747218108,True
2026-04-06,Instagram,STATEMENT_CATEGORY_RISK_FOR_PUBLIC_SECURITY,18944,0,14361,4583,18031,913,0,0,0,913,0.0,0.7580764358108109,0.2419235641891892,0.9518053209459459,0.04819467905405406,0.0,0.0,0.0,0.04819467905405406,True
2026-04-06,Instagram,STATEMENT_CATEGORY_SCAMS_AND_FRAUD,344211,0,338446,5765,18828,325309,9,0,0,325318,0.0,0.9832515521003106,0.016748447899689434,0.05469900729494409,0.9450860082914259,2.6146753009055494e-05,0.0,0.0,0.9451121550444349,True
2026-04-06,Instagram,STATEMENT_CATEGORY_SELF_HARM,3914,0,3106,808,3903,0,0,0,0,0,0.0,0.7935615738375064,0.2064384261624936,0.9971895758814512,0.0,0.0,0.0,0.0,0.0,True
2026-04-06,Instagram,STATEMENT_CATEGORY_UNSAFE_AND_PROHIBITED_PRODUCTS,4149,0,2822,1327,2955,1174,1,0,0,1175,0.0,0.6801638949144372,0.31983610508556276,0.7122198120028923,0.2829597493371897,0.00024102193299590263,0.0,0.0,0.2832007712701856,True
2026-04-06,Instagram,STATEMENT_CATEGORY_VIOLENCE,15899,0,14227,1672,6946,1437,0,0,0,1437,0.0,0.8948361532171835,0.10516384678281653,0.4368828228190452,0.09038304295867665,0.0,0.0,0.0,0.09038304295867665,True
2026-04-06,LinkedIn,STATEMENT_CATEGORY_CONSUMER_INFORMATION,2,0,0,2,2,0,0,0,0,0,0.0,0.0,1.0,1.0,0.0,0.0,0.0,0.0,0.0,True
2026-04-06,LinkedIn,STATEMENT_CATEGORY_CYBER_VIOLENCE,868,0,0,868,868,0,0,0,0,0,0.0,0.0,1.0,1.0,0.0,0.0,0.0,0.0,0.0,True
2026-04-06,LinkedIn,STATEMENT_CATEGORY_ILLEGAL_OR_HARMFUL_SPEECH,547,1,0,546,546,0,0,1,0,1,0.0018281535648994515,0.0,0.9981718464351006,0.9981718464351006,0.0,0.0,0.0018281535648994515,0.0,0.0018281535648994515,True
2026-04-06,LinkedIn,STATEMENT_CATEGORY_INTELLECTUAL_PROPERTY_INFRINGEMENTS,13,0,0,13,13,0,0,0,0,0,0.0,0.0,1.0,1.0,0.0,0.0,0.0,0.0,0.0,True
2026-04-06,LinkedIn,STATEMENT_CATEGORY_NEGATIVE_EFFECTS_ON_CIVIC_DISCOURSE_OR_ELECTIONS,53,5,0,48,39,0,0,0,0,0,0.09433962264150944,0.0,0.9056603773584906,0.7358490566037735,0.0,0.0,0.0,0.0,0.0,True
2026-04-06,LinkedIn,STATEMENT_CATEGORY_OTHER_VIOLATION_TC,4125,1571,0,2554,3203,0,54,5,0,59,0.3808484848484848,0.0,0.6191515151515151,0.7764848484848484,0.0,0.01309090909090909,0.0012121212121212121,0.0,0.014303030303030304,True
2026-04-06,LinkedIn,STATEMENT_CATEGORY_RISK_FOR_PUBLIC_SECURITY,1,0,0,1,1,0,0,0,0,0,0.0,0.0,1.0,1.0,0.0,0.0,0.0,0.0,0.0,True
2026-04-06,LinkedIn,STATEMENT_CATEGORY_SCAMS_AND_FRAUD,731,313,0,418,731,0,0,0,0,0,0.42818057455540354,0.0,0.5718194254445964,1.0,0.0,0.0,0.0,0.0,0.0,True
2026-04-06,LinkedIn,STATEMENT_CATEGORY_SELF_HARM,2,0,0,2,2,0,0,0,0,0,0.0,0.0,1.0,1.0,0.0,0.0,0.0,0.0,0.0,True
2026-04-06,LinkedIn,STATEMENT_CATEGORY_UNSAFE_AND_PROHIBITED_PRODUCTS,443,192,0,251,443,0,0,0,0,0,0.43340857787810383,0.0,0.5665914221218962,1.0,0.0,0.0,0.0,0.0,0.0,True
2026-04-06,LinkedIn,STATEMENT_CATEGORY_VIOLENCE,88,0,0,88,88,0,0,0,0,0,0.0,0.0,1.0,1.0,0.0,0.0,0.0,0.0,0.0,True
2026-04-06,Roblox,STATEMENT_CATEGORY_CYBER_VIOLENCE,45758,37592,0,8166,0,176,14086,0,0,14262,0.821539402945933,0.0,0.17846059705406705,0.0,0.003846321954630884,0.3078368809825604,0.0,0.0,0.3116832029371913,True
2026-04-06,Roblox,STATEMENT_CATEGORY_DATA_PROTECTION_AND_PRIVACY_VIOLATIONS,784,624,0,160,0,17,584,0,0,601,0.7959183673469388,0.0,0.20408163265306123,0.0,0.021683673469387755,0.7448979591836735,0.0,0.0,0.7665816326530612,True
2026-04-06,Roblox,STATEMENT_CATEGORY_ILLEGAL_OR_HARMFUL_SPEECH,19296,15316,0,3980,0,1582,8170,0,0,9752,0.7937396351575456,0.0,0.20626036484245439,0.0,0.08198590381426202,0.4234038142620232,0.0,0.0,0.5053897180762852,True
2026-04-06,Roblox,STATEMENT_CATEGORY_INTELLECTUAL_PROPERTY_INFRINGEMENTS,57,0,0,57,0,16,41,0,0,57,0.0,0.0,1.0,0.0,0.2807017543859649,0.7192982456140351,0.0,0.0,1.0,True
2026-04-06,Roblox,STATEMENT_CATEGORY_NEGATIVE_EFFECTS_ON_CIVIC_DISCOURSE_OR_ELECTIONS,24,13,0,11,0,5,7,0,0,12,0.5416666666666666,0.0,0.4583333333333333,0.0,0.20833333333333334,0.2916666666666667,0.0,0.0,0.5,True
2026-04-06,Roblox,STATEMENT_CATEGORY_OTHER_VIOLATION_TC,999304,996403,0,2901,15,989884,7306,0,0,997190,0.9970969794977305,0.0,0.0029030205022695797,1.5010447271300826e-05,0.990573439113623,0.007311088517608255,0.0,0.0,0.9978845276312314,True
2026-04-06,Roblox,STATEMENT_CATEGORY_PROTECTION_OF_MINORS,1161,374,0,787,0,1078,83,0,0,1161,0.32213608957795004,0.0,0.67786391042205,0.0,0.9285099052540913,0.0714900947459087,0.0,0.0,1.0,True
2026-04-06,Roblox,STATEMENT_CATEGORY_RISK_FOR_PUBLIC_SECURITY,626,544,0,82,0,405,221,0,0,626,0.8690095846645367,0.0,0.13099041533546327,0.0,0.646964856230032,0.35303514376996803,0.0,0.0,1.0,True
2026-04-06,Roblox,STATEMENT_CATEGORY_SCAMS_AND_FRAUD,12368,12084,0,284,0,588,8712,0,0,9300,0.9770375161707633,0.0,0.02296248382923674,0.0,0.04754204398447607,0.704398447606727,0.0,0.0,0.7519404915912031,True
2026-04-06,Roblox,STATEMENT_CATEGORY_UNSAFE_AND_PROHIBITED_PRODUCTS,314,191,0,123,0,41,259,0,0,300,0.60828025477707,0.0,0.39171974522292996,0.0,0.1305732484076433,0.8248407643312102,0.0,0.0,0.9554140127388535,True
2026-04-06,Roblox,STATEMENT_CATEGORY_VIOLENCE,459,264,0,195,0,134,300,0,0,434,0.5751633986928104,0.0,0.42483660130718953,0.0,0.29193899782135074,0.6535947712418301,0.0,0.0,0.9455337690631809,True
2026-04-06,Snapchat,STATEMENT_CATEGORY_CYBER_VIOLENCE,11141,847,0,10294,10185,0,956,0,0,956,0.07602549142805852,0.0,0.9239745085719415,0.914190826676241,0.0,0.08580917332375909,0.0,0.0,0.08580917332375909,True
2026-04-06,Snapchat,STATEMENT_CATEGORY_ILLEGAL_OR_HARMFUL_SPEECH,2325,40,0,2285,2275,0,50,0,0,50,0.017204301075268817,0.0,0.9827956989247312,0.978494623655914,0.0,0.021505376344086023,0.0,0.0,0.021505376344086023,True
2026-04-06,Snapchat,STATEMENT_CATEGORY_INTELLECTUAL_PROPERTY_INFRINGEMENTS,4,0,0,4,4,0,0,0,0,0,0.0,0.0,1.0,1.0,0.0,0.0,0.0,0.0,0.0,True
2026-04-06,Snapchat,STATEMENT_CATEGORY_OTHER_VIOLATION_TC,62220,16969,0,45251,35081,0,7510,0,0,7510,0.27272581163612986,0.0,0.7272741883638701,0.5638219222115075,0.0,0.12070073931211829,0.0,0.0,0.12070073931211829,True
2026-04-06,Snapchat,STATEMENT_CATEGORY_PROTECTION_OF_MINORS,2788,1421,0,1367,892,0,1896,0,0,1896,0.5096843615494978,0.0,0.49031563845050213,0.3199426111908178,0.0,0.6800573888091822,0.0,0.0,0.6800573888091822,True
2026-04-06,Snapchat,STATEMENT_CATEGORY_RISK_FOR_PUBLIC_SECURITY,82,0,0,82,75,0,7,0,0,7,0.0,0.0,1.0,0.9146341463414634,0.0,0.08536585365853659,0.0,0.0,0.08536585365853659,True
2026-04-06,Snapchat,STATEMENT_CATEGORY_SCAMS_AND_FRAUD,5285,131,0,5154,4852,0,433,0,0,433,0.02478713339640492,0.0,0.9752128666035951,0.9180700094607379,0.0,0.08192999053926206,0.0,0.0,0.08192999053926206,True
2026-04-06,Snapchat,STATEMENT_CATEGORY_SELF_HARM,43,0,0,43,39,0,4,0,0,4,0.0,0.0,1.0,0.9069767441860465,0.0,0.09302325581395349,0.0,0.0,0.09302325581395349,True
2026-04-06,Snapchat,STATEMENT_CATEGORY_UNSAFE_AND_PROHIBITED_PRODUCTS,25550,7529,0,18021,14868,0,10682,0,0,10682,0.2946771037181996,0.0,0.7053228962818003,0.581917808219178,0.0,0.4180821917808219,0.0,0.0,0.4180821917808219,True
2026-04-06,Snapchat,STATEMENT_CATEGORY_VIOLENCE,1767,36,0,1731,1656,0,111,0,0,111,0.02037351443123939,0.0,0.9796264855687606,0.9371816638370118,0.0,0.06281833616298811,0.0,0.0,0.06281833616298811,True
2026-04-06,TikTok,STATEMENT_CATEGORY_ANIMAL_WELFARE,5241,4261,0,980,3596,0,0,0,0,0,0.8130127838198817,0.0,0.1869872161801183,0.6861286014119443,0.0,0.0,0.0,0.0,0.0,True
2026-04-06,TikTok,STATEMENT_CATEGORY_CYBER_VIOLENCE,221,0,0,221,21,0,0,0,0,0,0.0,0.0,1.0,0.09502262443438914,0.0,0.0,0.0,0.0,0.0,True
2026-04-06,TikTok,STATEMENT_CATEGORY_DATA_PROTECTION_AND_PRIVACY_VIOLATIONS,43650,42052,0,1598,42337,0,0,0,0,0,0.9633906071019473,0.0,0.03660939289805269,0.9699198167239405,0.0,0.0,0.0,0.0,0.0,True
2026-04-06,TikTok,STATEMENT_CATEGORY_ILLEGAL_OR_HARMFUL_SPEECH,938412,768007,0,170405,848090,0,0,0,0,0,0.8184113161383273,0.0,0.1815886838616727,0.9037501651726534,0.0,0.0,0.0,0.0,0.0,True
2026-04-06,TikTok,STATEMENT_CATEGORY_INTELLECTUAL_PROPERTY_INFRINGEMENTS,4757,2712,0,2045,0,0,0,0,0,0,0.5701072104267395,0.0,0.42989278957326044,0.0,0.0,0.0,0.0,0.0,0.0,True
2026-04-06,TikTok,STATEMENT_CATEGORY_NEGATIVE_EFFECTS_ON_CIVIC_DISCOURSE_OR_ELECTIONS,17299,14366,0,2933,7893,0,0,0,0,0,0.8304526273194982,0.0,0.16954737268050177,0.45626914850569394,0.0,0.0,0.0,0.0,0.0,True
2026-04-06,TikTok,STATEMENT_CATEGORY_OTHER_VIOLATION_TC,7566375,7262128,0,304247,3122739,32003,0,0,0,32003,0.9597895954139202,0.0,0.040210404586079856,0.41271269266987165,0.004229634402207133,0.0,0.0,0.0,0.004229634402207133,True
2026-04-06,TikTok,STATEMENT_CATEGORY_PROTECTION_OF_MINORS,59793,19059,0,40734,21398,7791,0,0,0,7791,0.3187496864181426,0.0,0.6812503135818574,0.3578679778569398,0.13029953339019618,0.0,0.0,0.0,0.13029953339019618,True
2026-04-06,TikTok,STATEMENT_CATEGORY_RISK_FOR_PUBLIC_SECURITY,51,0,0,51,9,0,0,0,0,0,0.0,0.0,1.0,0.17647058823529413,0.0,0.0,0.0,0.0,0.0,True
2026-04-06,TikTok,STATEMENT_CATEGORY_SCAMS_AND_FRAUD,218671,208032,0,10639,181406,3404,0,0,0,3404,0.951347000745412,0.0,0.04865299925458794,0.8295841698259029,0.015566764683016952,0.0,0.0,0.0,0.015566764683016952,True
2026-04-06,TikTok,STATEMENT_CATEGORY_SELF_HARM,26012,16506,0,9506,17517,0,0,0,0,0,0.6345532831001076,0.0,0.36544671689989233,0.6734199600184531,0.0,0.0,0.0,0.0,0.0,True
2026-04-06,TikTok,STATEMENT_CATEGORY_UNSAFE_AND_PROHIBITED_PRODUCTS,118,0,0,118,28,0,0,0,0,0,0.0,0.0,1.0,0.23728813559322035,0.0,0.0,0.0,0.0,0.0,True
2026-04-06,TikTok,STATEMENT_CATEGORY_VIOLENCE,202487,187104,0,15383,154310,0,0,0,0,0,0.9240296907949647,0.0,0.07597030920503539,0.762073614602419,0.0,0.0,0.0,0.0,0.0,True
2026-04-06,X,STATEMENT_CATEGORY_ANIMAL_WELFARE,2,0,0,2,0,0,2,0,0,2,0.0,0.0,1.0,0.0,0.0,1.0,0.0,0.0,1.0,True
2026-04-06,X,STATEMENT_CATEGORY_CYBER_VIOLENCE,633,86,0,547,0,0,1,0,0,1,0.1358609794628752,0.0,0.8641390205371248,0.0,0.0,0.001579778830963665,0.0,0.0,0.001579778830963665,True
2026-04-06,X,STATEMENT_CATEGORY_DATA_PROTECTION_AND_PRIVACY_VIOLATIONS,25,0,0,25,0,0,3,0,0,3,0.0,0.0,1.0,0.0,0.0,0.12,0.0,0.0,0.12,True
2026-04-06,X,STATEMENT_CATEGORY_ILLEGAL_OR_HARMFUL_SPEECH,7,0,0,7,0,0,0,0,0,0,0.0,0.0,1.0,0.0,0.0,0.0,0.0,0.0,0.0,True
2026-04-06,X,STATEMENT_CATEGORY_INTELLECTUAL_PROPERTY_INFRINGEMENTS,443,0,0,443,0,0,309,0,0,309,0.0,0.0,1.0,0.0,0.0,0.6975169300225733,0.0,0.0,0.6975169300225733,True
2026-04-06,X,STATEMENT_CATEGORY_OTHER_VIOLATION_TC,3321,2812,0,509,0,7,19,7,0,26,0.8467329117735621,0.0,0.1532670882264378,0.0,0.0021077988557663355,0.0057211683227943394,0.0021077988557663355,0.0,0.007828967178560674,True
2026-04-06,X,STATEMENT_CATEGORY_PROTECTION_OF_MINORS,2008,5,0,2003,0,0,1999,0,0,1999,0.00249003984063745,0.0,0.9975099601593626,0.0,0.0,0.9955179282868526,0.0,0.0,0.9955179282868526,True
2026-04-06,X,STATEMENT_CATEGORY_SCAMS_AND_FRAUD,161624,160744,0,880,0,0,160308,0,0,160308,0.9945552640696926,0.0,0.00544473593030738,0.0,0.0,0.9918576449042221,0.0,0.0,0.9918576449042221,True
2026-04-06,X,STATEMENT_CATEGORY_SELF_HARM,415,0,0,415,0,0,18,0,0,18,0.0,0.0,1.0,0.0,0.0,0.043373493975903614,0.0,0.0,0.043373493975903614,True
2026-04-06,X,STATEMENT_CATEGORY_UNSAFE_AND_PROHIBITED_PRODUCTS,258,0,0,258,0,0,258,0,0,258,0.0,0.0,1.0,0.0,0.0,1.0,0.0,0.0,1.0,True
2026-04-06,X,STATEMENT_CATEGORY_VIOLENCE,1967,1619,0,348,0,0,39,0,0,39,0.8230808337569904,0.0,0.17691916624300966,0.0,0.0,0.019827147941026944,0.0,0.0,0.019827147941026944,True
2026-04-06,YouTube,STATEMENT_CATEGORY_CONSUMER_INFORMATION,158655,106247,0,52408,157106,0,0,1545,0,1545,0.669673190255586,0.0,0.330326809744414,0.990236677066591,0.0,0.0,0.009738110995556395,0.0,0.009738110995556395,True
2026-04-06,YouTube,STATEMENT_CATEGORY_CYBER_VIOLENCE,34,0,0,34,29,0,0,0,0,0,0.0,0.0,1.0,0.8529411764705882,0.0,0.0,0.0,0.0,0.0,True
2026-04-06,YouTube,STATEMENT_CATEGORY_DATA_PROTECTION_AND_PRIVACY_VIOLATIONS,2847,0,2255,592,2741,0,0,34,0,34,0.0,0.7920618194590797,0.20793818054092025,0.9627678257815244,0.0,0.0,0.01194239550403934,0.0,0.01194239550403934,True
2026-04-06,YouTube,STATEMENT_CATEGORY_ILLEGAL_OR_HARMFUL_SPEECH,614,0,563,51,576,0,0,46,0,46,0.0,0.9169381107491856,0.08306188925081433,0.9381107491856677,0.0,0.0,0.0749185667752443,0.0,0.0749185667752443,True
2026-04-06,YouTube,STATEMENT_CATEGORY_INTELLECTUAL_PROPERTY_INFRINGEMENTS,8291,3,5085,3203,7555,0,0,164,0,164,0.00036183813773971776,0.6133156434688216,0.3863225183934387,0.9112290435411893,0.0,0.0,0.01978048486310457,0.0,0.01978048486310457,True
2026-04-06,YouTube,STATEMENT_CATEGORY_NEGATIVE_EFFECTS_ON_CIVIC_DISCOURSE_OR_ELECTIONS,80696,800,0,79896,25,0,0,0,0,0,0.00991375037176564,0.0,0.9900862496282343,0.00030980469911767624,0.0,0.0,0.0,0.0,0.0,True
2026-04-06,YouTube,STATEMENT_CATEGORY_OTHER_VIOLATION_TC,728145,594374,52866,80905,692006,0,0,11966,0,11966,0.8162852179167611,0.0726036709721278,0.1111111111111111,0.9503684018979737,0.0,0.0,0.01643354002293499,0.0,0.01643354002293499,True
2026-04-06,YouTube,STATEMENT_CATEGORY_PROTECTION_OF_MINORS,19688,0,19688,0,19246,0,0,0,0,0,0.0,1.0,0.0,0.9775497765136123,0.0,0.0,0.0,0.0,0.0,True
2026-04-06,YouTube,STATEMENT_CATEGORY_RISK_FOR_PUBLIC_SECURITY,32,0,0,32,32,0,0,19,0,19,0.0,0.0,1.0,1.0,0.0,0.0,0.59375,0.0,0.59375,True
2026-04-06,YouTube,STATEMENT_CATEGORY_SCAMS_AND_FRAUD,1444045,475,498,1443072,1440690,0,0,3854,0,3854,0.0003289371176106008,0.0003448645990949035,0.9993261982832945,0.9976766652008767,0.0,0.0,0.0026688918974131694,0.0,0.0026688918974131694,True
2026-04-06,YouTube,STATEMENT_CATEGORY_UNSAFE_AND_PROHIBITED_PRODUCTS,75646,70014,0,5632,16499,0,0,4,0,4,0.9255479470163657,0.0,0.07445205298363429,0.21810802950585623,0.0,0.0,5.2877878539513e-05,0.0,5.2877878539513e-05,True
2026-04-06,YouTube,STATEMENT_CATEGORY_VIOLENCE,557,55,0,502,557,0,0,0,0,0,0.09874326750448834,0.0,0.9012567324955116,1.0,0.0,0.0,0.0,0.0,0.0,True
2026-04-13,Instagram,STATEMENT_CATEGORY_CYBER_VIOLENCE,6093,0,1395,4698,6077,16,0,0,0,16,0.0,0.22895125553914328,0.7710487444608567,0.9973740357787625,0.0026259642212374855,0.0,0.0,0.0,0.0026259642212374855,True
2026-04-13,Instagram,STATEMENT_CATEGORY_DATA_PROTECTION_AND_PRIVACY_VIOLATIONS,99321,0,98924,397,449,98872,0,0,0,98872,0.0,0.9960028594154308,0.003997140584569225,0.004520695522598444,0.9954793044774015,0.0,0.0,0.0,0.9954793044774015,True
2026-04-13,Instagram,STATEMENT_CATEGORY_ILLEGAL_OR_HARMFUL_SPEECH,5793,0,4144,1649,5724,7,0,0,0,7,0.0,0.7153461073709649,0.28465389262903507,0.988089073019161,0.001208354911099603,0.0,0.0,0.0,0.001208354911099603,True
2026-04-13,Instagram,STATEMENT_CATEGORY_INTELLECTUAL_PROPERTY_INFRINGEMENTS,10677,0,6069,4608,10110,567,0,0,0,567,0.0,0.5684180949704973,0.43158190502950267,0.9468951952795729,0.053104804720427085,0.0,0.0,0.0,0.053104804720427085,True
2026-04-13,Instagram,STATEMENT_CATEGORY_NEGATIVE_EFFECTS_ON_CIVIC_DISCOURSE_OR_ELECTIONS,916,0,916,0,54,0,0,0,0,0,0.0,1.0,0.0,0.05895196506550218,0.0,0.0,0.0,0.0,0.0,True
2026-04-13,Instagram,STATEMENT_CATEGORY_OTHER_VIOLATION_TC,1387759,0,1324069,63690,64206,1323553,0,0,0,1323553,0.0,0.9541058642026461,0.045894135797353866,0.046265958282381885,0.9537340417176181,0.0,0.0,0.0,0.9537340417176181,True
2026-04-13,Instagram,STATEMENT_CATEGORY_PROTECTION_OF_MINORS,26935,0,24887,2048,10592,16342,0,0,0,16342,0.0,0.923965101169482,0.07603489883051791,0.39324299238908483,0.6067198811954706,0.0,0.0,0.0,0.6067198811954706,True
2026-04-13,Instagram,STATEMENT_CATEGORY_RISK_FOR_PUBLIC_SECURITY,13722,0,10322,3400,12779,943,0,0,0,943,0.0,0.7522227080600495,0.24777729193995043,0.9312782393237138,0.06872176067628626,0.0,0.0,0.0,0.06872176067628626,True
2026-04-13,Instagram,STATEMENT_CATEGORY_SCAMS_AND_FRAUD,340483,0,332805,7678,15909,324490,5,0,0,324495,0.0,0.9774496817755952,0.02255031822440474,0.046724799769738874,0.9530284918777149,1.4685020984894987e-05,0.0,0.0,0.9530431768986998,True
2026-04-13,Instagram,STATEMENT_CATEGORY_SELF_HARM,5130,0,4150,980,5117,0,0,0,0,0,0.0,0.8089668615984406,0.19103313840155944,0.9974658869395712,0.0,0.0,0.0,0.0,0.0,True
2026-04-13,Instagram,STATEMENT_CATEGORY_UNSAFE_AND_PROHIBITED_PRODUCTS,4398,0,2993,1405,3072,1314,5,0,0,1319,0.0,0.6805366075488859,0.31946339245111416,0.6984993178717599,0.2987721691678035,0.001136880400181901,0.0,0.0,0.2999090495679855,True
2026-04-13,Instagram,STATEMENT_CATEGORY_VIOLENCE,13573,0,11246,2327,5100,1564,0,0,0,1564,0.0,0.828556693435497,0.17144330656450305,0.3757459662565387,0.11522876298533855,0.0,0.0,0.0,0.11522876298533855,True
2026-04-13,LinkedIn,STATEMENT_CATEGORY_CYBER_VIOLENCE,947,2,0,945,947,0,0,0,0,0,0.0021119324181626186,0.0,0.9978880675818373,1.0,0.0,0.0,0.0,0.0,0.0,True
2026-04-13,LinkedIn,STATEMENT_CATEGORY_ILLEGAL_OR_HARMFUL_SPEECH,576,0,0,576,574,0,0,2,0,2,0.0,0.0,1.0,0.9965277777777778,0.0,0.0,0.003472222222222222,0.0,0.003472222222222222,True
2026-04-13,LinkedIn,STATEMENT_CATEGORY_INTELLECTUAL_PROPERTY_INFRINGEMENTS,6,0,0,6,6,0,0,0,0,0,0.0,0.0,1.0,1.0,0.0,0.0,0.0,0.0,0.0,True
2026-04-13,LinkedIn,STATEMENT_CATEGORY_NEGATIVE_EFFECTS_ON_CIVIC_DISCOURSE_OR_ELECTIONS,60,7,0,53,43,0,0,0,0,0,0.11666666666666667,0.0,0.8833333333333333,0.7166666666666667,0.0,0.0,0.0,0.0,0.0,True
2026-04-13,LinkedIn,STATEMENT_CATEGORY_OTHER_VIOLATION_TC,4935,2456,0,2479,3984,0,49,3,0,52,0.49766970618034445,0.0,0.5023302938196555,0.8072948328267477,0.0,0.009929078014184398,0.0006079027355623101,0.0,0.010536980749746707,True
2026-04-13,LinkedIn,STATEMENT_CATEGORY_RISK_FOR_PUBLIC_SECURITY,1,0,0,1,1,0,0,0,0,0,0.0,0.0,1.0,1.0,0.0,0.0,0.0,0.0,0.0,True
2026-04-13,LinkedIn,STATEMENT_CATEGORY_SCAMS_AND_FRAUD,340,72,0,268,340,0,0,0,0,0,0.21176470588235294,0.0,0.788235294117647,1.0,0.0,0.0,0.0,0.0,0.0,True
2026-04-13,LinkedIn,STATEMENT_CATEGORY_SELF_HARM,2,0,0,2,2,0,0,0,0,0,0.0,0.0,1.0,1.0,0.0,0.0,0.0,0.0,0.0,True
2026-04-13,LinkedIn,STATEMENT_CATEGORY_UNSAFE_AND_PROHIBITED_PRODUCTS,671,319,0,352,671,0,0,0,0,0,0.47540983606557374,0.0,0.5245901639344263,1.0,0.0,0.0,0.0,0.0,0.0,True
2026-04-13,LinkedIn,STATEMENT_CATEGORY_VIOLENCE,109,0,0,109,109,0,0,0,0,0,0.0,0.0,1.0,1.0,0.0,0.0,0.0,0.0,0.0,True
2026-04-13,Roblox,STATEMENT_CATEGORY_CYBER_VIOLENCE,39562,32760,0,6802,0,142,12841,0,0,12983,0.8280673373439159,0.0,0.17193266265608412,0.0,0.003589302866386937,0.32457914160052576,0.0,0.0,0.3281684444669127,True
2026-04-13,Roblox,STATEMENT_CATEGORY_DATA_PROTECTION_AND_PRIVACY_VIOLATIONS,707,523,0,184,0,56,454,0,0,510,0.7397454031117398,0.0,0.26025459688826025,0.0,0.07920792079207921,0.6421499292786421,0.0,0.0,0.7213578500707214,True
2026-04-13,Roblox,STATEMENT_CATEGORY_ILLEGAL_OR_HARMFUL_SPEECH,14552,11549,0,3003,0,107,6889,0,0,6996,0.7936366135239142,0.0,0.20636338647608576,0.0,0.007352941176470588,0.47340571742715776,0.0,0.0,0.4807586586036284,True
2026-04-13,Roblox,STATEMENT_CATEGORY_INTELLECTUAL_PROPERTY_INFRINGEMENTS,60,0,0,60,0,24,36,0,0,60,0.0,0.0,1.0,0.0,0.4,0.6,0.0,0.0,1.0,True
2026-04-13,Roblox,STATEMENT_CATEGORY_NEGATIVE_EFFECTS_ON_CIVIC_DISCOURSE_OR_ELECTIONS,23,10,0,13,0,3,13,0,0,16,0.43478260869565216,0.0,0.5652173913043478,0.0,0.13043478260869565,0.5652173913043478,0.0,0.0,0.6956521739130435,True
2026-04-13,Roblox,STATEMENT_CATEGORY_OTHER_VIOLATION_TC,352112,349048,0,3064,25,344469,6076,0,0,350545,0.9912982232925888,0.0,0.008701776707411278,7.100013632026174e-05,0.9782938383241696,0.01725587313127641,0.0,0.0,0.995549711455446,True
2026-04-13,Roblox,STATEMENT_CATEGORY_PROTECTION_OF_MINORS,652,147,0,505,0,599,53,0,0,652,0.2254601226993865,0.0,0.7745398773006135,0.0,0.9187116564417178,0.08128834355828221,0.0,0.0,1.0,True
2026-04-13,Roblox,STATEMENT_CATEGORY_RISK_FOR_PUBLIC_SECURITY,459,390,0,69,0,193,266,0,0,459,0.8496732026143791,0.0,0.1503267973856209,0.0,0.420479302832244,0.579520697167756,0.0,0.0,1.0,True
2026-04-13,Roblox,STATEMENT_CATEGORY_SCAMS_AND_FRAUD,19465,19253,0,212,0,7828,5152,0,0,12980,0.9891086565630619,0.0,0.010891343436938095,0.0,0.4021577189827896,0.26468019522219366,0.0,0.0,0.6668379142049833,True
2026-04-13,Roblox,STATEMENT_CATEGORY_UNSAFE_AND_PROHIBITED_PRODUCTS,260,154,0,106,0,27,230,0,0,257,0.5923076923076923,0.0,0.4076923076923077,0.0,0.10384615384615385,0.8846153846153846,0.0,0.0,0.9884615384615385,True
2026-04-13,Roblox,STATEMENT_CATEGORY_VIOLENCE,304,224,0,80,0,41,242,0,0,283,0.7368421052631579,0.0,0.2631578947368421,0.0,0.13486842105263158,0.7960526315789473,0.0,0.0,0.930921052631579,True
2026-04-13,Snapchat,STATEMENT_CATEGORY_CYBER_VIOLENCE,11385,926,0,10459,10362,0,1023,0,0,1023,0.0813350900307422,0.0,0.9186649099692578,0.9101449275362319,0.0,0.08985507246376812,0.0,0.0,0.08985507246376812,True
2026-04-13,Snapchat,STATEMENT_CATEGORY_ILLEGAL_OR_HARMFUL_SPEECH,2062,24,0,2038,2024,0,38,0,0,38,0.011639185257032008,0.0,0.988360814742968,0.9815712900096993,0.0,0.01842870999030068,0.0,0.0,0.01842870999030068,True
2026-04-13,Snapchat,STATEMENT_CATEGORY_INTELLECTUAL_PROPERTY_INFRINGEMENTS,88,0,0,88,88,0,0,0,0,0,0.0,0.0,1.0,1.0,0.0,0.0,0.0,0.0,0.0,True
2026-04-13,Snapchat,STATEMENT_CATEGORY_OTHER_VIOLATION_TC,60065,17423,0,42642,33873,0,7431,0,0,7431,0.29006909181719803,0.0,0.7099309081828019,0.5639390660118205,0.0,0.1237159743611088,0.0,0.0,0.1237159743611088,True
2026-04-13,Snapchat,STATEMENT_CATEGORY_PROTECTION_OF_MINORS,2471,1639,0,832,1106,0,1365,0,0,1365,0.6632942128692837,0.0,0.3367057871307163,0.4475920679886686,0.0,0.5524079320113314,0.0,0.0,0.5524079320113314,True
2026-04-13,Snapchat,STATEMENT_CATEGORY_RISK_FOR_PUBLIC_SECURITY,84,1,0,83,74,0,10,0,0,10,0.011904761904761904,0.0,0.9880952380952381,0.8809523809523809,0.0,0.11904761904761904,0.0,0.0,0.11904761904761904,True
2026-04-13,Snapchat,STATEMENT_CATEGORY_SCAMS_AND_FRAUD,5452,133,0,5319,5024,0,428,0,0,428,0.024394717534849595,0.0,0.9756052824651504,0.921496698459281,0.0,0.07850330154071901,0.0,0.0,0.07850330154071901,True
2026-04-13,Snapchat,STATEMENT_CATEGORY_SELF_HARM,58,0,0,58,56,0,2,0,0,2,0.0,0.0,1.0,0.9655172413793104,0.0,0.034482758620689655,0.0,0.0,0.034482758620689655,True
2026-04-13,Snapchat,STATEMENT_CATEGORY_UNSAFE_AND_PROHIBITED_PRODUCTS,22062,4443,0,17619,15078,0,6984,0,0,6984,0.20138700027196083,0.0,0.7986129997280391,0.6834375849877617,0.0,0.31656241501223825,0.0,0.0,0.31656241501223825,True
2026-04-13,Snapchat,STATEMENT_CATEGORY_VIOLENCE,1716,25,0,1691,1634,0,82,0,0,82,0.014568764568764568,0.0,0.9854312354312355,0.9522144522144522,0.0,0.047785547785547784,0.0,0.0,0.047785547785547784,True
2026-04-13,TikTok,STATEMENT_CATEGORY_ANIMAL_WELFARE,4847,4149,0,698,3461,0,0,0,0,0,0.8559933979781308,0.0,0.14400660202186918,0.7140499277903858,0.0,0.0,0.0,0.0,0.0,True
2026-04-13,TikTok,STATEMENT_CATEGORY_CYBER_VIOLENCE,222,0,0,222,29,0,0,0,0,0,0.0,0.0,1.0,0.13063063063063063,0.0,0.0,0.0,0.0,0.0,True
2026-04-13,TikTok,STATEMENT_CATEGORY_DATA_PROTECTION_AND_PRIVACY_VIOLATIONS,45184,43430,0,1754,43718,0,0,0,0,0,0.9611809490084986,0.0,0.038819050991501416,0.9675548866855525,0.0,0.0,0.0,0.0,0.0,True
2026-04-13,TikTok,STATEMENT_CATEGORY_ILLEGAL_OR_HARMFUL_SPEECH,832239,675538,0,156701,745842,0,0,0,0,0,0.8117115395937946,0.0,0.18828846040620542,0.8961872731270705,0.0,0.0,0.0,0.0,0.0,True
2026-04-13,TikTok,STATEMENT_CATEGORY_INTELLECTUAL_PROPERTY_INFRINGEMENTS,4857,2769,0,2088,0,0,0,0,0,0,0.5701050030883261,0.0,0.4298949969116739,0.0,0.0,0.0,0.0,0.0,0.0,True
2026-04-13,TikTok,STATEMENT_CATEGORY_NEGATIVE_EFFECTS_ON_CIVIC_DISCOURSE_OR_ELECTIONS,16946,14650,0,2296,6981,0,0,0,0,0,0.8645107990086156,0.0,0.1354892009913844,0.41195562374601674,0.0,0.0,0.0,0.0,0.0,True
2026-04-13,TikTok,STATEMENT_CATEGORY_OTHER_VIOLATION_TC,7267298,6940439,0,326859,2940371,55942,0,0,0,55942,0.9550233112774514,0.0,0.0449766887225486,0.40460305879846953,0.007697771578927959,0.0,0.0,0.0,0.007697771578927959,True
2026-04-13,TikTok,STATEMENT_CATEGORY_PROTECTION_OF_MINORS,56609,17701,0,38908,20136,7343,0,0,0,7343,0.3126887950679221,0.0,0.687311204932078,0.3557031567418608,0.1297143563744281,0.0,0.0,0.0,0.1297143563744281,True
2026-04-13,TikTok,STATEMENT_CATEGORY_RISK_FOR_PUBLIC_SECURITY,39,0,0,39,3,0,0,0,0,0,0.0,0.0,1.0,0.07692307692307693,0.0,0.0,0.0,0.0,0.0,True
2026-04-13,TikTok,STATEMENT_CATEGORY_SCAMS_AND_FRAUD,220897,196737,0,24160,171493,19680,0,0,0,19680,0.8906277586386415,0.0,0.10937224136135847,0.7763482528056063,0.08909129594335821,0.0,0.0,0.0,0.08909129594335821,True
2026-04-13,TikTok,STATEMENT_CATEGORY_SELF_HARM,23808,16327,0,7481,16147,0,0,0,0,0,0.6857778897849462,0.0,0.31422211021505375,0.6782174059139785,0.0,0.0,0.0,0.0,0.0,True
2026-04-13,TikTok,STATEMENT_CATEGORY_UNSAFE_AND_PROHIBITED_PRODUCTS,114,0,0,114,34,0,0,0,0,0,0.0,0.0,1.0,0.2982456140350877,0.0,0.0,0.0,0.0,0.0,True
2026-04-13,TikTok,STATEMENT_CATEGORY_VIOLENCE,190788,177299,0,13489,143414,0,0,0,0,0,0.9292984883745309,0.0,0.0707015116254691,0.7516929785940416,0.0,0.0,0.0,0.0,0.0,True
2026-04-13,X,STATEMENT_CATEGORY_ANIMAL_WELFARE,1,0,0,1,0,0,1,0,0,1,0.0,0.0,1.0,0.0,0.0,1.0,0.0,0.0,1.0,True
2026-04-13,X,STATEMENT_CATEGORY_CYBER_VIOLENCE,617,0,0,617,0,0,5,0,0,5,0.0,0.0,1.0,0.0,0.0,0.008103727714748784,0.0,0.0,0.008103727714748784,True
2026-04-13,X,STATEMENT_CATEGORY_DATA_PROTECTION_AND_PRIVACY_VIOLATIONS,29,0,0,29,0,0,1,0,0,1,0.0,0.0,1.0,0.0,0.0,0.034482758620689655,0.0,0.0,0.034482758620689655,True
2026-04-13,X,STATEMENT_CATEGORY_ILLEGAL_OR_HARMFUL_SPEECH,9,0,0,9,0,0,0,0,0,0,0.0,0.0,1.0,0.0,0.0,0.0,0.0,0.0,0.0,True
2026-04-13,X,STATEMENT_CATEGORY_INTELLECTUAL_PROPERTY_INFRINGEMENTS,570,0,0,570,0,0,408,0,0,408,0.0,0.0,1.0,0.0,0.0,0.7157894736842105,0.0,0.0,0.7157894736842105,True
2026-04-13,X,STATEMENT_CATEGORY_OTHER_VIOLATION_TC,3156,2392,0,764,0,17,21,17,0,38,0.7579214195183777,0.0,0.2420785804816223,0.0,0.005386565272496832,0.006653992395437262,0.005386565272496832,0.0,0.012040557667934094,True
2026-04-13,X,STATEMENT_CATEGORY_PROTECTION_OF_MINORS,2976,1,0,2975,0,0,2973,0,0,2973,0.0003360215053763441,0.0,0.9996639784946236,0.0,0.0,0.998991935483871,0.0,0.0,0.998991935483871,True
2026-04-13,X,STATEMENT_CATEGORY_SCAMS_AND_FRAUD,54390,53927,0,463,0,0,53358,0,0,53358,0.9914874057731201,0.0,0.008512594226879942,0.0,0.0,0.9810259238830668,0.0,0.0,0.9810259238830668,True
2026-04-13,X,STATEMENT_CATEGORY_SELF_HARM,708,379,0,329,0,0,27,0,0,27,0.5353107344632768,0.0,0.4646892655367232,0.0,0.0,0.038135593220338986,0.0,0.0,0.038135593220338986,True
2026-04-13,X,STATEMENT_CATEGORY_UNSAFE_AND_PROHIBITED_PRODUCTS,751,0,0,751,0,0,751,0,0,751,0.0,0.0,1.0,0.0,0.0,1.0,0.0,0.0,1.0,True
2026-04-13,X,STATEMENT_CATEGORY_VIOLENCE,1967,1467,0,500,0,0,48,0,0,48,0.7458057956278596,0.0,0.2541942043721403,0.0,0.0,0.02440264361972547,0.0,0.0,0.02440264361972547,True
2026-04-13,YouTube,STATEMENT_CATEGORY_ANIMAL_WELFARE,1,0,0,1,1,0,0,0,0,0,0.0,0.0,1.0,1.0,0.0,0.0,0.0,0.0,0.0,True
2026-04-13,YouTube,STATEMENT_CATEGORY_CONSUMER_INFORMATION,70800,42122,0,28678,69318,0,0,1481,0,1481,0.5949435028248587,0.0,0.40505649717514125,0.9790677966101695,0.0,0.0,0.0209180790960452,0.0,0.0209180790960452,True
2026-04-13,YouTube,STATEMENT_CATEGORY_CYBER_VIOLENCE,27,0,0,27,0,0,0,1,0,1,0.0,0.0,1.0,0.0,0.0,0.0,0.037037037037037035,0.0,0.037037037037037035,True
2026-04-13,YouTube,STATEMENT_CATEGORY_DATA_PROTECTION_AND_PRIVACY_VIOLATIONS,2439,0,1964,475,2354,0,0,25,0,25,0.0,0.8052480524805248,0.1947519475194752,0.965149651496515,0.0,0.0,0.01025010250102501,0.0,0.01025010250102501,True
2026-04-13,YouTube,STATEMENT_CATEGORY_ILLEGAL_OR_HARMFUL_SPEECH,623,0,599,24,606,0,0,231,0,231,0.0,0.9614767255216693,0.038523274478330656,0.9727126805778491,0.0,0.0,0.3707865168539326,0.0,0.3707865168539326,True
2026-04-13,YouTube,STATEMENT_CATEGORY_INTELLECTUAL_PROPERTY_INFRINGEMENTS,7025,2,4151,2872,6850,0,0,93,0,93,0.00028469750889679714,0.5908896797153025,0.4088256227758007,0.9750889679715302,0.0,0.0,0.013238434163701067,0.0,0.013238434163701067,True
2026-04-13,YouTube,STATEMENT_CATEGORY_NEGATIVE_EFFECTS_ON_CIVIC_DISCOURSE_OR_ELECTIONS,23867,1068,0,22799,79,0,0,0,0,0,0.04474797838019022,0.0,0.9552520216198098,0.003310009636736917,0.0,0.0,0.0,0.0,0.0,True
2026-04-13,YouTube,STATEMENT_CATEGORY_OTHER_VIOLATION_TC,4470407,4416018,38224,16165,4445518,0,0,11204,0,11204,0.9878335462520527,0.00855045189397744,0.003616001853969896,0.994432497980609,0.0,0.0,0.0025062594971777736,0.0,0.0025062594971777736,True
2026-04-13,YouTube,STATEMENT_CATEGORY_PROTECTION_OF_MINORS,13307,0,13304,3,12791,0,0,0,0,0,0.0,0.9997745547456226,0.00022544525437739535,0.961223416247088,0.0,0.0,0.0,0.0,0.0,True
2026-04-13,YouTube,STATEMENT_CATEGORY_RISK_FOR_PUBLIC_SECURITY,13,0,0,13,13,0,0,8,0,8,0.0,0.0,1.0,1.0,0.0,0.0,0.6153846153846154,0.0,0.6153846153846154,True
2026-04-13,YouTube,STATEMENT_CATEGORY_SCAMS_AND_FRAUD,560711,552,365,559794,558091,0,0,2987,0,2987,0.000984464367561899,0.0006509592285508934,0.9983645764038872,0.9953273611539635,0.0,0.0,0.005327164974469914,0.0,0.005327164974469914,True
2026-04-13,YouTube,STATEMENT_CATEGORY_UNSAFE_AND_PROHIBITED_PRODUCTS,68506,64735,0,3771,14815,0,0,1,0,1,0.9449537266808746,0.0,0.05504627331912533,0.21625842991854727,0.0,0.0,1.459726155373252e-05,0.0,1.459726155373252e-05,True
2026-04-13,YouTube,STATEMENT_CATEGORY_VIOLENCE,769,35,0,734,769,0,0,0,0,0,0.045513654096228866,0.0,0.9544863459037711,1.0,0.0,0.0,0.0,0.0,0.0,True
2026-04-20,Instagram,STATEMENT_CATEGORY_CYBER_VIOLENCE,3288,0,698,2590,3270,17,0,0,0,17,0.0,0.21228710462287104,0.787712895377129,0.9945255474452555,0.005170316301703163,0.0,0.0,0.0,0.005170316301703163,True
2026-04-20,Instagram,STATEMENT_CATEGORY_DATA_PROTECTION_AND_PRIVACY_VIOLATIONS,65132,0,64966,166,254,64878,0,0,0,64878,0.0,0.9974513296075662,0.0025486703924338266,0.0038997727691457347,0.9961002272308542,0.0,0.0,0.0,0.9961002272308542,True
2026-04-20,Instagram,STATEMENT_CATEGORY_ILLEGAL_OR_HARMFUL_SPEECH,3219,0,2396,823,3131,8,0,0,0,8,0.0,0.7443305374339857,0.2556694625660143,0.9726623174899037,0.0024852438645542093,0.0,0.0,0.0,0.0024852438645542093,True
2026-04-20,Instagram,STATEMENT_CATEGORY_INTELLECTUAL_PROPERTY_INFRINGEMENTS,13713,0,8743,4970,13200,513,0,0,0,513,0.0,0.6375701888718734,0.3624298111281266,0.9625902428352658,0.03740975716473419,0.0,0.0,0.0,0.03740975716473419,True
2026-04-20,Instagram,STATEMENT_CATEGORY_NEGATIVE_EFFECTS_ON_CIVIC_DISCOURSE_OR_ELECTIONS,816,0,816,0,1,0,0,0,0,0,0.0,1.0,0.0,0.0012254901960784314,0.0,0.0,0.0,0.0,0.0,True
2026-04-20,Instagram,STATEMENT_CATEGORY_OTHER_VIOLATION_TC,994910,0,930179,64731,57631,937277,0,0,0,937277,0.0,0.934937833572886,0.06506216642711402,0.05792584253852107,0.9420721472293976,0.0,0.0,0.0,0.9420721472293976,True
2026-04-20,Instagram,STATEMENT_CATEGORY_PROTECTION_OF_MINORS,31464,0,29138,2326,10679,20784,0,0,0,20784,0.0,0.9260742435799644,0.0739257564200356,0.3394037630307653,0.6605644546147978,0.0,0.0,0.0,0.6605644546147978,True
2026-04-20,Instagram,STATEMENT_CATEGORY_RISK_FOR_PUBLIC_SECURITY,19948,0,14424,5524,19084,864,0,0,0,864,0.0,0.7230800080208543,0.2769199919791458,0.9566873872067375,0.043312612793262484,0.0,0.0,0.0,0.043312612793262484,True
2026-04-20,Instagram,STATEMENT_CATEGORY_SCAMS_AND_FRAUD,282208,0,274063,8145,20266,261891,0,0,0,261891,0.0,0.9711383093321239,0.028861690667876177,0.07181228030388934,0.9280070019276562,0.0,0.0,0.0,0.9280070019276562,True
2026-04-20,Instagram,STATEMENT_CATEGORY_SELF_HARM,4337,0,3168,1169,4329,2,0,0,0,2,0.0,0.7304588425178695,0.2695411574821305,0.9981554069633387,0.0004611482591653217,0.0,0.0,0.0,0.0004611482591653217,True
2026-04-20,Instagram,STATEMENT_CATEGORY_UNSAFE_AND_PROHIBITED_PRODUCTS,4138,0,2587,1551,3145,975,5,0,0,980,0.0,0.6251812469792171,0.374818753020783,0.7600289995166747,0.23562107298211696,0.001208313194780087,0.0,0.0,0.23682938617689706,True
2026-04-20,Instagram,STATEMENT_CATEGORY_VIOLENCE,13141,0,11086,2055,4133,1691,0,0,0,1691,0.0,0.8436192070618674,0.15638079293813256,0.31451183319382087,0.12868122669507648,0.0,0.0,0.0,0.12868122669507648,True
2026-04-20,LinkedIn,STATEMENT_CATEGORY_CYBER_VIOLENCE,1015,7,0,1008,1015,0,0,0,0,0,0.006896551724137931,0.0,0.993103448275862,1.0,0.0,0.0,0.0,0.0,0.0,True
2026-04-20,LinkedIn,STATEMENT_CATEGORY_ILLEGAL_OR_HARMFUL_SPEECH,601,3,0,598,598,0,0,3,0,3,0.004991680532445923,0.0,0.9950083194675541,0.9950083194675541,0.0,0.0,0.004991680532445923,0.0,0.004991680532445923,True
2026-04-20,LinkedIn,STATEMENT_CATEGORY_INTELLECTUAL_PROPERTY_INFRINGEMENTS,11,0,0,11,11,0,0,0,0,0,0.0,0.0,1.0,1.0,0.0,0.0,0.0,0.0,0.0,True
2026-04-20,LinkedIn,STATEMENT_CATEGORY_NEGATIVE_EFFECTS_ON_CIVIC_DISCOURSE_OR_ELECTIONS,78,5,0,73,63,0,0,0,0,0,0.0641025641025641,0.0,0.9358974358974359,0.8076923076923077,0.0,0.0,0.0,0.0,0.0,True
2026-04-20,LinkedIn,STATEMENT_CATEGORY_OTHER_VIOLATION_TC,3920,1299,0,2621,2919,0,55,3,0,58,0.33137755102040817,0.0,0.6686224489795919,0.7446428571428572,0.0,0.01403061224489796,0.0007653061224489796,0.0,0.01479591836734694,True
2026-04-20,LinkedIn,STATEMENT_CATEGORY_RISK_FOR_PUBLIC_SECURITY,2,0,0,2,2,0,0,0,0,0,0.0,0.0,1.0,1.0,0.0,0.0,0.0,0.0,0.0,True
2026-04-20,LinkedIn,STATEMENT_CATEGORY_SCAMS_AND_FRAUD,612,192,0,420,612,0,0,0,0,0,0.3137254901960784,0.0,0.6862745098039216,1.0,0.0,0.0,0.0,0.0,0.0,True
2026-04-20,LinkedIn,STATEMENT_CATEGORY_SELF_HARM,5,0,0,5,5,0,0,0,0,0,0.0,0.0,1.0,1.0,0.0,0.0,0.0,0.0,0.0,True
2026-04-20,LinkedIn,STATEMENT_CATEGORY_UNSAFE_AND_PROHIBITED_PRODUCTS,775,300,0,475,775,0,0,0,0,0,0.3870967741935484,0.0,0.6129032258064516,1.0,0.0,0.0,0.0,0.0,0.0,True
2026-04-20,LinkedIn,STATEMENT_CATEGORY_VIOLENCE,115,0,0,115,115,0,0,0,0,0,0.0,0.0,1.0,1.0,0.0,0.0,0.0,0.0,0.0,True
2026-04-20,Roblox,STATEMENT_CATEGORY_CYBER_VIOLENCE,37225,30748,0,6477,0,107,12637,0,0,12744,0.8260040295500336,0.0,0.17399597044996643,0.0,0.00287441235728677,0.3394761584956347,0.0,0.0,0.3423505708529214,True
2026-04-20,Roblox,STATEMENT_CATEGORY_DATA_PROTECTION_AND_PRIVACY_VIOLATIONS,624,488,0,136,0,4,459,0,0,463,0.782051282051282,0.0,0.21794871794871795,0.0,0.00641025641025641,0.7355769230769231,0.0,0.0,0.7419871794871795,True
2026-04-20,Roblox,STATEMENT_CATEGORY_ILLEGAL_OR_HARMFUL_SPEECH,13781,10788,0,2993,0,291,6687,0,0,6978,0.7828169218489224,0.0,0.21718307815107757,0.0,0.02111602931572455,0.4852332922139177,0.0,0.0,0.5063493215296423,True
2026-04-20,Roblox,STATEMENT_CATEGORY_INTELLECTUAL_PROPERTY_INFRINGEMENTS,53,1,0,52,0,24,29,0,0,53,0.018867924528301886,0.0,0.9811320754716981,0.0,0.4528301886792453,0.5471698113207547,0.0,0.0,1.0,True
2026-04-20,Roblox,STATEMENT_CATEGORY_NEGATIVE_EFFECTS_ON_CIVIC_DISCOURSE_OR_ELECTIONS,12,4,0,8,0,0,10,0,0,10,0.3333333333333333,0.0,0.6666666666666666,0.0,0.0,0.8333333333333334,0.0,0.0,0.8333333333333334,True
2026-04-20,Roblox,STATEMENT_CATEGORY_OTHER_VIOLATION_TC,843151,840903,0,2248,17,834924,6781,0,0,841705,0.9973338109069432,0.0,0.0026661890930568784,2.016246200265433e-05,0.9902425544178919,0.008042450284705824,0.0,0.0,0.9982850047025977,True
2026-04-20,Roblox,STATEMENT_CATEGORY_PROTECTION_OF_MINORS,730,152,0,578,0,681,49,0,0,730,0.20821917808219179,0.0,0.7917808219178082,0.0,0.9328767123287671,0.06712328767123288,0.0,0.0,1.0,True
2026-04-20,Roblox,STATEMENT_CATEGORY_RISK_FOR_PUBLIC_SECURITY,480,388,0,92,0,107,373,0,0,480,0.8083333333333333,0.0,0.19166666666666668,0.0,0.22291666666666668,0.7770833333333333,0.0,0.0,1.0,True
2026-04-20,Roblox,STATEMENT_CATEGORY_SCAMS_AND_FRAUD,12311,12077,0,234,0,769,6545,0,0,7314,0.9809926082365364,0.0,0.01900739176346357,0.0,0.06246446267565592,0.5316383721874746,0.0,0.0,0.5941028348631305,True
2026-04-20,Roblox,STATEMENT_CATEGORY_UNSAFE_AND_PROHIBITED_PRODUCTS,263,168,0,95,0,8,253,0,0,261,0.6387832699619772,0.0,0.3612167300380228,0.0,0.030418250950570342,0.9619771863117871,0.0,0.0,0.9923954372623575,True
2026-04-20,Roblox,STATEMENT_CATEGORY_VIOLENCE,1143,1027,0,116,0,73,1056,0,0,1129,0.8985126859142607,0.0,0.10148731408573929,0.0,0.06386701662292213,0.9238845144356955,0.0,0.0,0.9877515310586177,True
2026-04-20,Snapchat,STATEMENT_CATEGORY_CYBER_VIOLENCE,10822,849,0,9973,9863,0,959,0,0,959,0.07845130290149695,0.0,0.9215486970985031,0.9113842173350583,0.0,0.08861578266494179,0.0,0.0,0.08861578266494179,True
2026-04-20,Snapchat,STATEMENT_CATEGORY_ILLEGAL_OR_HARMFUL_SPEECH,2325,27,0,2298,2293,0,32,0,0,32,0.011612903225806452,0.0,0.9883870967741936,0.9862365591397849,0.0,0.013763440860215054,0.0,0.0,0.013763440860215054,True
2026-04-20,Snapchat,STATEMENT_CATEGORY_INTELLECTUAL_PROPERTY_INFRINGEMENTS,14,0,0,14,9,0,5,0,0,5,0.0,0.0,1.0,0.6428571428571429,0.0,0.35714285714285715,0.0,0.0,0.35714285714285715,True
2026-04-20,Snapchat,STATEMENT_CATEGORY_OTHER_VIOLATION_TC,60288,18328,0,41960,34067,0,7640,0,0,7640,0.30400743099787686,0.0,0.6959925690021231,0.5650709925690022,0.0,0.12672505307855628,0.0,0.0,0.12672505307855628,True
2026-04-20,Snapchat,STATEMENT_CATEGORY_PROTECTION_OF_MINORS,3087,1859,0,1228,1340,0,1747,0,0,1747,0.6022027858762553,0.0,0.39779721412374475,0.4340783932620667,0.0,0.5659216067379332,0.0,0.0,0.5659216067379332,True
2026-04-20,Snapchat,STATEMENT_CATEGORY_RISK_FOR_PUBLIC_SECURITY,81,0,0,81,76,0,5,0,0,5,0.0,0.0,1.0,0.9382716049382716,0.0,0.06172839506172839,0.0,0.0,0.06172839506172839,True
2026-04-20,Snapchat,STATEMENT_CATEGORY_SCAMS_AND_FRAUD,4751,118,0,4633,4281,0,470,0,0,470,0.024836876447063776,0.0,0.9751631235529362,0.9010734582193223,0.0,0.09892654178067775,0.0,0.0,0.09892654178067775,True
2026-04-20,Snapchat,STATEMENT_CATEGORY_SELF_HARM,63,0,0,63,58,0,5,0,0,5,0.0,0.0,1.0,0.9206349206349206,0.0,0.07936507936507936,0.0,0.0,0.07936507936507936,True
2026-04-20,Snapchat,STATEMENT_CATEGORY_UNSAFE_AND_PROHIBITED_PRODUCTS,22417,4573,0,17844,15095,0,7322,0,0,7322,0.20399696658785743,0.0,0.7960030334121426,0.6733728866485257,0.0,0.3266271133514743,0.0,0.0,0.3266271133514743,True
2026-04-20,Snapchat,STATEMENT_CATEGORY_VIOLENCE,2299,40,0,2259,2190,0,109,0,0,109,0.017398869073510223,0.0,0.9826011309264898,0.9525880817746847,0.0,0.047411918225315354,0.0,0.0,0.047411918225315354,True
2026-04-20,TikTok,STATEMENT_CATEGORY_ANIMAL_WELFARE,4588,3842,0,746,3412,0,0,0,0,0,0.8374019180470793,0.0,0.16259808195292066,0.7436791630340017,0.0,0.0,0.0,0.0,0.0,True
2026-04-20,TikTok,STATEMENT_CATEGORY_CYBER_VIOLENCE,201,0,0,201,28,0,0,0,0,0,0.0,0.0,1.0,0.13930348258706468,0.0,0.0,0.0,0.0,0.0,True
2026-04-20,TikTok,STATEMENT_CATEGORY_DATA_PROTECTION_AND_PRIVACY_VIOLATIONS,42126,40368,0,1758,40606,0,0,0,0,0,0.9582680529839054,0.0,0.041731947016094575,0.9639177704980297,0.0,0.0,0.0,0.0,0.0,True
2026-04-20,TikTok,STATEMENT_CATEGORY_ILLEGAL_OR_HARMFUL_SPEECH,825833,675552,0,150281,742592,0,0,0,0,0,0.8180249517759643,0.0,0.18197504822403562,0.8992035920095225,0.0,0.0,0.0,0.0,0.0,True
2026-04-20,TikTok,STATEMENT_CATEGORY_INTELLECTUAL_PROPERTY_INFRINGEMENTS,4807,2182,0,2625,0,0,0,0,0,0,0.4539213646765134,0.0,0.5460786353234865,0.0,0.0,0.0,0.0,0.0,0.0,True
2026-04-20,TikTok,STATEMENT_CATEGORY_NEGATIVE_EFFECTS_ON_CIVIC_DISCOURSE_OR_ELECTIONS,14594,12409,0,2185,6901,0,0,0,0,0,0.8502809373715225,0.0,0.14971906262847745,0.47286556118952994,0.0,0.0,0.0,0.0,0.0,True
2026-04-20,TikTok,STATEMENT_CATEGORY_OTHER_VIOLATION_TC,7601787,7326229,0,275558,3648985,19776,0,0,0,19776,0.9637508917311153,0.0,0.036249108268884674,0.4800167381695909,0.0026014935698671906,0.0,0.0,0.0,0.0026014935698671906,True
2026-04-20,TikTok,STATEMENT_CATEGORY_PROTECTION_OF_MINORS,51820,14408,0,37412,18136,6338,0,0,0,6338,0.278039367039753,0.0,0.721960632960247,0.34998070243149365,0.12230798919336164,0.0,0.0,0.0,0.12230798919336164,True
2026-04-20,TikTok,STATEMENT_CATEGORY_RISK_FOR_PUBLIC_SECURITY,56,0,0,56,3,0,0,0,0,0,0.0,0.0,1.0,0.05357142857142857,0.0,0.0,0.0,0.0,0.0,True
2026-04-20,TikTok,STATEMENT_CATEGORY_SCAMS_AND_FRAUD,197450,183455,0,13995,160628,8272,0,0,0,8272,0.9291212965307672,0.0,0.07087870346923272,0.813512281590276,0.0418941504178273,0.0,0.0,0.0,0.0418941504178273,True
2026-04-20,TikTok,STATEMENT_CATEGORY_SELF_HARM,21258,15521,0,5737,14450,0,0,0,0,0,0.7301251293630633,0.0,0.26987487063693666,0.6797440963402014,0.0,0.0,0.0,0.0,0.0,True
2026-04-20,TikTok,STATEMENT_CATEGORY_UNSAFE_AND_PROHIBITED_PRODUCTS,120,0,0,120,30,0,0,0,0,0,0.0,0.0,1.0,0.25,0.0,0.0,0.0,0.0,0.0,True
2026-04-20,TikTok,STATEMENT_CATEGORY_VIOLENCE,198923,171571,0,27352,154463,3,0,0,0,3,0.8624995601313071,0.0,0.1375004398686929,0.7764964332932843,1.5081212328388372e-05,0.0,0.0,0.0,1.5081212328388372e-05,True
2026-04-20,X,STATEMENT_CATEGORY_ANIMAL_WELFARE,3,0,0,3,0,0,3,0,0,3,0.0,0.0,1.0,0.0,0.0,1.0,0.0,0.0,1.0,True
2026-04-20,X,STATEMENT_CATEGORY_CYBER_VIOLENCE,631,0,0,631,0,0,3,0,0,3,0.0,0.0,1.0,0.0,0.0,0.004754358161648178,0.0,0.0,0.004754358161648178,True
2026-04-20,X,STATEMENT_CATEGORY_DATA_PROTECTION_AND_PRIVACY_VIOLATIONS,13,0,0,13,0,0,0,0,0,0,0.0,0.0,1.0,0.0,0.0,0.0,0.0,0.0,0.0,True
2026-04-20,X,STATEMENT_CATEGORY_ILLEGAL_OR_HARMFUL_SPEECH,6,0,0,6,0,0,0,0,0,0,0.0,0.0,1.0,0.0,0.0,0.0,0.0,0.0,0.0,True
2026-04-20,X,STATEMENT_CATEGORY_INTELLECTUAL_PROPERTY_INFRINGEMENTS,447,0,0,447,0,0,309,0,0,309,0.0,0.0,1.0,0.0,0.0,0.6912751677852349,0.0,0.0,0.6912751677852349,True
2026-04-20,X,STATEMENT_CATEGORY_OTHER_VIOLATION_TC,4830,3689,0,1141,0,17,12,17,0,29,0.763768115942029,0.0,0.23623188405797102,0.0,0.0035196687370600416,0.002484472049689441,0.0035196687370600416,0.0,0.006004140786749482,True
2026-04-20,X,STATEMENT_CATEGORY_PROTECTION_OF_MINORS,3273,5,0,3268,0,0,3265,0,0,3265,0.0015276504735716467,0.0,0.9984723495264284,0.0,0.0,0.9975557592422853,0.0,0.0,0.9975557592422853,True
2026-04-20,X,STATEMENT_CATEGORY_SCAMS_AND_FRAUD,42141,41105,0,1036,0,0,40440,0,0,40440,0.9754158657839159,0.0,0.0245841342160841,0.0,0.0,0.9596355093614295,0.0,0.0,0.9596355093614295,True
2026-04-20,X,STATEMENT_CATEGORY_SELF_HARM,1045,741,0,304,1,0,12,0,0,12,0.7090909090909091,0.0,0.2909090909090909,0.0009569377990430622,0.0,0.011483253588516746,0.0,0.0,0.011483253588516746,True
2026-04-20,X,STATEMENT_CATEGORY_UNSAFE_AND_PROHIBITED_PRODUCTS,1857,0,0,1857,0,0,1857,0,0,1857,0.0,0.0,1.0,0.0,0.0,1.0,0.0,0.0,1.0,True
2026-04-20,X,STATEMENT_CATEGORY_VIOLENCE,2453,1598,0,855,0,0,64,0,0,64,0.6514472075010191,0.0,0.34855279249898086,0.0,0.0,0.026090501426824297,0.0,0.0,0.026090501426824297,True
2026-04-20,YouTube,STATEMENT_CATEGORY_ANIMAL_WELFARE,11,0,0,11,11,0,0,0,0,0,0.0,0.0,1.0,1.0,0.0,0.0,0.0,0.0,0.0,True
2026-04-20,YouTube,STATEMENT_CATEGORY_CONSUMER_INFORMATION,266209,158274,0,107935,264102,0,0,2065,0,2065,0.5945478928210541,0.0,0.40545210717894586,0.9920851661664332,0.0,0.0,0.007757063059475825,0.0,0.007757063059475825,True
2026-04-20,YouTube,STATEMENT_CATEGORY_CYBER_VIOLENCE,45,0,0,45,36,0,0,0,0,0,0.0,0.0,1.0,0.8,0.0,0.0,0.0,0.0,0.0,True
2026-04-20,YouTube,STATEMENT_CATEGORY_DATA_PROTECTION_AND_PRIVACY_VIOLATIONS,3325,0,2624,701,3165,0,0,45,0,45,0.0,0.7891729323308271,0.21082706766917295,0.9518796992481203,0.0,0.0,0.013533834586466165,0.0,0.013533834586466165,True
2026-04-20,YouTube,STATEMENT_CATEGORY_ILLEGAL_OR_HARMFUL_SPEECH,791,0,753,38,770,0,0,133,0,133,0.0,0.9519595448798989,0.04804045512010114,0.9734513274336283,0.0,0.0,0.168141592920354,0.0,0.168141592920354,True
2026-04-20,YouTube,STATEMENT_CATEGORY_INTELLECTUAL_PROPERTY_INFRINGEMENTS,15170,1,10183,4986,14606,0,0,274,0,274,6.591957811470006e-05,0.6712590639419908,0.32867501647989456,0.9628213579433091,0.0,0.0,0.01806196440342782,0.0,0.01806196440342782,True
2026-04-20,YouTube,STATEMENT_CATEGORY_NEGATIVE_EFFECTS_ON_CIVIC_DISCOURSE_OR_ELECTIONS,24329,1251,0,23078,193,0,0,0,0,0,0.05142011591105265,0.0,0.9485798840889473,0.007932919561017715,0.0,0.0,0.0,0.0,0.0,True
2026-04-20,YouTube,STATEMENT_CATEGORY_OTHER_VIOLATION_TC,966967,866895,70090,29982,919568,0,0,22031,0,22031,0.8965093948397411,0.07248437640581323,0.0310062287544456,0.950981781177641,0.0,0.0,0.02278361102292012,0.0,0.02278361102292012,True
2026-04-20,YouTube,STATEMENT_CATEGORY_PROTECTION_OF_MINORS,28346,0,28345,1,27783,0,0,0,0,0,0.0,0.9999647216538489,3.527834615113243e-05,0.9801382911169124,0.0,0.0,0.0,0.0,0.0,True
2026-04-20,YouTube,STATEMENT_CATEGORY_RISK_FOR_PUBLIC_SECURITY,41,0,0,41,38,0,0,28,0,28,0.0,0.0,1.0,0.926829268292683,0.0,0.0,0.6829268292682927,0.0,0.6829268292682927,True
2026-04-20,YouTube,STATEMENT_CATEGORY_SCAMS_AND_FRAUD,846090,555,569,844966,842534,0,0,4131,0,4131,0.000655958585966032,0.0006725052890354454,0.9986715361249985,0.995797137420369,0.0,0.0,0.00488245931283906,0.0,0.00488245931283906,True
2026-04-20,YouTube,STATEMENT_CATEGORY_UNSAFE_AND_PROHIBITED_PRODUCTS,118699,111422,0,7277,37779,0,0,2,0,2,0.9386936705448234,0.0,0.06130632945517654,0.31827563837943035,0.0,0.0,1.684934161197651e-05,0.0,1.684934161197651e-05,True
2026-04-20,YouTube,STATEMENT_CATEGORY_VIOLENCE,355,128,0,227,355,0,0,0,0,0,0.36056338028169016,0.0,0.6394366197183099,1.0,0.0,0.0,0.0,0.0,0.0,True
2026-04-27,Instagram,STATEMENT_CATEGORY_CYBER_VIOLENCE,1435,0,412,1023,1411,18,0,0,0,18,0.0,0.28710801393728225,0.7128919860627178,0.9832752613240419,0.012543554006968641,0.0,0.0,0.0,0.012543554006968641,True
2026-04-27,Instagram,STATEMENT_CATEGORY_DATA_PROTECTION_AND_PRIVACY_VIOLATIONS,70061,0,69728,333,357,69704,0,0,0,69704,0.0,0.9952469990436905,0.0047530009563095015,0.0050955595837912674,0.9949044404162087,0.0,0.0,0.0,0.9949044404162087,True
2026-04-27,Instagram,STATEMENT_CATEGORY_ILLEGAL_OR_HARMFUL_SPEECH,3074,0,2416,658,2930,9,6,0,0,15,0.0,0.785946649316851,0.21405335068314899,0.9531554977228367,0.0029277813923227064,0.001951854261548471,0.0,0.0,0.004879635653871178,True
2026-04-27,Instagram,STATEMENT_CATEGORY_INTELLECTUAL_PROPERTY_INFRINGEMENTS,22713,0,18040,4673,22163,550,0,0,0,550,0.0,0.7942587945229604,0.20574120547703958,0.9757847928499097,0.024215207150090255,0.0,0.0,0.0,0.024215207150090255,True
2026-04-27,Instagram,STATEMENT_CATEGORY_NEGATIVE_EFFECTS_ON_CIVIC_DISCOURSE_OR_ELECTIONS,1048,0,1044,4,4,0,0,0,0,0,0.0,0.9961832061068703,0.003816793893129771,0.003816793893129771,0.0,0.0,0.0,0.0,0.0,True
2026-04-27,Instagram,STATEMENT_CATEGORY_OTHER_VIOLATION_TC,1059910,0,983804,76106,52914,1006996,0,0,0,1006996,0.0,0.9281957902086027,0.07180420979139739,0.04992310667886896,0.950076893321131,0.0,0.0,0.0,0.950076893321131,True
2026-04-27,Instagram,STATEMENT_CATEGORY_PROTECTION_OF_MINORS,36322,0,33168,3154,16714,19608,0,0,0,19608,0.0,0.9131655745828974,0.08683442541710258,0.46016188535873576,0.5398381146412643,0.0,0.0,0.0,0.5398381146412643,True
2026-04-27,Instagram,STATEMENT_CATEGORY_RISK_FOR_PUBLIC_SECURITY,33929,0,31112,2817,33130,799,0,0,0,799,0.0,0.916973680332459,0.08302631966754104,0.976450823779068,0.023549176220931944,0.0,0.0,0.0,0.023549176220931944,True
2026-04-27,Instagram,STATEMENT_CATEGORY_SCAMS_AND_FRAUD,326541,0,321153,5388,33121,293382,1,0,0,293383,0.0,0.9834997749134106,0.016500225086589434,0.10142983576334978,0.8984537929387122,3.0624025773180092e-06,0.0,0.0,0.8984568553412895,True
2026-04-27,Instagram,STATEMENT_CATEGORY_SELF_HARM,3776,0,2938,838,3765,1,0,0,0,1,0.0,0.778072033898305,0.2219279661016949,0.9970868644067796,0.00026483050847457627,0.0,0.0,0.0,0.00026483050847457627,True
2026-04-27,Instagram,STATEMENT_CATEGORY_UNSAFE_AND_PROHIBITED_PRODUCTS,3514,0,2043,1471,2540,963,0,0,0,963,0.0,0.5813887307911212,0.41861126920887876,0.7228229937393283,0.2740466704610131,0.0,0.0,0.0,0.2740466704610131,True
2026-04-27,Instagram,STATEMENT_CATEGORY_VIOLENCE,14862,0,12871,1991,5427,1917,0,0,0,1917,0.0,0.866034181133091,0.1339658188669089,0.36515946709729513,0.12898667743237788,0.0,0.0,0.0,0.12898667743237788,True
2026-04-27,LinkedIn,STATEMENT_CATEGORY_CYBER_VIOLENCE,1061,11,0,1050,1061,0,0,0,0,0,0.010367577756833177,0.0,0.9896324222431668,1.0,0.0,0.0,0.0,0.0,0.0,True
2026-04-27,LinkedIn,STATEMENT_CATEGORY_ILLEGAL_OR_HARMFUL_SPEECH,601,1,0,600,600,0,0,1,0,1,0.0016638935108153079,0.0,0.9983361064891847,0.9983361064891847,0.0,0.0,0.0016638935108153079,0.0,0.0016638935108153079,True
2026-04-27,LinkedIn,STATEMENT_CATEGORY_INTELLECTUAL_PROPERTY_INFRINGEMENTS,12,0,0,12,12,0,0,0,0,0,0.0,0.0,1.0,1.0,0.0,0.0,0.0,0.0,0.0,True
2026-04-27,LinkedIn,STATEMENT_CATEGORY_NEGATIVE_EFFECTS_ON_CIVIC_DISCOURSE_OR_ELECTIONS,56,14,0,42,31,0,0,0,0,0,0.25,0.0,0.75,0.5535714285714286,0.0,0.0,0.0,0.0,0.0,True
2026-04-27,LinkedIn,STATEMENT_CATEGORY_OTHER_VIOLATION_TC,5259,2619,0,2640,4307,0,59,3,0,62,0.4980034227039361,0.0,0.5019965772960638,0.8189769918235406,0.0,0.011218862901692337,0.0005704506560182544,0.0,0.011789313557710592,True
2026-04-27,LinkedIn,STATEMENT_CATEGORY_RISK_FOR_PUBLIC_SECURITY,1,0,0,1,1,0,0,0,0,0,0.0,0.0,1.0,1.0,0.0,0.0,0.0,0.0,0.0,True
2026-04-27,LinkedIn,STATEMENT_CATEGORY_SCAMS_AND_FRAUD,1331,837,0,494,1331,0,0,0,0,0,0.6288504883546205,0.0,0.3711495116453794,1.0,0.0,0.0,0.0,0.0,0.0,True
2026-04-27,LinkedIn,STATEMENT_CATEGORY_SELF_HARM,4,0,0,4,4,0,0,0,0,0,0.0,0.0,1.0,1.0,0.0,0.0,0.0,0.0,0.0,True
2026-04-27,LinkedIn,STATEMENT_CATEGORY_UNSAFE_AND_PROHIBITED_PRODUCTS,695,287,0,408,695,0,0,0,0,0,0.41294964028776976,0.0,0.5870503597122302,1.0,0.0,0.0,0.0,0.0,0.0,True
2026-04-27,LinkedIn,STATEMENT_CATEGORY_VIOLENCE,105,0,0,105,105,0,0,0,0,0,0.0,0.0,1.0,1.0,0.0,0.0,0.0,0.0,0.0,True
2026-04-27,Roblox,STATEMENT_CATEGORY_CONSUMER_INFORMATION,4,0,0,4,0,0,0,0,0,0,0.0,0.0,1.0,0.0,0.0,0.0,0.0,0.0,0.0,True
2026-04-27,Roblox,STATEMENT_CATEGORY_CYBER_VIOLENCE,44567,37350,0,7217,0,159,13273,0,0,13432,0.8380640384140732,0.0,0.1619359615859268,0.0,0.003567662171561918,0.2978212578813921,0.0,0.0,0.301388920052954,True
2026-04-27,Roblox,STATEMENT_CATEGORY_DATA_PROTECTION_AND_PRIVACY_VIOLATIONS,182426,178026,0,4400,0,20,515,0,0,535,0.9758806310503986,0.0,0.024119368949601483,0.0,0.00010963349522546128,0.002823062502055628,0.0,0.0,0.0029326959972810892,True
2026-04-27,Roblox,STATEMENT_CATEGORY_ILLEGAL_OR_HARMFUL_SPEECH,40093,35921,0,4172,0,199,6717,0,0,6916,0.8959419350011224,0.0,0.10405806499887761,0.0,0.004963459955603222,0.16753548000897914,0.0,0.0,0.17249893996458235,True
2026-04-27,Roblox,STATEMENT_CATEGORY_INTELLECTUAL_PROPERTY_INFRINGEMENTS,777,337,0,440,0,23,43,0,0,66,0.4337194337194337,0.0,0.5662805662805663,0.0,0.029601029601029602,0.055341055341055344,0.0,0.0,0.08494208494208494,True
2026-04-27,Roblox,STATEMENT_CATEGORY_NEGATIVE_EFFECTS_ON_CIVIC_DISCOURSE_OR_ELECTIONS,290,168,0,122,0,0,14,0,0,14,0.5793103448275863,0.0,0.4206896551724138,0.0,0.0,0.04827586206896552,0.0,0.0,0.04827586206896552,True
2026-04-27,Roblox,STATEMENT_CATEGORY_OTHER_VIOLATION_TC,1189928,1176189,0,13739,18,959068,6713,0,0,965781,0.988453923262584,0.0,0.011546076737416045,1.5126965665149488e-05,0.8059882614746439,0.005641517806119362,0.0,0.0,0.8116297792807632,True
2026-04-27,Roblox,STATEMENT_CATEGORY_PROTECTION_OF_MINORS,4760,4084,0,676,0,710,37,0,0,747,0.8579831932773109,0.0,0.14201680672268907,0.0,0.14915966386554622,0.007773109243697479,0.0,0.0,0.1569327731092437,True
2026-04-27,Roblox,STATEMENT_CATEGORY_RISK_FOR_PUBLIC_SECURITY,2638,2513,0,125,0,112,230,0,0,342,0.9526156178923427,0.0,0.047384382107657316,0.0,0.04245640636846096,0.08718726307808947,0.0,0.0,0.12964366944655042,True
2026-04-27,Roblox,STATEMENT_CATEGORY_SCAMS_AND_FRAUD,18281,17375,0,906,0,577,6073,0,0,6650,0.9504403479021936,0.0,0.04955965209780647,0.0,0.03156282479076637,0.3322028335430228,0.0,0.0,0.36376565833378915,True
2026-04-27,Roblox,STATEMENT_CATEGORY_SELF_HARM,451,315,0,136,0,0,0,0,0,0,0.6984478935698448,0.0,0.30155210643015523,0.0,0.0,0.0,0.0,0.0,0.0,True
2026-04-27,Roblox,STATEMENT_CATEGORY_UNSAFE_AND_PROHIBITED_PRODUCTS,21919,21113,0,806,0,13,255,0,0,268,0.9632282494639354,0.0,0.0367717505360646,0.0,0.0005930927505816871,0.01163374241525617,0.0,0.0,0.012226835165837857,True
2026-04-27,Roblox,STATEMENT_CATEGORY_VIOLENCE,37036,35020,0,2016,0,50,504,0,0,554,0.9455664758613241,0.0,0.05443352413867588,0.0,0.0013500378010584296,0.01360838103466897,0.0,0.0,0.0149584188357274,True
2026-04-27,Snapchat,STATEMENT_CATEGORY_CYBER_VIOLENCE,10900,907,0,9993,9860,0,1040,0,0,1040,0.08321100917431193,0.0,0.9167889908256881,0.9045871559633027,0.0,0.09541284403669725,0.0,0.0,0.09541284403669725,True
2026-04-27,Snapchat,STATEMENT_CATEGORY_ILLEGAL_OR_HARMFUL_SPEECH,2196,33,0,2163,2146,0,50,0,0,50,0.015027322404371584,0.0,0.9849726775956285,0.9772313296903461,0.0,0.022768670309653915,0.0,0.0,0.022768670309653915,True
2026-04-27,Snapchat,STATEMENT_CATEGORY_INTELLECTUAL_PROPERTY_INFRINGEMENTS,18,0,0,18,10,0,8,0,0,8,0.0,0.0,1.0,0.5555555555555556,0.0,0.4444444444444444,0.0,0.0,0.4444444444444444,True
2026-04-27,Snapchat,STATEMENT_CATEGORY_OTHER_VIOLATION_TC,60545,17799,0,42746,33731,0,7658,0,0,7658,0.29397968453216616,0.0,0.7060203154678338,0.5571228012222313,0.0,0.12648443306631432,0.0,0.0,0.12648443306631432,True
2026-04-27,Snapchat,STATEMENT_CATEGORY_PROTECTION_OF_MINORS,2966,1666,0,1300,1097,0,1869,0,0,1869,0.5616992582602832,0.0,0.4383007417397168,0.3698583951449764,0.0,0.6301416048550236,0.0,0.0,0.6301416048550236,True
2026-04-27,Snapchat,STATEMENT_CATEGORY_RISK_FOR_PUBLIC_SECURITY,97,0,0,97,91,0,6,0,0,6,0.0,0.0,1.0,0.9381443298969072,0.0,0.061855670103092786,0.0,0.0,0.061855670103092786,True
2026-04-27,Snapchat,STATEMENT_CATEGORY_SCAMS_AND_FRAUD,5068,142,0,4926,4559,0,509,0,0,509,0.028018942383583267,0.0,0.9719810576164167,0.8995659037095501,0.0,0.10043409629044989,0.0,0.0,0.10043409629044989,True
2026-04-27,Snapchat,STATEMENT_CATEGORY_SELF_HARM,49,0,0,49,46,0,3,0,0,3,0.0,0.0,1.0,0.9387755102040817,0.0,0.061224489795918366,0.0,0.0,0.061224489795918366,True
2026-04-27,Snapchat,STATEMENT_CATEGORY_UNSAFE_AND_PROHIBITED_PRODUCTS,21256,4334,0,16922,14275,0,6981,0,0,6981,0.20389537071885586,0.0,0.7961046292811441,0.6715750846819721,0.0,0.32842491531802787,0.0,0.0,0.32842491531802787,True
2026-04-27,Snapchat,STATEMENT_CATEGORY_VIOLENCE,1968,38,0,1930,1846,0,122,0,0,122,0.019308943089430895,0.0,0.9806910569105691,0.9380081300813008,0.0,0.061991869918699184,0.0,0.0,0.061991869918699184,True
2026-04-27,TikTok,STATEMENT_CATEGORY_ANIMAL_WELFARE,11203,10369,0,834,4098,0,0,0,0,0,0.9255556547353387,0.0,0.07444434526466125,0.36579487637240027,0.0,0.0,0.0,0.0,0.0,True
2026-04-27,TikTok,STATEMENT_CATEGORY_CYBER_VIOLENCE,199,0,0,199,16,0,0,0,0,0,0.0,0.0,1.0,0.08040201005025126,0.0,0.0,0.0,0.0,0.0,True
2026-04-27,TikTok,STATEMENT_CATEGORY_DATA_PROTECTION_AND_PRIVACY_VIOLATIONS,37018,35708,0,1310,35963,0,0,0,0,0,0.9646118104705819,0.0,0.03538818952941812,0.9715003511805068,0.0,0.0,0.0,0.0,0.0,True
2026-04-27,TikTok,STATEMENT_CATEGORY_ILLEGAL_OR_HARMFUL_SPEECH,875199,716448,0,158751,779982,0,0,0,0,0,0.818611538632928,0.0,0.18138846136707196,0.8912053144484854,0.0,0.0,0.0,0.0,0.0,True
2026-04-27,TikTok,STATEMENT_CATEGORY_INTELLECTUAL_PROPERTY_INFRINGEMENTS,16252,5834,0,10418,0,0,0,0,0,0,0.35897120354417916,0.0,0.6410287964558208,0.0,0.0,0.0,0.0,0.0,0.0,True
2026-04-27,TikTok,STATEMENT_CATEGORY_NEGATIVE_EFFECTS_ON_CIVIC_DISCOURSE_OR_ELECTIONS,15904,14236,0,1668,6888,0,0,0,0,0,0.8951207243460765,0.0,0.10487927565392353,0.43309859154929575,0.0,0.0,0.0,0.0,0.0,True
2026-04-27,TikTok,STATEMENT_CATEGORY_OTHER_VIOLATION_TC,8657593,8403491,0,254102,4313655,13537,0,0,0,13537,0.9706498099414006,0.0,0.02935019005859943,0.4982510727866279,0.0015635985660217568,0.0,0.0,0.0,0.0015635985660217568,True
2026-04-27,TikTok,STATEMENT_CATEGORY_PROTECTION_OF_MINORS,61334,23474,0,37860,19240,6681,0,0,0,6681,0.38272410082499103,0.0,0.6172758991750089,0.31369224247562527,0.10892816382430626,0.0,0.0,0.0,0.10892816382430626,True
2026-04-27,TikTok,STATEMENT_CATEGORY_RISK_FOR_PUBLIC_SECURITY,54,0,0,54,1,0,0,0,0,0,0.0,0.0,1.0,0.018518518518518517,0.0,0.0,0.0,0.0,0.0,True
2026-04-27,TikTok,STATEMENT_CATEGORY_SCAMS_AND_FRAUD,200678,173014,0,27664,149101,17917,0,0,0,17917,0.8621473205832229,0.0,0.13785267941677712,0.7429862765225884,0.08928233289149783,0.0,0.0,0.0,0.08928233289149783,True
2026-04-27,TikTok,STATEMENT_CATEGORY_SELF_HARM,25437,20180,0,5257,14257,0,0,0,0,0,0.7933325470770924,0.0,0.20666745292290759,0.5604827613319181,0.0,0.0,0.0,0.0,0.0,True
2026-04-27,TikTok,STATEMENT_CATEGORY_UNSAFE_AND_PROHIBITED_PRODUCTS,130,0,0,130,24,0,0,0,0,0,0.0,0.0,1.0,0.18461538461538463,0.0,0.0,0.0,0.0,0.0,True
2026-04-27,TikTok,STATEMENT_CATEGORY_VIOLENCE,270077,226989,0,43088,183198,0,0,0,0,0,0.8404603131699478,0.0,0.15953968683005218,0.6783176649622145,0.0,0.0,0.0,0.0,0.0,True
2026-04-27,X,STATEMENT_CATEGORY_CYBER_VIOLENCE,676,65,0,611,0,0,6,0,0,6,0.09615384615384616,0.0,0.9038461538461539,0.0,0.0,0.008875739644970414,0.0,0.0,0.008875739644970414,True
2026-04-27,X,STATEMENT_CATEGORY_DATA_PROTECTION_AND_PRIVACY_VIOLATIONS,10,0,0,10,0,0,1,0,0,1,0.0,0.0,1.0,0.0,0.0,0.1,0.0,0.0,0.1,True
2026-04-27,X,STATEMENT_CATEGORY_INTELLECTUAL_PROPERTY_INFRINGEMENTS,410,0,0,410,0,0,300,0,0,300,0.0,0.0,1.0,0.0,0.0,0.7317073170731707,0.0,0.0,0.7317073170731707,True
2026-04-27,X,STATEMENT_CATEGORY_OTHER_VIOLATION_TC,13406,12413,0,993,0,17,12,17,0,29,0.9259286886468745,0.0,0.07407131135312546,0.0,0.00126808891541101,0.0008951215873489483,0.00126808891541101,0.0,0.0021632105027599583,True
2026-04-27,X,STATEMENT_CATEGORY_PROTECTION_OF_MINORS,4424,2,0,4422,0,1,4420,1,0,4421,0.0004520795660036166,0.0,0.9995479204339964,0.0,0.0002260397830018083,0.9990958408679927,0.0002260397830018083,0.0,0.9993218806509946,True
2026-04-27,X,STATEMENT_CATEGORY_SCAMS_AND_FRAUD,80975,79830,0,1145,0,0,78483,0,0,78483,0.9858598332818771,0.0,0.014140166718122878,0.0,0.0,0.9692250694658845,0.0,0.0,0.9692250694658845,True
2026-04-27,X,STATEMENT_CATEGORY_SELF_HARM,1172,822,0,350,0,0,14,0,0,14,0.7013651877133106,0.0,0.2986348122866894,0.0,0.0,0.011945392491467578,0.0,0.0,0.011945392491467578,True
2026-04-27,X,STATEMENT_CATEGORY_UNSAFE_AND_PROHIBITED_PRODUCTS,6024,0,0,6024,0,0,6024,0,0,6024,0.0,0.0,1.0,0.0,0.0,1.0,0.0,0.0,1.0,True
2026-04-27,X,STATEMENT_CATEGORY_VIOLENCE,1749,1052,0,697,0,0,79,0,0,79,0.6014865637507147,0.0,0.3985134362492853,0.0,0.0,0.04516866781017725,0.0,0.0,0.04516866781017725,True
2026-04-27,YouTube,STATEMENT_CATEGORY_ANIMAL_WELFARE,6,0,0,6,6,0,0,0,0,0,0.0,0.0,1.0,1.0,0.0,0.0,0.0,0.0,0.0,True
2026-04-27,YouTube,STATEMENT_CATEGORY_CONSUMER_INFORMATION,497315,478135,0,19180,495713,0,0,1572,0,1572,0.9614328946442395,0.0,0.03856710535576043,0.996778701627741,0.0,0.0,0.0031609744327036186,0.0,0.0031609744327036186,True
2026-04-27,YouTube,STATEMENT_CATEGORY_CYBER_VIOLENCE,15,0,0,15,9,0,0,0,0,0,0.0,0.0,1.0,0.6,0.0,0.0,0.0,0.0,0.0,True
2026-04-27,YouTube,STATEMENT_CATEGORY_DATA_PROTECTION_AND_PRIVACY_VIOLATIONS,2668,0,2046,622,2553,0,0,20,0,20,0.0,0.7668665667166417,0.2331334332833583,0.9568965517241379,0.0,0.0,0.0074962518740629685,0.0,0.0074962518740629685,True
2026-04-27,YouTube,STATEMENT_CATEGORY_ILLEGAL_OR_HARMFUL_SPEECH,596,0,574,22,578,0,0,111,0,111,0.0,0.9630872483221476,0.03691275167785235,0.9697986577181208,0.0,0.0,0.18624161073825504,0.0,0.18624161073825504,True
2026-04-27,YouTube,STATEMENT_CATEGORY_INTELLECTUAL_PROPERTY_INFRINGEMENTS,10159,4,7793,2362,8978,0,0,209,0,209,0.0003937395412934344,0.7671030613249336,0.23250319913377301,0.8837484004331135,0.0,0.0,0.020572891032581947,0.0,0.020572891032581947,True
2026-04-27,YouTube,STATEMENT_CATEGORY_NEGATIVE_EFFECTS_ON_CIVIC_DISCOURSE_OR_ELECTIONS,13002,826,0,12176,64,0,0,0,0,0,0.06352868789417013,0.0,0.9364713121058299,0.004922319643131826,0.0,0.0,0.0,0.0,0.0,True
2026-04-27,YouTube,STATEMENT_CATEGORY_OTHER_VIOLATION_TC,1220720,873545,331153,16022,904833,0,0,15558,0,15558,0.7155981715708762,0.27127678746969003,0.013125040959433776,0.7412289468510387,0.0,0.0,0.01274493741398519,0.0,0.01274493741398519,True
2026-04-27,YouTube,STATEMENT_CATEGORY_PROTECTION_OF_MINORS,23748,0,23748,0,23271,0,0,0,0,0,0.0,1.0,0.0,0.9799140980293077,0.0,0.0,0.0,0.0,0.0,True
2026-04-27,YouTube,STATEMENT_CATEGORY_RISK_FOR_PUBLIC_SECURITY,40,0,0,40,40,0,0,17,0,17,0.0,0.0,1.0,1.0,0.0,0.0,0.425,0.0,0.425,True
2026-04-27,YouTube,STATEMENT_CATEGORY_SCAMS_AND_FRAUD,571378,509,429,570440,568696,0,0,3119,0,3119,0.0008908288383521942,0.0007508164472555821,0.9983583547143923,0.9953060845884861,0.0,0.0,0.005458733097879163,0.0,0.005458733097879163,True
2026-04-27,YouTube,STATEMENT_CATEGORY_UNSAFE_AND_PROHIBITED_PRODUCTS,72005,67007,0,4998,21037,0,0,0,0,0,0.9305881536004444,0.0,0.06941184639955558,0.2921602666481494,0.0,0.0,0.0,0.0,0.0,True
2026-04-27,YouTube,STATEMENT_CATEGORY_VIOLENCE,446,29,0,417,446,0,0,0,0,0,0.06502242152466367,0.0,0.9349775784753364,1.0,0.0,0.0,0.0,0.0,0.0,True
2026-05-04,Instagram,STATEMENT_CATEGORY_CYBER_VIOLENCE,1396,0,353,1043,1386,8,0,0,0,8,0.0,0.252865329512894,0.747134670487106,0.9928366762177651,0.0057306590257879654,0.0,0.0,0.0,0.0057306590257879654,True
2026-05-04,Instagram,STATEMENT_CATEGORY_DATA_PROTECTION_AND_PRIVACY_VIOLATIONS,65670,0,65450,220,236,65434,0,0,0,65434,0.0,0.9966499162479062,0.0033500837520938024,0.0035937262067915333,0.9964062737932085,0.0,0.0,0.0,0.9964062737932085,True
2026-05-04,Instagram,STATEMENT_CATEGORY_ILLEGAL_OR_HARMFUL_SPEECH,2536,0,2045,491,2434,8,0,0,0,8,0.0,0.8063880126182965,0.19361198738170346,0.9597791798107256,0.0031545741324921135,0.0,0.0,0.0,0.0031545741324921135,True
2026-05-04,Instagram,STATEMENT_CATEGORY_INTELLECTUAL_PROPERTY_INFRINGEMENTS,7164,0,4457,2707,6665,499,0,0,0,499,0.0,0.6221384701284198,0.3778615298715801,0.9303461753210497,0.0696538246789503,0.0,0.0,0.0,0.0696538246789503,True
2026-05-04,Instagram,STATEMENT_CATEGORY_NEGATIVE_EFFECTS_ON_CIVIC_DISCOURSE_OR_ELECTIONS,804,0,801,3,3,0,0,0,0,0,0.0,0.996268656716418,0.0037313432835820895,0.0037313432835820895,0.0,0.0,0.0,0.0,0.0,True
2026-05-04,Instagram,STATEMENT_CATEGORY_OTHER_VIOLATION_TC,1867351,0,1786160,81191,51662,1815661,28,0,0,1815689,0.0,0.9565207612280712,0.04347923877192879,0.02766592890142239,0.9723190765956695,1.4994502908130287e-05,0.0,0.0,0.9723340710985776,True
2026-05-04,Instagram,STATEMENT_CATEGORY_PROTECTION_OF_MINORS,32692,0,30814,1878,9548,23144,0,0,0,23144,0.0,0.9425547534565031,0.05744524654349688,0.2920592193808883,0.7079407806191117,0.0,0.0,0.0,0.7079407806191117,True
2026-05-04,Instagram,STATEMENT_CATEGORY_RISK_FOR_PUBLIC_SECURITY,16764,0,14607,2157,15949,815,0,0,0,815,0.0,0.8713314244810307,0.1286685755189692,0.951383917919351,0.04861608208064901,0.0,0.0,0.0,0.04861608208064901,True
2026-05-04,Instagram,STATEMENT_CATEGORY_SCAMS_AND_FRAUD,343861,0,339639,4222,46272,297567,0,0,0,297567,0.0,0.9877217829297303,0.012278217070269673,0.13456600196009433,0.8653700186994163,0.0,0.0,0.0,0.8653700186994163,True
2026-05-04,Instagram,STATEMENT_CATEGORY_SELF_HARM,3381,0,2616,765,3369,1,0,0,0,1,0.0,0.7737355811889973,0.22626441881100265,0.9964507542147294,0.0002957704821058858,0.0,0.0,0.0,0.0002957704821058858,True
2026-05-04,Instagram,STATEMENT_CATEGORY_UNSAFE_AND_PROHIBITED_PRODUCTS,3661,0,2303,1358,2927,718,13,0,0,731,0.0,0.6290630975143403,0.37093690248565964,0.7995083310570882,0.19612127833925158,0.0035509423654739142,0.0,0.0,0.19967222070472548,True
2026-05-04,Instagram,STATEMENT_CATEGORY_VIOLENCE,12186,0,10624,1562,3547,1721,0,0,0,1721,0.0,0.8718201214508452,0.12817987854915477,0.29107172164779255,0.14122763827342852,0.0,0.0,0.0,0.14122763827342852,True
2026-05-04,LinkedIn,STATEMENT_CATEGORY_CYBER_VIOLENCE,986,9,0,977,986,0,0,0,0,0,0.009127789046653144,0.0,0.9908722109533469,1.0,0.0,0.0,0.0,0.0,0.0,True
2026-05-04,LinkedIn,STATEMENT_CATEGORY_ILLEGAL_OR_HARMFUL_SPEECH,577,1,0,576,577,0,0,0,0,0,0.0017331022530329288,0.0,0.9982668977469671,1.0,0.0,0.0,0.0,0.0,0.0,True
2026-05-04,LinkedIn,STATEMENT_CATEGORY_INTELLECTUAL_PROPERTY_INFRINGEMENTS,5,0,0,5,5,0,0,0,0,0,0.0,0.0,1.0,1.0,0.0,0.0,0.0,0.0,0.0,True
2026-05-04,LinkedIn,STATEMENT_CATEGORY_NEGATIVE_EFFECTS_ON_CIVIC_DISCOURSE_OR_ELECTIONS,76,9,0,67,62,0,0,0,0,0,0.11842105263157894,0.0,0.881578947368421,0.8157894736842105,0.0,0.0,0.0,0.0,0.0,True
2026-05-04,LinkedIn,STATEMENT_CATEGORY_OTHER_VIOLATION_TC,4200,1596,0,2604,3154,0,63,7,0,70,0.38,0.0,0.62,0.7509523809523809,0.0,0.015,0.0016666666666666668,0.0,0.016666666666666666,True
2026-05-04,LinkedIn,STATEMENT_CATEGORY_RISK_FOR_PUBLIC_SECURITY,1,0,0,1,1,0,0,0,0,0,0.0,0.0,1.0,1.0,0.0,0.0,0.0,0.0,0.0,True
2026-05-04,LinkedIn,STATEMENT_CATEGORY_SCAMS_AND_FRAUD,637,316,0,321,637,0,0,0,0,0,0.49607535321821034,0.0,0.5039246467817896,1.0,0.0,0.0,0.0,0.0,0.0,True
2026-05-04,LinkedIn,STATEMENT_CATEGORY_SELF_HARM,2,0,0,2,2,0,0,0,0,0,0.0,0.0,1.0,1.0,0.0,0.0,0.0,0.0,0.0,True
2026-05-04,LinkedIn,STATEMENT_CATEGORY_UNSAFE_AND_PROHIBITED_PRODUCTS,672,270,0,402,672,0,0,0,0,0,0.4017857142857143,0.0,0.5982142857142857,1.0,0.0,0.0,0.0,0.0,0.0,True
2026-05-04,LinkedIn,STATEMENT_CATEGORY_VIOLENCE,107,0,0,107,107,0,0,0,0,0,0.0,0.0,1.0,1.0,0.0,0.0,0.0,0.0,0.0,True
2026-05-04,Roblox,STATEMENT_CATEGORY_CONSUMER_INFORMATION,2,0,0,2,0,0,0,0,0,0,0.0,0.0,1.0,0.0,0.0,0.0,0.0,0.0,0.0,True
2026-05-04,Roblox,STATEMENT_CATEGORY_CYBER_VIOLENCE,43279,35705,0,7574,0,173,14737,0,0,14910,0.8249959564684951,0.0,0.1750040435315049,0.0,0.003997319716259618,0.340511564500104,0.0,0.0,0.3445088842163636,True
2026-05-04,Roblox,STATEMENT_CATEGORY_DATA_PROTECTION_AND_PRIVACY_VIOLATIONS,101485,96149,0,5336,0,12,406,0,0,418,0.9474208011036114,0.0,0.05257919889638863,0.0,0.00011824407547913485,0.0040005912203773955,0.0,0.0,0.004118835295856531,True
2026-05-04,Roblox,STATEMENT_CATEGORY_ILLEGAL_OR_HARMFUL_SPEECH,29322,23975,0,5347,0,574,7844,0,0,8418,0.8176454539253802,0.0,0.18235454607461973,0.0,0.019575745174271877,0.26751244799126933,0.0,0.0,0.28708819316554124,True
2026-05-04,Roblox,STATEMENT_CATEGORY_INTELLECTUAL_PROPERTY_INFRINGEMENTS,995,178,0,817,0,24,36,0,0,60,0.17889447236180905,0.0,0.821105527638191,0.0,0.024120603015075376,0.036180904522613064,0.0,0.0,0.06030150753768844,True
2026-05-04,Roblox,STATEMENT_CATEGORY_NEGATIVE_EFFECTS_ON_CIVIC_DISCOURSE_OR_ELECTIONS,278,151,0,127,0,3,7,0,0,10,0.5431654676258992,0.0,0.4568345323741007,0.0,0.01079136690647482,0.025179856115107913,0.0,0.0,0.03597122302158273,True
2026-05-04,Roblox,STATEMENT_CATEGORY_OTHER_VIOLATION_TC,2484193,2462391,0,21802,139,2312366,9594,0,0,2321960,0.9912237092689659,0.0,0.008776290731034184,5.59537845892006e-05,0.930831863707852,0.003862018772293457,0.0,0.0,0.9346938824801455,True
2026-05-04,Roblox,STATEMENT_CATEGORY_PROTECTION_OF_MINORS,3259,2497,0,762,0,805,60,0,0,865,0.7661859466093894,0.0,0.23381405339061062,0.0,0.24700828474992328,0.01841055538508745,0.0,0.0,0.2654188401350107,True
2026-05-04,Roblox,STATEMENT_CATEGORY_RISK_FOR_PUBLIC_SECURITY,2279,2111,0,168,0,189,656,0,0,845,0.926283457656867,0.0,0.07371654234313295,0.0,0.08293111013602457,0.2878455462922334,0.0,0.0,0.370776656428258,True
2026-05-04,Roblox,STATEMENT_CATEGORY_SCAMS_AND_FRAUD,19064,17835,0,1229,0,1689,5897,0,0,7586,0.9355329416701637,0.0,0.06446705832983635,0.0,0.08859630717582878,0.30932647922786405,0.0,0.0,0.39792278640369283,True
2026-05-04,Roblox,STATEMENT_CATEGORY_SELF_HARM,631,377,0,254,0,0,0,0,0,0,0.5974643423137876,0.0,0.40253565768621236,0.0,0.0,0.0,0.0,0.0,0.0,True
2026-05-04,Roblox,STATEMENT_CATEGORY_UNSAFE_AND_PROHIBITED_PRODUCTS,12793,11175,0,1618,0,10,281,0,0,291,0.873524583756742,0.0,0.12647541624325803,0.0,0.0007816774798718049,0.02196513718439772,0.0,0.0,0.022746814664269522,True
2026-05-04,Roblox,STATEMENT_CATEGORY_VIOLENCE,19995,17294,0,2701,0,96,1400,0,0,1496,0.8649162290572643,0.0,0.1350837709427357,0.0,0.004801200300075019,0.07001750437609403,0.0,0.0,0.07481870467616904,True
2026-05-04,Snapchat,STATEMENT_CATEGORY_CYBER_VIOLENCE,10702,872,0,9830,9720,0,982,0,0,982,0.08148009717809755,0.0,0.9185199028219024,0.908241450196225,0.0,0.091758549803775,0.0,0.0,0.091758549803775,True
2026-05-04,Snapchat,STATEMENT_CATEGORY_ILLEGAL_OR_HARMFUL_SPEECH,2091,30,0,2061,2051,0,40,0,0,40,0.014347202295552367,0.0,0.9856527977044476,0.9808703969392635,0.0,0.01912960306073649,0.0,0.0,0.01912960306073649,True
2026-05-04,Snapchat,STATEMENT_CATEGORY_INTELLECTUAL_PROPERTY_INFRINGEMENTS,20,0,0,20,0,0,20,0,0,20,0.0,0.0,1.0,0.0,0.0,1.0,0.0,0.0,1.0,True
2026-05-04,Snapchat,STATEMENT_CATEGORY_OTHER_VIOLATION_TC,55672,16869,0,38803,32673,0,7428,0,0,7428,0.3030068975427504,0.0,0.6969931024572497,0.5868838913637017,0.0,0.1334243425779566,0.0,0.0,0.1334243425779566,True
2026-05-04,Snapchat,STATEMENT_CATEGORY_PROTECTION_OF_MINORS,3014,1752,0,1262,1285,0,1729,0,0,1729,0.5812873258128732,0.0,0.41871267418712677,0.4263437292634373,0.0,0.5736562707365627,0.0,0.0,0.5736562707365627,True
2026-05-04,Snapchat,STATEMENT_CATEGORY_RISK_FOR_PUBLIC_SECURITY,100,0,0,100,86,0,14,0,0,14,0.0,0.0,1.0,0.86,0.0,0.14,0.0,0.0,0.14,True
2026-05-04,Snapchat,STATEMENT_CATEGORY_SCAMS_AND_FRAUD,4755,124,0,4631,4287,0,468,0,0,468,0.02607781282860147,0.0,0.9739221871713986,0.9015772870662461,0.0,0.09842271293375394,0.0,0.0,0.09842271293375394,True
2026-05-04,Snapchat,STATEMENT_CATEGORY_SELF_HARM,41,1,0,40,33,0,8,0,0,8,0.024390243902439025,0.0,0.975609756097561,0.8048780487804879,0.0,0.1951219512195122,0.0,0.0,0.1951219512195122,True
2026-05-04,Snapchat,STATEMENT_CATEGORY_UNSAFE_AND_PROHIBITED_PRODUCTS,22582,4623,0,17959,15512,0,7070,0,0,7070,0.20472057390842263,0.0,0.7952794260915773,0.6869187848729076,0.0,0.31308121512709236,0.0,0.0,0.31308121512709236,True
2026-05-04,Snapchat,STATEMENT_CATEGORY_VIOLENCE,1725,27,0,1698,1614,0,111,0,0,111,0.01565217391304348,0.0,0.9843478260869565,0.9356521739130435,0.0,0.06434782608695652,0.0,0.0,0.06434782608695652,True
2026-05-04,TikTok,STATEMENT_CATEGORY_ANIMAL_WELFARE,5907,5114,0,793,4007,0,0,0,0,0,0.8657524970374132,0.0,0.13424750296258675,0.6783477230404604,0.0,0.0,0.0,0.0,0.0,True
2026-05-04,TikTok,STATEMENT_CATEGORY_CYBER_VIOLENCE,159,0,0,159,14,0,0,0,0,0,0.0,0.0,1.0,0.0880503144654088,0.0,0.0,0.0,0.0,0.0,True
2026-05-04,TikTok,STATEMENT_CATEGORY_DATA_PROTECTION_AND_PRIVACY_VIOLATIONS,43286,40594,0,2692,41264,0,0,0,0,0,0.937808991359793,0.0,0.062191008640207,0.9532874370466201,0.0,0.0,0.0,0.0,0.0,True
2026-05-04,TikTok,STATEMENT_CATEGORY_ILLEGAL_OR_HARMFUL_SPEECH,1005126,834737,0,170389,913530,0,0,0,0,0,0.8304799597264423,0.0,0.16952004027355774,0.9088711266050227,0.0,0.0,0.0,0.0,0.0,True
2026-05-04,TikTok,STATEMENT_CATEGORY_INTELLECTUAL_PROPERTY_INFRINGEMENTS,3328,2250,0,1078,0,0,0,0,0,0,0.6760817307692307,0.0,0.3239182692307692,0.0,0.0,0.0,0.0,0.0,0.0,True
2026-05-04,TikTok,STATEMENT_CATEGORY_NEGATIVE_EFFECTS_ON_CIVIC_DISCOURSE_OR_ELECTIONS,38007,33570,0,4437,25283,0,0,0,0,0,0.8832583471465782,0.0,0.11674165285342174,0.6652195648170074,0.0,0.0,0.0,0.0,0.0,True
2026-05-04,TikTok,STATEMENT_CATEGORY_OTHER_VIOLATION_TC,6980882,6744707,0,236175,2812795,11874,0,0,0,11874,0.9661683151212125,0.0,0.03383168487878752,0.40292831192390877,0.0017009312003841348,0.0,0.0,0.0,0.0017009312003841348,True
2026-05-04,TikTok,STATEMENT_CATEGORY_PROTECTION_OF_MINORS,60923,23992,0,36931,20533,6623,0,0,0,6623,0.3938085780411339,0.0,0.6061914219588661,0.3370319912020091,0.10871099584721698,0.0,0.0,0.0,0.10871099584721698,True
2026-05-04,TikTok,STATEMENT_CATEGORY_RISK_FOR_PUBLIC_SECURITY,68,0,0,68,7,0,0,0,0,0,0.0,0.0,1.0,0.10294117647058823,0.0,0.0,0.0,0.0,0.0,True
2026-05-04,TikTok,STATEMENT_CATEGORY_SCAMS_AND_FRAUD,233115,220687,0,12428,199450,6878,0,0,0,6878,0.9466872573622461,0.0,0.0533127426377539,0.8555862986079832,0.02950475087403213,0.0,0.0,0.0,0.02950475087403213,True
2026-05-04,TikTok,STATEMENT_CATEGORY_SELF_HARM,26861,19987,0,6874,18086,1,0,0,0,1,0.7440899445292432,0.0,0.25591005547075685,0.673318193663676,3.7228695878783365e-05,0.0,0.0,0.0,3.7228695878783365e-05,True
2026-05-04,TikTok,STATEMENT_CATEGORY_UNSAFE_AND_PROHIBITED_PRODUCTS,257,0,0,257,66,0,0,0,0,0,0.0,0.0,1.0,0.25680933852140075,0.0,0.0,0.0,0.0,0.0,True
2026-05-04,TikTok,STATEMENT_CATEGORY_VIOLENCE,232277,219420,0,12857,166272,0,0,0,0,0,0.9446479849490048,0.0,0.05535201505099515,0.7158349728987373,0.0,0.0,0.0,0.0,0.0,True
2026-05-04,X,STATEMENT_CATEGORY_ANIMAL_WELFARE,2,0,0,2,0,0,2,0,0,2,0.0,0.0,1.0,0.0,0.0,1.0,0.0,0.0,1.0,True
2026-05-04,X,STATEMENT_CATEGORY_CYBER_VIOLENCE,732,119,0,613,0,0,9,0,0,9,0.16256830601092895,0.0,0.837431693989071,0.0,0.0,0.012295081967213115,0.0,0.0,0.012295081967213115,True
2026-05-04,X,STATEMENT_CATEGORY_DATA_PROTECTION_AND_PRIVACY_VIOLATIONS,16,0,0,16,0,0,0,0,0,0,0.0,0.0,1.0,0.0,0.0,0.0,0.0,0.0,0.0,True
2026-05-04,X,STATEMENT_CATEGORY_INTELLECTUAL_PROPERTY_INFRINGEMENTS,513,0,0,513,0,0,379,0,0,379,0.0,0.0,1.0,0.0,0.0,0.7387914230019493,0.0,0.0,0.7387914230019493,True
2026-05-04,X,STATEMENT_CATEGORY_OTHER_VIOLATION_TC,14658,13642,0,1016,0,6,17,6,0,23,0.9306863146404694,0.0,0.06931368535953063,0.0,0.00040933278755628325,0.0011597762314094692,0.00040933278755628325,0.0,0.0015691090189657525,True
2026-05-04,X,STATEMENT_CATEGORY_PROTECTION_OF_MINORS,4152,2,0,4150,0,0,4147,0,0,4147,0.0004816955684007707,0.0,0.9995183044315993,0.0,0.0,0.998795761078998,0.0,0.0,0.998795761078998,True
2026-05-04,X,STATEMENT_CATEGORY_RISK_FOR_PUBLIC_SECURITY,1,0,0,1,0,0,1,0,0,1,0.0,0.0,1.0,0.0,0.0,1.0,0.0,0.0,1.0,True
2026-05-04,X,STATEMENT_CATEGORY_SCAMS_AND_FRAUD,129713,128715,0,998,0,0,124671,0,0,124671,0.9923060911396698,0.0,0.007693908860330114,0.0,0.0,0.9611295706675507,0.0,0.0,0.9611295706675507,True
2026-05-04,X,STATEMENT_CATEGORY_SELF_HARM,1039,694,0,345,0,0,13,0,0,13,0.6679499518768046,0.0,0.3320500481231954,0.0,0.0,0.012512030798845043,0.0,0.0,0.012512030798845043,True
2026-05-04,X,STATEMENT_CATEGORY_UNSAFE_AND_PROHIBITED_PRODUCTS,5200,0,0,5200,0,0,5200,0,0,5200,0.0,0.0,1.0,0.0,0.0,1.0,0.0,0.0,1.0,True
2026-05-04,X,STATEMENT_CATEGORY_VIOLENCE,1301,935,0,366,0,0,47,0,0,47,0.7186779400461184,0.0,0.28132205995388165,0.0,0.0,0.0361260568793236,0.0,0.0,0.0361260568793236,True
2026-05-04,YouTube,STATEMENT_CATEGORY_ANIMAL_WELFARE,2,0,0,2,2,0,0,0,0,0,0.0,0.0,1.0,1.0,0.0,0.0,0.0,0.0,0.0,True
2026-05-04,YouTube,STATEMENT_CATEGORY_CONSUMER_INFORMATION,62089,42294,0,19795,60488,0,0,1564,0,1564,0.681183462449065,0.0,0.318816537550935,0.974214434118765,0.0,0.0,0.025189647119457554,0.0,0.025189647119457554,True
2026-05-04,YouTube,STATEMENT_CATEGORY_CYBER_VIOLENCE,19,0,0,19,6,0,0,2,0,2,0.0,0.0,1.0,0.3157894736842105,0.0,0.0,0.10526315789473684,0.0,0.10526315789473684,True
2026-05-04,YouTube,STATEMENT_CATEGORY_DATA_PROTECTION_AND_PRIVACY_VIOLATIONS,2717,0,2218,499,2615,0,0,23,0,23,0.0,0.8163415531836584,0.18365844681634155,0.9624585940375414,0.0,0.0,0.008465218991534781,0.0,0.008465218991534781,True
2026-05-04,YouTube,STATEMENT_CATEGORY_ILLEGAL_OR_HARMFUL_SPEECH,481,0,457,24,459,0,0,30,0,30,0.0,0.9501039501039501,0.0498960498960499,0.9542619542619543,0.0,0.0,0.062370062370062374,0.0,0.062370062370062374,True
2026-05-04,YouTube,STATEMENT_CATEGORY_INTELLECTUAL_PROPERTY_INFRINGEMENTS,9885,0,5654,4231,9544,0,0,107,0,107,0.0,0.5719777440566515,0.42802225594334853,0.9655032878098129,0.0,0.0,0.010824481537683358,0.0,0.010824481537683358,True
2026-05-04,YouTube,STATEMENT_CATEGORY_NEGATIVE_EFFECTS_ON_CIVIC_DISCOURSE_OR_ELECTIONS,14664,1305,0,13359,229,0,0,0,0,0,0.08899345335515549,0.0,0.9110065466448445,0.015616475722858701,0.0,0.0,0.0,0.0,0.0,True
2026-05-04,YouTube,STATEMENT_CATEGORY_OTHER_VIOLATION_TC,1079455,1003705,56857,18893,1040625,0,0,17709,0,17709,0.9298256990796282,0.0526719501970902,0.017502350723281657,0.9640281438318411,0.0,0.0,0.01640550092407743,0.0,0.01640550092407743,True
2026-05-04,YouTube,STATEMENT_CATEGORY_PROTECTION_OF_MINORS,20452,0,20449,3,20042,0,0,0,0,0,0.0,0.9998533150792098,0.00014668492079014276,0.9799530608253472,0.0,0.0,0.0,0.0,0.0,True
2026-05-04,YouTube,STATEMENT_CATEGORY_RISK_FOR_PUBLIC_SECURITY,33,0,0,33,33,0,0,23,0,23,0.0,0.0,1.0,1.0,0.0,0.0,0.696969696969697,0.0,0.696969696969697,True
2026-05-04,YouTube,STATEMENT_CATEGORY_SCAMS_AND_FRAUD,1189800,381,439,1188980,1187252,0,0,2988,0,2988,0.00032022188603126575,0.00036896957471844007,0.9993108085392503,0.997858463607329,0.0,0.0,0.0025113464447806353,0.0,0.0025113464447806353,True
2026-05-04,YouTube,STATEMENT_CATEGORY_UNSAFE_AND_PROHIBITED_PRODUCTS,77033,72655,0,4378,19021,0,0,1,0,1,0.9431672140511209,0.0,0.05683278594887905,0.24692015110407228,0.0,0.0,1.2981449508652136e-05,0.0,1.2981449508652136e-05,True
2026-05-04,YouTube,STATEMENT_CATEGORY_VIOLENCE,349,141,0,208,349,0,0,0,0,0,0.4040114613180516,0.0,0.5959885386819485,1.0,0.0,0.0,0.0,0.0,0.0,True
2026-05-11,Instagram,STATEMENT_CATEGORY_CYBER_VIOLENCE,2724,0,327,2397,2707,16,0,0,0,16,0.0,0.12004405286343613,0.8799559471365639,0.9937591776798825,0.005873715124816446,0.0,0.0,0.0,0.005873715124816446,True
2026-05-11,Instagram,STATEMENT_CATEGORY_DATA_PROTECTION_AND_PRIVACY_VIOLATIONS,73655,0,73489,166,187,73468,0,0,0,73468,0.0,0.9977462494060145,0.002253750593985473,0.002538863620935442,0.9974611363790645,0.0,0.0,0.0,0.9974611363790645,True
2026-05-11,Instagram,STATEMENT_CATEGORY_ILLEGAL_OR_HARMFUL_SPEECH,2675,0,2066,609,2614,3,1,0,0,4,0.0,0.7723364485981309,0.22766355140186917,0.9771962616822429,0.0011214953271028037,0.00037383177570093456,0.0,0.0,0.0014953271028037382,True
2026-05-11,Instagram,STATEMENT_CATEGORY_INTELLECTUAL_PROPERTY_INFRINGEMENTS,8655,0,5131,3524,7995,660,0,0,0,660,0.0,0.5928365106874639,0.4071634893125361,0.9237435008665511,0.07625649913344887,0.0,0.0,0.0,0.07625649913344887,True
2026-05-11,Instagram,STATEMENT_CATEGORY_NEGATIVE_EFFECTS_ON_CIVIC_DISCOURSE_OR_ELECTIONS,744,0,743,1,2,0,0,0,0,0,0.0,0.9986559139784946,0.0013440860215053765,0.002688172043010753,0.0,0.0,0.0,0.0,0.0,True
2026-05-11,Instagram,STATEMENT_CATEGORY_OTHER_VIOLATION_TC,1088608,0,1018503,70105,40603,1048005,0,0,0,1048005,0.0,0.93560124489256,0.06439875510743996,0.03729809077280343,0.9627019092271966,0.0,0.0,0.0,0.9627019092271966,True
2026-05-11,Instagram,STATEMENT_CATEGORY_PROTECTION_OF_MINORS,27378,0,25103,2275,7270,20107,0,0,0,20107,0.0,0.9169040835707503,0.08309591642924977,0.2655416757980861,0.7344217985243626,0.0,0.0,0.0,0.7344217985243626,True
2026-05-11,Instagram,STATEMENT_CATEGORY_RISK_FOR_PUBLIC_SECURITY,8426,0,7085,1341,7781,645,0,0,0,645,0.0,0.8408497507714218,0.1591502492285782,0.923451222406836,0.07654877759316402,0.0,0.0,0.0,0.07654877759316402,True
2026-05-11,Instagram,STATEMENT_CATEGORY_SCAMS_AND_FRAUD,409071,0,401643,7428,65464,343571,2,0,0,343573,0.0,0.981841782966771,0.01815821703322895,0.16003089928154282,0.8398810964355821,4.88912682639444e-06,0.0,0.0,0.8398859855624085,True
2026-05-11,Instagram,STATEMENT_CATEGORY_SELF_HARM,3846,0,3192,654,3843,1,0,0,0,1,0.0,0.8299531981279251,0.17004680187207488,0.999219968798752,0.00026001040041601667,0.0,0.0,0.0,0.00026001040041601667,True
2026-05-11,Instagram,STATEMENT_CATEGORY_UNSAFE_AND_PROHIBITED_PRODUCTS,3256,0,1943,1313,2710,542,2,0,0,544,0.0,0.5967444717444718,0.40325552825552824,0.8323095823095823,0.16646191646191646,0.0006142506142506142,0.0,0.0,0.16707616707616707,True
2026-05-11,Instagram,STATEMENT_CATEGORY_VIOLENCE,14849,0,12922,1927,4399,3799,0,0,0,3799,0.0,0.8702269513098525,0.1297730486901475,0.2962489056502121,0.2558421442521382,0.0,0.0,0.0,0.2558421442521382,True
2026-05-11,LinkedIn,STATEMENT_CATEGORY_ANIMAL_WELFARE,1,0,0,1,1,0,0,0,0,0,0.0,0.0,1.0,1.0,0.0,0.0,0.0,0.0,0.0,True
2026-05-11,LinkedIn,STATEMENT_CATEGORY_CYBER_VIOLENCE,1212,11,0,1201,1212,0,0,0,0,0,0.009075907590759076,0.0,0.990924092409241,1.0,0.0,0.0,0.0,0.0,0.0,True
2026-05-11,LinkedIn,STATEMENT_CATEGORY_ILLEGAL_OR_HARMFUL_SPEECH,693,1,0,692,691,0,0,2,0,2,0.001443001443001443,0.0,0.9985569985569985,0.9971139971139971,0.0,0.0,0.002886002886002886,0.0,0.002886002886002886,True
2026-05-11,LinkedIn,STATEMENT_CATEGORY_INTELLECTUAL_PROPERTY_INFRINGEMENTS,13,0,0,13,13,0,0,0,0,0,0.0,0.0,1.0,1.0,0.0,0.0,0.0,0.0,0.0,True
2026-05-11,LinkedIn,STATEMENT_CATEGORY_NEGATIVE_EFFECTS_ON_CIVIC_DISCOURSE_OR_ELECTIONS,108,11,0,97,91,0,0,0,0,0,0.10185185185185185,0.0,0.8981481481481481,0.8425925925925926,0.0,0.0,0.0,0.0,0.0,True
2026-05-11,LinkedIn,STATEMENT_CATEGORY_OTHER_VIOLATION_TC,4542,1640,0,2902,3463,0,50,7,0,57,0.361074416556583,0.0,0.638925583443417,0.7624394539850287,0.0,0.011008366358432409,0.0015411712901805372,0.0,0.012549537648612946,True
2026-05-11,LinkedIn,STATEMENT_CATEGORY_RISK_FOR_PUBLIC_SECURITY,3,0,0,3,3,0,0,0,0,0,0.0,0.0,1.0,1.0,0.0,0.0,0.0,0.0,0.0,True
2026-05-11,LinkedIn,STATEMENT_CATEGORY_SCAMS_AND_FRAUD,392,68,0,324,392,0,0,0,0,0,0.17346938775510204,0.0,0.826530612244898,1.0,0.0,0.0,0.0,0.0,0.0,True
2026-05-11,LinkedIn,STATEMENT_CATEGORY_UNSAFE_AND_PROHIBITED_PRODUCTS,642,274,0,368,642,0,0,0,0,0,0.42679127725856697,0.0,0.573208722741433,1.0,0.0,0.0,0.0,0.0,0.0,True
2026-05-11,LinkedIn,STATEMENT_CATEGORY_VIOLENCE,140,0,0,140,140,0,0,0,0,0,0.0,0.0,1.0,1.0,0.0,0.0,0.0,0.0,0.0,True
2026-05-11,Roblox,STATEMENT_CATEGORY_CYBER_VIOLENCE,47716,38904,0,8812,0,183,17930,0,0,18113,0.8153240003353173,0.0,0.1846759996646827,0.0,0.0038351915500041914,0.3757649425769134,0.0,0.0,0.3796001341269176,True
2026-05-11,Roblox,STATEMENT_CATEGORY_DATA_PROTECTION_AND_PRIVACY_VIOLATIONS,15625,14876,0,749,0,23,462,0,0,485,0.952064,0.0,0.047936,0.0,0.001472,0.029568,0.0,0.0,0.03104,True
2026-05-11,Roblox,STATEMENT_CATEGORY_ILLEGAL_OR_HARMFUL_SPEECH,20851,16396,0,4455,0,269,10428,0,0,10697,0.7863411826770899,0.0,0.21365881732291017,0.0,0.01290105990120378,0.5001198983262194,0.0,0.0,0.5130209582274231,True
2026-05-11,Roblox,STATEMENT_CATEGORY_INTELLECTUAL_PROPERTY_INFRINGEMENTS,284,36,0,248,0,38,59,0,0,97,0.1267605633802817,0.0,0.8732394366197183,0.0,0.13380281690140844,0.20774647887323944,0.0,0.0,0.3415492957746479,True
2026-05-11,Roblox,STATEMENT_CATEGORY_NEGATIVE_EFFECTS_ON_CIVIC_DISCOURSE_OR_ELECTIONS,56,28,0,28,0,0,5,0,0,5,0.5,0.0,0.5,0.0,0.0,0.08928571428571429,0.0,0.0,0.08928571428571429,True
2026-05-11,Roblox,STATEMENT_CATEGORY_OTHER_VIOLATION_TC,5591688,5585184,0,6504,15,5546243,8914,0,0,5555157,0.9988368449741831,0.0,0.001163155025816891,2.682553103821243e-06,0.9918727582797896,0.001594151891164171,0.0,0.0,0.9934669101709538,True
2026-05-11,Roblox,STATEMENT_CATEGORY_PROTECTION_OF_MINORS,1057,288,0,769,0,832,65,0,0,897,0.27246925260170296,0.0,0.727530747398297,0.0,0.7871333964049196,0.06149479659413434,0.0,0.0,0.8486281929990539,True
2026-05-11,Roblox,STATEMENT_CATEGORY_RISK_FOR_PUBLIC_SECURITY,1031,975,0,56,0,117,611,0,0,728,0.9456838021338506,0.0,0.05431619786614937,0.0,0.11348205625606207,0.5926285160038798,0.0,0.0,0.7061105722599418,True
2026-05-11,Roblox,STATEMENT_CATEGORY_SCAMS_AND_FRAUD,55903,53880,0,2023,0,5095,44778,0,0,49873,0.9638123177646996,0.0,0.03618768223530043,0.0,0.09114001037511403,0.8009945798973221,0.0,0.0,0.8921345902724361,True
2026-05-11,Roblox,STATEMENT_CATEGORY_SELF_HARM,99,62,0,37,0,0,0,0,0,0,0.6262626262626263,0.0,0.37373737373737376,0.0,0.0,0.0,0.0,0.0,0.0,True
2026-05-11,Roblox,STATEMENT_CATEGORY_UNSAFE_AND_PROHIBITED_PRODUCTS,3506,2993,0,513,0,7,374,0,0,381,0.8536794067313177,0.0,0.14632059326868227,0.0,0.0019965772960638907,0.10667427267541357,0.0,0.0,0.10867084997147747,True
2026-05-11,Roblox,STATEMENT_CATEGORY_VIOLENCE,5214,4495,0,719,0,200,1610,0,0,1810,0.862102032988109,0.0,0.13789796701189105,0.0,0.038358266206367474,0.30878404296125816,0.0,0.0,0.3471423091676256,True
2026-05-11,Snapchat,STATEMENT_CATEGORY_CYBER_VIOLENCE,11255,885,0,10370,10302,0,953,0,0,953,0.07863171923589515,0.0,0.9213682807641048,0.9153265215459796,0.0,0.08467347845402043,0.0,0.0,0.08467347845402043,True
2026-05-11,Snapchat,STATEMENT_CATEGORY_ILLEGAL_OR_HARMFUL_SPEECH,2349,28,0,2321,2308,0,41,0,0,41,0.011919965942954448,0.0,0.9880800340570456,0.9825457641549595,0.0,0.017454235845040442,0.0,0.0,0.017454235845040442,True
2026-05-11,Snapchat,STATEMENT_CATEGORY_INTELLECTUAL_PROPERTY_INFRINGEMENTS,12,0,0,12,5,0,7,0,0,7,0.0,0.0,1.0,0.4166666666666667,0.0,0.5833333333333334,0.0,0.0,0.5833333333333334,True
2026-05-11,Snapchat,STATEMENT_CATEGORY_OTHER_VIOLATION_TC,60319,18372,0,41947,36111,0,8050,0,0,8050,0.30458064623087255,0.0,0.6954193537691274,0.5986670866559459,0.0,0.133457119647209,0.0,0.0,0.133457119647209,True
2026-05-11,Snapchat,STATEMENT_CATEGORY_PROTECTION_OF_MINORS,2791,1577,0,1214,992,0,1799,0,0,1799,0.5650304550340379,0.0,0.434969544965962,0.3554281619491222,0.0,0.6445718380508778,0.0,0.0,0.6445718380508778,True
2026-05-11,Snapchat,STATEMENT_CATEGORY_RISK_FOR_PUBLIC_SECURITY,121,1,0,120,107,0,14,0,0,14,0.008264462809917356,0.0,0.9917355371900827,0.8842975206611571,0.0,0.11570247933884298,0.0,0.0,0.11570247933884298,True
2026-05-11,Snapchat,STATEMENT_CATEGORY_SCAMS_AND_FRAUD,5701,142,0,5559,5208,0,493,0,0,493,0.02490791089282582,0.0,0.9750920891071742,0.9135239431678653,0.0,0.08647605683213472,0.0,0.0,0.08647605683213472,True
2026-05-11,Snapchat,STATEMENT_CATEGORY_SELF_HARM,39,0,0,39,36,0,3,0,0,3,0.0,0.0,1.0,0.9230769230769231,0.0,0.07692307692307693,0.0,0.0,0.07692307692307693,True
2026-05-11,Snapchat,STATEMENT_CATEGORY_UNSAFE_AND_PROHIBITED_PRODUCTS,24561,5187,0,19374,17159,0,7402,0,0,7402,0.21118846952485648,0.0,0.7888115304751435,0.6986279060298848,0.0,0.3013720939701152,0.0,0.0,0.3013720939701152,True
2026-05-11,Snapchat,STATEMENT_CATEGORY_VIOLENCE,1888,41,0,1847,1766,0,122,0,0,122,0.021716101694915255,0.0,0.9782838983050848,0.9353813559322034,0.0,0.0646186440677966,0.0,0.0,0.0646186440677966,True
2026-05-11,TikTok,STATEMENT_CATEGORY_ANIMAL_WELFARE,5522,4712,0,810,4180,0,0,0,0,0,0.8533140166606302,0.0,0.1466859833393698,0.7569721115537849,0.0,0.0,0.0,0.0,0.0,True
2026-05-11,TikTok,STATEMENT_CATEGORY_CYBER_VIOLENCE,211,0,0,211,14,0,0,0,0,0,0.0,0.0,1.0,0.06635071090047394,0.0,0.0,0.0,0.0,0.0,True
2026-05-11,TikTok,STATEMENT_CATEGORY_DATA_PROTECTION_AND_PRIVACY_VIOLATIONS,48707,46339,0,2368,46933,0,0,0,0,0,0.9513827581251155,0.0,0.04861724187488451,0.9635781304535282,0.0,0.0,0.0,0.0,0.0,True
2026-05-11,TikTok,STATEMENT_CATEGORY_ILLEGAL_OR_HARMFUL_SPEECH,1037602,858668,0,178934,929990,0,0,0,0,0,0.827550448052336,0.0,0.17244955194766395,0.8962877866465176,0.0,0.0,0.0,0.0,0.0,True
2026-05-11,TikTok,STATEMENT_CATEGORY_INTELLECTUAL_PROPERTY_INFRINGEMENTS,3254,1601,0,1653,0,0,0,0,0,0,0.4920098340503995,0.0,0.5079901659496004,0.0,0.0,0.0,0.0,0.0,0.0,True
2026-05-11,TikTok,STATEMENT_CATEGORY_NEGATIVE_EFFECTS_ON_CIVIC_DISCOURSE_OR_ELECTIONS,73251,64491,0,8760,48375,0,0,0,0,0,0.8804111889257484,0.0,0.11958881107425155,0.6604005406069542,0.0,0.0,0.0,0.0,0.0,True
2026-05-11,TikTok,STATEMENT_CATEGORY_OTHER_VIOLATION_TC,6241213,5988822,0,252391,2641497,18354,0,0,0,18354,0.9595605854182512,0.0,0.040439414581748774,0.4232345539240529,0.002940774493676149,0.0,0.0,0.0,0.002940774493676149,True
2026-05-11,TikTok,STATEMENT_CATEGORY_PROTECTION_OF_MINORS,62736,21479,0,41257,21671,8192,0,0,0,8192,0.34237120632491713,0.0,0.6576287936750829,0.34543165008926296,0.13057893394542208,0.0,0.0,0.0,0.13057893394542208,True
2026-05-11,TikTok,STATEMENT_CATEGORY_RISK_FOR_PUBLIC_SECURITY,123,0,0,123,5,0,0,0,0,0,0.0,0.0,1.0,0.04065040650406504,0.0,0.0,0.0,0.0,0.0,True
2026-05-11,TikTok,STATEMENT_CATEGORY_SCAMS_AND_FRAUD,266531,245908,0,20623,231392,15779,0,0,0,15779,0.9226243851559481,0.0,0.07737561484405191,0.8681616772533026,0.05920136869632425,0.0,0.0,0.0,0.05920136869632425,True
2026-05-11,TikTok,STATEMENT_CATEGORY_SELF_HARM,47764,33983,0,13781,31647,0,0,0,0,0,0.7114772632107864,0.0,0.28852273678921364,0.6625701365044804,0.0,0.0,0.0,0.0,0.0,True
2026-05-11,TikTok,STATEMENT_CATEGORY_UNSAFE_AND_PROHIBITED_PRODUCTS,224,0,0,224,36,0,0,0,0,0,0.0,0.0,1.0,0.16071428571428573,0.0,0.0,0.0,0.0,0.0,True
2026-05-11,TikTok,STATEMENT_CATEGORY_VIOLENCE,265845,225693,0,40152,206970,0,0,0,0,0,0.8489646222422841,0.0,0.15103537775771597,0.7785363651751961,0.0,0.0,0.0,0.0,0.0,True
2026-05-11,X,STATEMENT_CATEGORY_CYBER_VIOLENCE,1104,123,0,981,0,0,9,0,0,9,0.11141304347826086,0.0,0.8885869565217391,0.0,0.0,0.008152173913043478,0.0,0.0,0.008152173913043478,True
2026-05-11,X,STATEMENT_CATEGORY_DATA_PROTECTION_AND_PRIVACY_VIOLATIONS,27,0,0,27,0,0,4,0,0,4,0.0,0.0,1.0,0.0,0.0,0.14814814814814814,0.0,0.0,0.14814814814814814,True
2026-05-11,X,STATEMENT_CATEGORY_INTELLECTUAL_PROPERTY_INFRINGEMENTS,427,0,0,427,0,0,295,0,0,295,0.0,0.0,1.0,0.0,0.0,0.6908665105386417,0.0,0.0,0.6908665105386417,True
2026-05-11,X,STATEMENT_CATEGORY_OTHER_VIOLATION_TC,5922,4798,0,1124,0,9,9,9,0,18,0.8101992570077676,0.0,0.18980074299223235,0.0,0.001519756838905775,0.001519756838905775,0.001519756838905775,0.0,0.00303951367781155,True
2026-05-11,X,STATEMENT_CATEGORY_PROTECTION_OF_MINORS,3224,2,0,3222,0,0,3218,0,0,3218,0.0006203473945409429,0.0,0.999379652605459,0.0,0.0,0.9981389578163772,0.0,0.0,0.9981389578163772,True
2026-05-11,X,STATEMENT_CATEGORY_RISK_FOR_PUBLIC_SECURITY,1,0,0,1,0,0,1,0,0,1,0.0,0.0,1.0,0.0,0.0,1.0,0.0,0.0,1.0,True
2026-05-11,X,STATEMENT_CATEGORY_SCAMS_AND_FRAUD,83708,82706,0,1002,0,4,79261,4,0,79265,0.9880298179385483,0.0,0.011970182061451713,0.0,4.7785157929946956e-05,0.9468748506713814,4.7785157929946956e-05,0.0,0.9469226358293115,True
2026-05-11,X,STATEMENT_CATEGORY_SELF_HARM,1016,686,0,330,0,0,13,0,0,13,0.6751968503937008,0.0,0.3248031496062992,0.0,0.0,0.012795275590551181,0.0,0.0,0.012795275590551181,True
2026-05-11,X,STATEMENT_CATEGORY_UNSAFE_AND_PROHIBITED_PRODUCTS,1728,0,0,1728,0,0,1728,0,0,1728,0.0,0.0,1.0,0.0,0.0,1.0,0.0,0.0,1.0,True
2026-05-11,X,STATEMENT_CATEGORY_VIOLENCE,1326,918,0,408,0,0,57,0,0,57,0.6923076923076923,0.0,0.3076923076923077,0.0,0.0,0.042986425339366516,0.0,0.0,0.042986425339366516,True
2026-05-11,YouTube,STATEMENT_CATEGORY_ANIMAL_WELFARE,2,0,0,2,2,0,0,0,0,0,0.0,0.0,1.0,1.0,0.0,0.0,0.0,0.0,0.0,True
2026-05-11,YouTube,STATEMENT_CATEGORY_CONSUMER_INFORMATION,63009,48550,0,14459,61063,0,0,1926,0,1926,0.7705248456569697,0.0,0.22947515434303037,0.9691155231792283,0.0,0.0,0.030567061848307386,0.0,0.030567061848307386,True
2026-05-11,YouTube,STATEMENT_CATEGORY_CYBER_VIOLENCE,10,0,0,10,2,0,0,0,0,0,0.0,0.0,1.0,0.2,0.0,0.0,0.0,0.0,0.0,True
2026-05-11,YouTube,STATEMENT_CATEGORY_DATA_PROTECTION_AND_PRIVACY_VIOLATIONS,2465,0,1851,614,2281,0,0,38,0,38,0.0,0.7509127789046653,0.24908722109533468,0.9253549695740365,0.0,0.0,0.015415821501014199,0.0,0.015415821501014199,True
2026-05-11,YouTube,STATEMENT_CATEGORY_ILLEGAL_OR_HARMFUL_SPEECH,497,0,475,22,481,0,0,31,0,31,0.0,0.9557344064386318,0.04426559356136821,0.9678068410462777,0.0,0.0,0.06237424547283702,0.0,0.06237424547283702,True
2026-05-11,YouTube,STATEMENT_CATEGORY_INTELLECTUAL_PROPERTY_INFRINGEMENTS,9369,1,6192,3176,8892,0,0,86,0,86,0.00010673497705197993,0.6609029779058597,0.3389902871170883,0.9490874159462056,0.0,0.0,0.009179208026470275,0.0,0.009179208026470275,True
2026-05-11,YouTube,STATEMENT_CATEGORY_NEGATIVE_EFFECTS_ON_CIVIC_DISCOURSE_OR_ELECTIONS,11607,2009,0,9598,904,0,0,0,0,0,0.1730852072025502,0.0,0.8269147927974498,0.07788403549582149,0.0,0.0,0.0,0.0,0.0,True
2026-05-11,YouTube,STATEMENT_CATEGORY_OTHER_VIOLATION_TC,1105123,1026379,57826,20918,1066985,0,0,18698,0,18698,0.928746392935447,0.05232539726347203,0.018928209801080967,0.9654898142559697,0.0,0.0,0.016919383634219902,0.0,0.016919383634219902,True
2026-05-11,YouTube,STATEMENT_CATEGORY_PROTECTION_OF_MINORS,21149,0,21148,1,20691,0,0,0,0,0,0.0,0.9999527164404937,4.728355950635964e-05,0.9783441297460873,0.0,0.0,0.0,0.0,0.0,True
2026-05-11,YouTube,STATEMENT_CATEGORY_RISK_FOR_PUBLIC_SECURITY,82,0,0,82,49,0,0,14,0,14,0.0,0.0,1.0,0.5975609756097561,0.0,0.0,0.17073170731707318,0.0,0.17073170731707318,True
2026-05-11,YouTube,STATEMENT_CATEGORY_SCAMS_AND_FRAUD,271435,526,423,270486,267971,0,0,3887,0,3887,0.0019378488404222006,0.0015583841435334426,0.9965037670160444,0.9872381969900713,0.0,0.0,0.014320187153462154,0.0,0.014320187153462154,True
2026-05-11,YouTube,STATEMENT_CATEGORY_UNSAFE_AND_PROHIBITED_PRODUCTS,75217,70024,0,5193,15658,0,0,2,0,2,0.9309597564380393,0.0,0.06904024356196073,0.20817102516718294,0.0,0.0,2.6589733703816956e-05,0.0,2.6589733703816956e-05,True
2026-05-11,YouTube,STATEMENT_CATEGORY_VIOLENCE,403,120,0,283,403,0,0,0,0,0,0.2977667493796526,0.0,0.7022332506203474,1.0,0.0,0.0,0.0,0.0,0.0,True
2026-05-18,Instagram,STATEMENT_CATEGORY_CYBER_VIOLENCE,1087,0,182,905,1068,17,0,0,0,17,0.0,0.16743330266789327,0.8325666973321068,0.9825206991720331,0.015639374425023,0.0,0.0,0.0,0.015639374425023,True
2026-05-18,Instagram,STATEMENT_CATEGORY_DATA_PROTECTION_AND_PRIVACY_VIOLATIONS,56217,0,56032,185,195,56021,0,0,0,56021,0.0,0.9967091804970026,0.003290819502997314,0.003468701638294466,0.9965135101481758,0.0,0.0,0.0,0.9965135101481758,True
2026-05-18,Instagram,STATEMENT_CATEGORY_ILLEGAL_OR_HARMFUL_SPEECH,2803,0,2092,711,2762,4,0,0,0,4,0.0,0.7463432037103104,0.2536567962896896,0.9853728148412415,0.0014270424545130217,0.0,0.0,0.0,0.0014270424545130217,True
2026-05-18,Instagram,STATEMENT_CATEGORY_INTELLECTUAL_PROPERTY_INFRINGEMENTS,8168,0,4180,3988,7515,653,0,0,0,653,0.0,0.5117531831537708,0.48824681684622917,0.9200538687561215,0.07994613124387855,0.0,0.0,0.0,0.07994613124387855,True
2026-05-18,Instagram,STATEMENT_CATEGORY_NEGATIVE_EFFECTS_ON_CIVIC_DISCOURSE_OR_ELECTIONS,1096,0,1096,0,0,0,0,0,0,0,0.0,1.0,0.0,0.0,0.0,0.0,0.0,0.0,0.0,True
2026-05-18,Instagram,STATEMENT_CATEGORY_OTHER_VIOLATION_TC,1088144,0,1020263,67881,41406,1046738,0,0,0,1046738,0.0,0.9376176314899498,0.06238236851005014,0.03805194900674911,0.9619480509932509,0.0,0.0,0.0,0.9619480509932509,True
2026-05-18,Instagram,STATEMENT_CATEGORY_PROTECTION_OF_MINORS,25014,0,22761,2253,7951,17062,0,0,0,17062,0.0,0.9099304389541857,0.09006956104581434,0.31786199728152237,0.6820980251059406,0.0,0.0,0.0,0.6820980251059406,True
2026-05-18,Instagram,STATEMENT_CATEGORY_RISK_FOR_PUBLIC_SECURITY,12044,0,10184,1860,11218,823,3,0,0,826,0.0,0.845566257057456,0.154433742942544,0.9314181335104617,0.06833277980737297,0.00024908668216539354,0.0,0.0,0.06858186648953836,True
2026-05-18,Instagram,STATEMENT_CATEGORY_SCAMS_AND_FRAUD,446180,0,435674,10506,69461,376623,3,0,0,376626,0.0,0.9764534492805594,0.023546550719440583,0.15567932224662692,0.8441055179523959,6.723743780537003e-06,0.0,0.0,0.8441122416961764,True
2026-05-18,Instagram,STATEMENT_CATEGORY_SELF_HARM,3141,0,2456,685,3137,2,0,0,0,2,0.0,0.7819165870741802,0.21808341292581981,0.9987265202164916,0.0006367398917542184,0.0,0.0,0.0,0.0006367398917542184,True
2026-05-18,Instagram,STATEMENT_CATEGORY_UNSAFE_AND_PROHIBITED_PRODUCTS,3180,0,1763,1417,2590,563,23,0,0,586,0.0,0.5544025157232705,0.44559748427672957,0.8144654088050315,0.1770440251572327,0.007232704402515723,0.0,0.0,0.18427672955974841,True
2026-05-18,Instagram,STATEMENT_CATEGORY_VIOLENCE,11999,0,9698,2301,4066,2562,0,0,0,2562,0.0,0.8082340195016251,0.19176598049837487,0.3388615717976498,0.21351779314942912,0.0,0.0,0.0,0.21351779314942912,True
2026-05-18,LinkedIn,STATEMENT_CATEGORY_CYBER_VIOLENCE,184333,183076,0,1257,184333,0,0,0,0,0,0.9931808194951528,0.0,0.006819180504847206,1.0,0.0,0.0,0.0,0.0,0.0,True
2026-05-18,LinkedIn,STATEMENT_CATEGORY_ILLEGAL_OR_HARMFUL_SPEECH,747,0,0,747,745,0,0,2,0,2,0.0,0.0,1.0,0.9973226238286479,0.0,0.0,0.002677376171352075,0.0,0.002677376171352075,True
2026-05-18,LinkedIn,STATEMENT_CATEGORY_INTELLECTUAL_PROPERTY_INFRINGEMENTS,13,0,0,13,13,0,0,0,0,0,0.0,0.0,1.0,1.0,0.0,0.0,0.0,0.0,0.0,True
2026-05-18,LinkedIn,STATEMENT_CATEGORY_NEGATIVE_EFFECTS_ON_CIVIC_DISCOURSE_OR_ELECTIONS,65,9,0,56,49,0,0,0,0,0,0.13846153846153847,0.0,0.8615384615384616,0.7538461538461538,0.0,0.0,0.0,0.0,0.0,True
2026-05-18,LinkedIn,STATEMENT_CATEGORY_OTHER_VIOLATION_TC,4708,1620,0,3088,3625,0,41,3,0,44,0.3440951571792693,0.0,0.6559048428207307,0.7699660152931181,0.0,0.008708581138487681,0.000637213254035684,0.0,0.009345794392523364,True
2026-05-18,LinkedIn,STATEMENT_CATEGORY_RISK_FOR_PUBLIC_SECURITY,1,0,0,1,1,0,0,0,0,0,0.0,0.0,1.0,1.0,0.0,0.0,0.0,0.0,0.0,True
2026-05-18,LinkedIn,STATEMENT_CATEGORY_SCAMS_AND_FRAUD,440,74,0,366,440,0,0,0,0,0,0.16818181818181818,0.0,0.8318181818181818,1.0,0.0,0.0,0.0,0.0,0.0,True
2026-05-18,LinkedIn,STATEMENT_CATEGORY_SELF_HARM,6,0,0,6,6,0,0,0,0,0,0.0,0.0,1.0,1.0,0.0,0.0,0.0,0.0,0.0,True
2026-05-18,LinkedIn,STATEMENT_CATEGORY_UNSAFE_AND_PROHIBITED_PRODUCTS,774,292,0,482,774,0,0,0,0,0,0.3772609819121447,0.0,0.6227390180878553,1.0,0.0,0.0,0.0,0.0,0.0,True
2026-05-18,LinkedIn,STATEMENT_CATEGORY_VIOLENCE,117,0,0,117,117,0,0,0,0,0,0.0,0.0,1.0,1.0,0.0,0.0,0.0,0.0,0.0,True
2026-05-18,Roblox,STATEMENT_CATEGORY_CYBER_VIOLENCE,42169,34346,0,7823,0,342,16827,0,0,17169,0.8144845739761436,0.0,0.1855154260238564,0.0,0.00811022314970713,0.399037207427257,0.0,0.0,0.4071474305769641,True
2026-05-18,Roblox,STATEMENT_CATEGORY_DATA_PROTECTION_AND_PRIVACY_VIOLATIONS,6777,6415,0,362,0,2,406,0,0,408,0.9465840342334366,0.0,0.05341596576656338,0.0,0.00029511583296443856,0.05990851409178102,0.0,0.0,0.06020362992474546,True
2026-05-18,Roblox,STATEMENT_CATEGORY_ILLEGAL_OR_HARMFUL_SPEECH,18752,14711,0,4041,0,493,9992,0,0,10485,0.7845029863481229,0.0,0.21549701365187712,0.0,0.026290529010238907,0.5328498293515358,0.0,0.0,0.5591403583617748,True
2026-05-18,Roblox,STATEMENT_CATEGORY_INTELLECTUAL_PROPERTY_INFRINGEMENTS,229,16,0,213,0,21,39,0,0,60,0.06986899563318777,0.0,0.9301310043668122,0.0,0.09170305676855896,0.1703056768558952,0.0,0.0,0.26200873362445415,True
2026-05-18,Roblox,STATEMENT_CATEGORY_NEGATIVE_EFFECTS_ON_CIVIC_DISCOURSE_OR_ELECTIONS,39,28,0,11,0,1,6,0,0,7,0.717948717948718,0.0,0.28205128205128205,0.0,0.02564102564102564,0.15384615384615385,0.0,0.0,0.1794871794871795,True
2026-05-18,Roblox,STATEMENT_CATEGORY_OTHER_VIOLATION_TC,1577897,1571749,0,6148,28,1546051,13265,0,0,1559316,0.9961036747012004,0.0,0.003896325298799605,1.77451379906293e-05,0.9798174405553721,0.008406759123060631,0.0,0.0,0.9882241996784328,True
2026-05-18,Roblox,STATEMENT_CATEGORY_PROTECTION_OF_MINORS,1074,210,0,864,0,915,68,0,0,983,0.19553072625698323,0.0,0.8044692737430168,0.0,0.8519553072625698,0.0633147113594041,0.0,0.0,0.9152700186219739,True
2026-05-18,Roblox,STATEMENT_CATEGORY_RISK_FOR_PUBLIC_SECURITY,806,735,0,71,0,253,295,0,0,548,0.9119106699751861,0.0,0.0880893300248139,0.0,0.31389578163771714,0.36600496277915634,0.0,0.0,0.6799007444168734,True
2026-05-18,Roblox,STATEMENT_CATEGORY_SCAMS_AND_FRAUD,9497,9021,0,476,0,2129,3311,0,0,5440,0.9498789091291987,0.0,0.050121090870801306,0.0,0.22417605559650416,0.3486364114983679,0.0,0.0,0.5728124670948721,True
2026-05-18,Roblox,STATEMENT_CATEGORY_SELF_HARM,75,61,0,14,0,0,0,0,0,0,0.8133333333333334,0.0,0.18666666666666668,0.0,0.0,0.0,0.0,0.0,0.0,True
2026-05-18,Roblox,STATEMENT_CATEGORY_UNSAFE_AND_PROHIBITED_PRODUCTS,1920,1591,0,329,0,6,299,0,0,305,0.8286458333333333,0.0,0.17135416666666667,0.0,0.003125,0.15572916666666667,0.0,0.0,0.15885416666666666,True
2026-05-18,Roblox,STATEMENT_CATEGORY_VIOLENCE,5793,4784,0,1009,0,993,1691,0,0,2684,0.8258242706715001,0.0,0.17417572932849992,0.0,0.17141377524598653,0.29190402209563265,0.0,0.0,0.4633177973416192,True
2026-05-18,Snapchat,STATEMENT_CATEGORY_CYBER_VIOLENCE,10596,887,0,9709,9635,0,961,0,0,961,0.0837108342770857,0.0,0.9162891657229143,0.9093053982634957,0.0,0.09069460173650434,0.0,0.0,0.09069460173650434,True
2026-05-18,Snapchat,STATEMENT_CATEGORY_ILLEGAL_OR_HARMFUL_SPEECH,2286,32,0,2254,2240,0,46,0,0,46,0.01399825021872266,0.0,0.9860017497812773,0.9798775153105862,0.0,0.020122484689413824,0.0,0.0,0.020122484689413824,True
2026-05-18,Snapchat,STATEMENT_CATEGORY_INTELLECTUAL_PROPERTY_INFRINGEMENTS,78,0,0,78,72,0,6,0,0,6,0.0,0.0,1.0,0.9230769230769231,0.0,0.07692307692307693,0.0,0.0,0.07692307692307693,True
2026-05-18,Snapchat,STATEMENT_CATEGORY_OTHER_VIOLATION_TC,57047,17911,0,39136,34137,0,8308,0,0,8308,0.3139691833049941,0.0,0.6860308166950059,0.5984013182112995,0.0,0.14563430154083476,0.0,0.0,0.14563430154083476,True
2026-05-18,Snapchat,STATEMENT_CATEGORY_PROTECTION_OF_MINORS,2495,1416,0,1079,886,0,1609,0,0,1609,0.5675350701402806,0.0,0.43246492985971946,0.35511022044088175,0.0,0.6448897795591182,0.0,0.0,0.6448897795591182,True
2026-05-18,Snapchat,STATEMENT_CATEGORY_RISK_FOR_PUBLIC_SECURITY,160,2,0,158,146,0,14,0,0,14,0.0125,0.0,0.9875,0.9125,0.0,0.0875,0.0,0.0,0.0875,True
2026-05-18,Snapchat,STATEMENT_CATEGORY_SCAMS_AND_FRAUD,4632,154,0,4478,4142,0,490,0,0,490,0.033246977547495685,0.0,0.9667530224525043,0.8942141623488774,0.0,0.10578583765112262,0.0,0.0,0.10578583765112262,True
2026-05-18,Snapchat,STATEMENT_CATEGORY_SELF_HARM,38,0,0,38,34,0,4,0,0,4,0.0,0.0,1.0,0.8947368421052632,0.0,0.10526315789473684,0.0,0.0,0.10526315789473684,True
2026-05-18,Snapchat,STATEMENT_CATEGORY_UNSAFE_AND_PROHIBITED_PRODUCTS,23241,4980,0,18261,16324,0,6917,0,0,6917,0.21427649412675875,0.0,0.7857235058732412,0.7023794156877932,0.0,0.2976205843122069,0.0,0.0,0.2976205843122069,True
2026-05-18,Snapchat,STATEMENT_CATEGORY_VIOLENCE,1479,27,0,1452,1361,0,118,0,0,118,0.018255578093306288,0.0,0.9817444219066938,0.9202163624070318,0.0,0.07978363759296822,0.0,0.0,0.07978363759296822,True
2026-05-18,TikTok,STATEMENT_CATEGORY_ANIMAL_WELFARE,6183,5244,0,939,4877,0,0,0,0,0,0.8481319747695294,0.0,0.15186802523047063,0.7887756752385573,0.0,0.0,0.0,0.0,0.0,True
2026-05-18,TikTok,STATEMENT_CATEGORY_CYBER_VIOLENCE,187,0,0,187,20,0,0,0,0,0,0.0,0.0,1.0,0.10695187165775401,0.0,0.0,0.0,0.0,0.0,True
2026-05-18,TikTok,STATEMENT_CATEGORY_DATA_PROTECTION_AND_PRIVACY_VIOLATIONS,42521,40376,0,2145,41069,0,0,0,0,0,0.9495543378565885,0.0,0.05044566214341149,0.9658521671644599,0.0,0.0,0.0,0.0,0.0,True
2026-05-18,TikTok,STATEMENT_CATEGORY_ILLEGAL_OR_HARMFUL_SPEECH,1014926,835864,0,179062,912072,0,0,0,0,0,0.8235713736765045,0.0,0.1764286263234955,0.8986586214167338,0.0,0.0,0.0,0.0,0.0,True
2026-05-18,TikTok,STATEMENT_CATEGORY_INTELLECTUAL_PROPERTY_INFRINGEMENTS,5149,1595,0,3554,0,0,0,0,0,0,0.30976888716255585,0.0,0.6902311128374442,0.0,0.0,0.0,0.0,0.0,0.0,True
2026-05-18,TikTok,STATEMENT_CATEGORY_NEGATIVE_EFFECTS_ON_CIVIC_DISCOURSE_OR_ELECTIONS,76599,71346,0,5253,46791,0,0,0,0,0,0.9314220812282145,0.0,0.06857791877178553,0.6108565385971096,0.0,0.0,0.0,0.0,0.0,True
2026-05-18,TikTok,STATEMENT_CATEGORY_OTHER_VIOLATION_TC,6266131,6002536,0,263595,2459378,14129,0,0,0,14129,0.9579333722834713,0.0,0.04206662771652875,0.3924874854994254,0.0022548203987436586,0.0,0.0,0.0,0.0022548203987436586,True
2026-05-18,TikTok,STATEMENT_CATEGORY_PROTECTION_OF_MINORS,55095,18262,0,36833,19672,5257,0,0,0,5257,0.3314638351937562,0.0,0.6685361648062438,0.35705599419185047,0.09541700698792994,0.0,0.0,0.0,0.09541700698792994,True
2026-05-18,TikTok,STATEMENT_CATEGORY_RISK_FOR_PUBLIC_SECURITY,138,0,0,138,11,0,0,0,0,0,0.0,0.0,1.0,0.07971014492753623,0.0,0.0,0.0,0.0,0.0,True
2026-05-18,TikTok,STATEMENT_CATEGORY_SCAMS_AND_FRAUD,258053,247896,0,10157,230747,3587,0,0,0,3587,0.9606398685541342,0.0,0.039360131445865774,0.8941845279845613,0.013900245298446443,0.0,0.0,0.0,0.013900245298446443,True
2026-05-18,TikTok,STATEMENT_CATEGORY_SELF_HARM,27777,21713,0,6064,17597,0,0,0,0,0,0.7816898873168449,0.0,0.21831011268315512,0.6335097382726717,0.0,0.0,0.0,0.0,0.0,True
2026-05-18,TikTok,STATEMENT_CATEGORY_UNSAFE_AND_PROHIBITED_PRODUCTS,248,0,0,248,34,0,0,0,0,0,0.0,0.0,1.0,0.13709677419354838,0.0,0.0,0.0,0.0,0.0,True
2026-05-18,TikTok,STATEMENT_CATEGORY_VIOLENCE,272996,247784,0,25212,216147,0,0,0,0,0,0.9076469984908204,0.0,0.09235300150917962,0.7917588536095767,0.0,0.0,0.0,0.0,0.0,True
2026-05-18,X,STATEMENT_CATEGORY_ANIMAL_WELFARE,1,0,0,1,0,0,1,0,0,1,0.0,0.0,1.0,0.0,0.0,1.0,0.0,0.0,1.0,True
2026-05-18,X,STATEMENT_CATEGORY_CYBER_VIOLENCE,960,113,0,847,0,0,3,0,0,3,0.11770833333333333,0.0,0.8822916666666667,0.0,0.0,0.003125,0.0,0.0,0.003125,True
2026-05-18,X,STATEMENT_CATEGORY_DATA_PROTECTION_AND_PRIVACY_VIOLATIONS,25,0,0,25,0,0,1,0,0,1,0.0,0.0,1.0,0.0,0.0,0.04,0.0,0.0,0.04,True
2026-05-18,X,STATEMENT_CATEGORY_INTELLECTUAL_PROPERTY_INFRINGEMENTS,371,0,0,371,0,0,234,0,0,234,0.0,0.0,1.0,0.0,0.0,0.6307277628032345,0.0,0.0,0.6307277628032345,True
2026-05-18,X,STATEMENT_CATEGORY_OTHER_VIOLATION_TC,4821,3882,0,939,0,6,14,6,0,20,0.80522713130056,0.0,0.19477286869943994,0.0,0.0012445550715619166,0.002903961833644472,0.0012445550715619166,0.0,0.004148516905206389,True
2026-05-18,X,STATEMENT_CATEGORY_PROTECTION_OF_MINORS,1201,1,0,1200,0,0,1196,0,0,1196,0.0008326394671107411,0.0,0.9991673605328892,0.0,0.0,0.9958368026644463,0.0,0.0,0.9958368026644463,True
2026-05-18,X,STATEMENT_CATEGORY_SCAMS_AND_FRAUD,84701,83689,0,1012,0,0,81814,0,0,81814,0.9880520891134698,0.0,0.011947910886530265,0.0,0.0,0.9659153965124379,0.0,0.0,0.9659153965124379,True
2026-05-18,X,STATEMENT_CATEGORY_SELF_HARM,1363,974,0,389,0,0,7,0,0,7,0.714600146735143,0.0,0.28539985326485695,0.0,0.0,0.005135730007336757,0.0,0.0,0.005135730007336757,True
2026-05-18,X,STATEMENT_CATEGORY_UNSAFE_AND_PROHIBITED_PRODUCTS,2205,0,0,2205,0,0,2205,0,0,2205,0.0,0.0,1.0,0.0,0.0,1.0,0.0,0.0,1.0,True
2026-05-18,X,STATEMENT_CATEGORY_VIOLENCE,1672,1121,0,551,0,0,69,0,0,69,0.6704545454545454,0.0,0.32954545454545453,0.0,0.0,0.04126794258373206,0.0,0.0,0.04126794258373206,True
2026-05-18,YouTube,STATEMENT_CATEGORY_ANIMAL_WELFARE,95,0,0,95,95,0,0,0,0,0,0.0,0.0,1.0,1.0,0.0,0.0,0.0,0.0,0.0,True
2026-05-18,YouTube,STATEMENT_CATEGORY_CONSUMER_INFORMATION,46317,29296,0,17021,43896,0,0,2133,0,2133,0.6325107411965369,0.0,0.3674892588034631,0.9477297752445106,0.0,0.0,0.046052205453721094,0.0,0.046052205453721094,True
2026-05-18,YouTube,STATEMENT_CATEGORY_CYBER_VIOLENCE,9,0,0,9,3,0,0,0,0,0,0.0,0.0,1.0,0.3333333333333333,0.0,0.0,0.0,0.0,0.0,True
2026-05-18,YouTube,STATEMENT_CATEGORY_DATA_PROTECTION_AND_PRIVACY_VIOLATIONS,2441,0,1899,542,2293,0,0,29,0,29,0.0,0.7779598525194592,0.22204014748054077,0.9393691110200737,0.0,0.0,0.01188037689471528,0.0,0.01188037689471528,True
2026-05-18,YouTube,STATEMENT_CATEGORY_ILLEGAL_OR_HARMFUL_SPEECH,526,0,500,26,503,0,0,18,0,18,0.0,0.9505703422053232,0.049429657794676805,0.9562737642585551,0.0,0.0,0.034220532319391636,0.0,0.034220532319391636,True
2026-05-18,YouTube,STATEMENT_CATEGORY_INTELLECTUAL_PROPERTY_INFRINGEMENTS,8441,1,4471,3969,5526,0,0,168,0,168,0.00011846937566639024,0.5296765786044307,0.47020495201990287,0.6546617699324725,0.0,0.0,0.01990285511195356,0.0,0.01990285511195356,True
2026-05-18,YouTube,STATEMENT_CATEGORY_NEGATIVE_EFFECTS_ON_CIVIC_DISCOURSE_OR_ELECTIONS,9400,1216,0,8184,1499,0,0,0,0,0,0.12936170212765957,0.0,0.8706382978723404,0.15946808510638297,0.0,0.0,0.0,0.0,0.0,True
2026-05-18,YouTube,STATEMENT_CATEGORY_OTHER_VIOLATION_TC,615036,553834,46696,14506,581617,0,0,13025,0,13025,0.9004903777990232,0.07592401095220443,0.02358561124877243,0.9456633432839704,0.0,0.0,0.02117762212293264,0.0,0.02117762212293264,True
2026-05-18,YouTube,STATEMENT_CATEGORY_PROTECTION_OF_MINORS,18486,0,18486,0,18059,0,0,0,0,0,0.0,1.0,0.0,0.9769014389267554,0.0,0.0,0.0,0.0,0.0,True
2026-05-18,YouTube,STATEMENT_CATEGORY_RISK_FOR_PUBLIC_SECURITY,24,0,0,24,23,0,0,13,0,13,0.0,0.0,1.0,0.9583333333333334,0.0,0.0,0.5416666666666666,0.0,0.5416666666666666,True
2026-05-18,YouTube,STATEMENT_CATEGORY_SCAMS_AND_FRAUD,195271,489,330,194452,191768,0,0,3836,0,3836,0.0025042120949859427,0.0016899590825058509,0.9958058288225082,0.9820608282847939,0.0,0.0,0.019644494062098315,0.0,0.019644494062098315,True
2026-05-18,YouTube,STATEMENT_CATEGORY_UNSAFE_AND_PROHIBITED_PRODUCTS,63290,57694,0,5596,13981,0,0,1,0,1,0.9115816084689524,0.0,0.08841839153104755,0.22090377626797283,0.0,0.0,1.5800284405119292e-05,0.0,1.5800284405119292e-05,True
2026-05-18,YouTube,STATEMENT_CATEGORY_VIOLENCE,576,110,0,466,576,0,0,0,0,0,0.1909722222222222,0.0,0.8090277777777778,1.0,0.0,0.0,0.0,0.0,0.0,True
2026-05-25,Instagram,STATEMENT_CATEGORY_CYBER_VIOLENCE,1411,0,233,1178,1398,9,0,0,0,9,0.0,0.16513111268603828,0.8348688873139617,0.9907866761162296,0.0063784549964564135,0.0,0.0,0.0,0.0063784549964564135,True
2026-05-25,Instagram,STATEMENT_CATEGORY_DATA_PROTECTION_AND_PRIVACY_VIOLATIONS,66983,0,66823,160,181,66801,0,0,0,66801,0.0,0.9976113342191302,0.002388665780869773,0.0027021781646089306,0.9972828926742606,0.0,0.0,0.0,0.9972828926742606,True
2026-05-25,Instagram,STATEMENT_CATEGORY_ILLEGAL_OR_HARMFUL_SPEECH,3717,0,2544,1173,3691,11,0,0,0,11,0.0,0.6844229217110573,0.3155770782889427,0.9930051116491795,0.002959375840731773,0.0,0.0,0.0,0.002959375840731773,True
2026-05-25,Instagram,STATEMENT_CATEGORY_INTELLECTUAL_PROPERTY_INFRINGEMENTS,8982,0,4182,4800,8132,850,0,0,0,850,0.0,0.46559786239144957,0.5344021376085505,0.9053662881318192,0.0946337118681808,0.0,0.0,0.0,0.0946337118681808,True
2026-05-25,Instagram,STATEMENT_CATEGORY_NEGATIVE_EFFECTS_ON_CIVIC_DISCOURSE_OR_ELECTIONS,960,0,957,3,3,0,0,0,0,0,0.0,0.996875,0.003125,0.003125,0.0,0.0,0.0,0.0,0.0,True
2026-05-25,Instagram,STATEMENT_CATEGORY_OTHER_VIOLATION_TC,1585379,0,1511688,73691,54282,1531097,0,0,0,1531097,0.0,0.9535183700553621,0.046481629944637844,0.03423913146320218,0.9657608685367979,0.0,0.0,0.0,0.9657608685367979,True
2026-05-25,Instagram,STATEMENT_CATEGORY_PROTECTION_OF_MINORS,36783,0,30346,6437,16224,20558,0,0,0,20558,0.0,0.8250006796618002,0.1749993203381997,0.4410733219150151,0.5588994916129734,0.0,0.0,0.0,0.5588994916129734,True
2026-05-25,Instagram,STATEMENT_CATEGORY_RISK_FOR_PUBLIC_SECURITY,20865,0,18707,2158,20141,724,0,0,0,724,0.0,0.8965732087227415,0.10342679127725857,0.9653007428708363,0.03469925712916367,0.0,0.0,0.0,0.03469925712916367,True
2026-05-25,Instagram,STATEMENT_CATEGORY_SCAMS_AND_FRAUD,525970,0,519179,6791,87231,438699,3,0,0,438702,0.0,0.9870886172215145,0.012911382778485464,0.1658478620453638,0.8340760879898093,5.703747362016845e-06,0.0,0.0,0.8340817917371713,True
2026-05-25,Instagram,STATEMENT_CATEGORY_SELF_HARM,4821,0,3949,872,4820,1,0,0,0,1,0.0,0.8191246629330015,0.18087533706699854,0.9997925741547397,0.00020742584526031943,0.0,0.0,0.0,0.00020742584526031943,True
2026-05-25,Instagram,STATEMENT_CATEGORY_UNSAFE_AND_PROHIBITED_PRODUCTS,3790,0,2105,1685,3182,580,7,0,0,587,0.0,0.5554089709762533,0.4445910290237467,0.8395778364116095,0.15303430079155672,0.0018469656992084432,0.0,0.0,0.15488126649076517,True
2026-05-25,Instagram,STATEMENT_CATEGORY_VIOLENCE,8776,0,5771,3005,4429,2585,0,0,0,2585,0.0,0.6575888787602553,0.34241112123974476,0.5046718322698268,0.29455332725615313,0.0,0.0,0.0,0.29455332725615313,True
2026-05-25,LinkedIn,STATEMENT_CATEGORY_CYBER_VIOLENCE,1716,10,0,1706,1716,0,0,0,0,0,0.005827505827505828,0.0,0.9941724941724942,1.0,0.0,0.0,0.0,0.0,0.0,True
2026-05-25,LinkedIn,STATEMENT_CATEGORY_ILLEGAL_OR_HARMFUL_SPEECH,826,0,0,826,821,0,0,5,0,5,0.0,0.0,1.0,0.9939467312348669,0.0,0.0,0.006053268765133172,0.0,0.006053268765133172,True
2026-05-25,LinkedIn,STATEMENT_CATEGORY_INTELLECTUAL_PROPERTY_INFRINGEMENTS,4,0,0,4,4,0,0,0,0,0,0.0,0.0,1.0,1.0,0.0,0.0,0.0,0.0,0.0,True
2026-05-25,LinkedIn,STATEMENT_CATEGORY_NEGATIVE_EFFECTS_ON_CIVIC_DISCOURSE_OR_ELECTIONS,65,7,0,58,45,0,0,0,0,0,0.1076923076923077,0.0,0.8923076923076924,0.6923076923076923,0.0,0.0,0.0,0.0,0.0,True
2026-05-25,LinkedIn,STATEMENT_CATEGORY_OTHER_VIOLATION_TC,4643,1830,0,2813,3381,0,21,6,0,27,0.3941417187163472,0.0,0.6058582812836528,0.7281929786775792,0.0,0.004522937755761361,0.0012922679302175318,0.0,0.005815205685978893,True
2026-05-25,LinkedIn,STATEMENT_CATEGORY_SCAMS_AND_FRAUD,521,63,0,458,521,0,0,0,0,0,0.12092130518234165,0.0,0.8790786948176583,1.0,0.0,0.0,0.0,0.0,0.0,True
2026-05-25,LinkedIn,STATEMENT_CATEGORY_SELF_HARM,2,0,0,2,2,0,0,0,0,0,0.0,0.0,1.0,1.0,0.0,0.0,0.0,0.0,0.0,True
2026-05-25,LinkedIn,STATEMENT_CATEGORY_UNSAFE_AND_PROHIBITED_PRODUCTS,777,428,0,349,777,0,0,0,0,0,0.5508365508365508,0.0,0.4491634491634492,1.0,0.0,0.0,0.0,0.0,0.0,True
2026-05-25,LinkedIn,STATEMENT_CATEGORY_VIOLENCE,185,0,0,185,184,0,0,1,0,1,0.0,0.0,1.0,0.9945945945945946,0.0,0.0,0.005405405405405406,0.0,0.005405405405405406,True
2026-05-25,Roblox,STATEMENT_CATEGORY_CONSUMER_INFORMATION,2,0,0,2,0,0,0,0,0,0,0.0,0.0,1.0,0.0,0.0,0.0,0.0,0.0,0.0,True
2026-05-25,Roblox,STATEMENT_CATEGORY_CYBER_VIOLENCE,66034,54283,0,11751,0,540,26373,0,0,26913,0.8220462186146531,0.0,0.17795378138534695,0.0,0.008177605475966927,0.39938516521791806,0.0,0.0,0.40756277069388497,True
2026-05-25,Roblox,STATEMENT_CATEGORY_DATA_PROTECTION_AND_PRIVACY_VIOLATIONS,8601,8085,0,516,0,3,535,0,0,538,0.9400069759330311,0.0,0.05999302406696896,0.0,0.0003487966515521451,0.06220206952679921,0.0,0.0,0.06255086617835136,True
2026-05-25,Roblox,STATEMENT_CATEGORY_ILLEGAL_OR_HARMFUL_SPEECH,29352,23696,0,5656,0,965,15497,0,0,16462,0.807304442627419,0.0,0.1926955573725811,0.0,0.03287680566911965,0.5279708367402562,0.0,0.0,0.5608476424093759,True
2026-05-25,Roblox,STATEMENT_CATEGORY_INTELLECTUAL_PROPERTY_INFRINGEMENTS,271,19,0,252,0,59,65,0,0,124,0.07011070110701106,0.0,0.9298892988929889,0.0,0.2177121771217712,0.23985239852398524,0.0,0.0,0.4575645756457565,True
2026-05-25,Roblox,STATEMENT_CATEGORY_NEGATIVE_EFFECTS_ON_CIVIC_DISCOURSE_OR_ELECTIONS,51,33,0,18,0,0,9,0,0,9,0.6470588235294118,0.0,0.35294117647058826,0.0,0.0,0.17647058823529413,0.0,0.0,0.17647058823529413,True
2026-05-25,Roblox,STATEMENT_CATEGORY_OTHER_VIOLATION_TC,1229030,1219061,0,9969,40,1169892,32877,0,0,1202769,0.9918887252548758,0.0,0.008111274745124204,3.254599155431519e-05,0.9518823787865227,0.026750364108280515,0.0,0.0,0.9786327428948032,True
2026-05-25,Roblox,STATEMENT_CATEGORY_PROTECTION_OF_MINORS,1165,296,0,869,0,971,61,0,0,1032,0.25407725321888414,0.0,0.7459227467811159,0.0,0.8334763948497854,0.05236051502145923,0.0,0.0,0.8858369098712446,True
2026-05-25,Roblox,STATEMENT_CATEGORY_RISK_FOR_PUBLIC_SECURITY,1003,929,0,74,0,292,317,0,0,609,0.9262213359920239,0.0,0.07377866400797607,0.0,0.29112662013958124,0.3160518444666002,0.0,0.0,0.6071784646061814,True
2026-05-25,Roblox,STATEMENT_CATEGORY_SCAMS_AND_FRAUD,17733,17236,0,497,0,2283,10960,0,0,13243,0.9719731573901765,0.0,0.028026842609823494,0.0,0.12874302148536626,0.618056730389669,0.0,0.0,0.7467997518750352,True
2026-05-25,Roblox,STATEMENT_CATEGORY_SELF_HARM,118,108,0,10,0,0,0,0,0,0,0.9152542372881356,0.0,0.0847457627118644,0.0,0.0,0.0,0.0,0.0,0.0,True
2026-05-25,Roblox,STATEMENT_CATEGORY_UNSAFE_AND_PROHIBITED_PRODUCTS,2482,2036,0,446,0,3,429,0,0,432,0.8203062046736502,0.0,0.17969379532634971,0.0,0.0012087026591458502,0.17284448025785656,0.0,0.0,0.17405318291700242,True
2026-05-25,Roblox,STATEMENT_CATEGORY_VIOLENCE,9551,8858,0,693,0,2291,2867,0,0,5158,0.9274421526541723,0.0,0.07255784734582767,0.0,0.23987017066275781,0.3001779918333159,0.0,0.0,0.5400481624960737,True
2026-05-25,Snapchat,STATEMENT_CATEGORY_CYBER_VIOLENCE,13844,1171,0,12673,12690,0,1154,0,0,1154,0.08458537994799191,0.0,0.9154146200520081,0.916642588847154,0.0,0.08335741115284599,0.0,0.0,0.08335741115284599,True
2026-05-25,Snapchat,STATEMENT_CATEGORY_ILLEGAL_OR_HARMFUL_SPEECH,2768,34,0,2734,2725,0,43,0,0,43,0.012283236994219654,0.0,0.9877167630057804,0.9844653179190751,0.0,0.015534682080924855,0.0,0.0,0.015534682080924855,True
2026-05-25,Snapchat,STATEMENT_CATEGORY_INTELLECTUAL_PROPERTY_INFRINGEMENTS,27,0,0,27,25,0,2,0,0,2,0.0,0.0,1.0,0.9259259259259259,0.0,0.07407407407407407,0.0,0.0,0.07407407407407407,True
2026-05-25,Snapchat,STATEMENT_CATEGORY_OTHER_VIOLATION_TC,75466,24113,0,51353,45312,0,10794,0,0,10794,0.3195213738637267,0.0,0.6804786261362733,0.6004293324145973,0.0,0.14303129886306415,0.0,0.0,0.14303129886306415,True
2026-05-25,Snapchat,STATEMENT_CATEGORY_PROTECTION_OF_MINORS,3469,1707,0,1762,1222,0,2247,0,0,2247,0.4920726434130873,0.0,0.5079273565869127,0.35226289997117327,0.0,0.6477371000288268,0.0,0.0,0.6477371000288268,True
2026-05-25,Snapchat,STATEMENT_CATEGORY_RISK_FOR_PUBLIC_SECURITY,270,4,0,266,256,0,14,0,0,14,0.014814814814814815,0.0,0.9851851851851852,0.9481481481481482,0.0,0.05185185185185185,0.0,0.0,0.05185185185185185,True
2026-05-25,Snapchat,STATEMENT_CATEGORY_SCAMS_AND_FRAUD,6110,214,0,5896,5478,0,632,0,0,632,0.03502454991816694,0.0,0.964975450081833,0.8965630114566284,0.0,0.10343698854337152,0.0,0.0,0.10343698854337152,True
2026-05-25,Snapchat,STATEMENT_CATEGORY_SELF_HARM,66,2,0,64,60,0,6,0,0,6,0.030303030303030304,0.0,0.9696969696969697,0.9090909090909091,0.0,0.09090909090909091,0.0,0.0,0.09090909090909091,True
2026-05-25,Snapchat,STATEMENT_CATEGORY_UNSAFE_AND_PROHIBITED_PRODUCTS,27519,6056,0,21463,20018,0,7501,0,0,7501,0.22006613612413242,0.0,0.7799338638758676,0.7274246883971075,0.0,0.27257531160289256,0.0,0.0,0.27257531160289256,True
2026-05-25,Snapchat,STATEMENT_CATEGORY_VIOLENCE,3078,79,0,2999,2932,0,146,0,0,146,0.025666016894087068,0.0,0.9743339831059129,0.9525666016894087,0.0,0.04743339831059129,0.0,0.0,0.04743339831059129,True
2026-05-25,TikTok,STATEMENT_CATEGORY_ANIMAL_WELFARE,9799,8458,0,1341,7699,0,0,0,0,0,0.8631493009490764,0.0,0.13685069905092356,0.785692417593632,0.0,0.0,0.0,0.0,0.0,True
2026-05-25,TikTok,STATEMENT_CATEGORY_CYBER_VIOLENCE,187,0,0,187,27,0,0,0,0,0,0.0,0.0,1.0,0.1443850267379679,0.0,0.0,0.0,0.0,0.0,True
2026-05-25,TikTok,STATEMENT_CATEGORY_DATA_PROTECTION_AND_PRIVACY_VIOLATIONS,53706,51409,0,2297,51954,0,0,0,0,0,0.9572301046438014,0.0,0.042769895356198566,0.9673779465981455,0.0,0.0,0.0,0.0,0.0,True
2026-05-25,TikTok,STATEMENT_CATEGORY_ILLEGAL_OR_HARMFUL_SPEECH,1494340,1231638,0,262702,1355561,0,0,0,0,0,0.8242019888378816,0.0,0.1757980111621184,0.9071302380984247,0.0,0.0,0.0,0.0,0.0,True
2026-05-25,TikTok,STATEMENT_CATEGORY_INTELLECTUAL_PROPERTY_INFRINGEMENTS,3157,1487,0,1670,0,0,0,0,0,0,0.47101678808995884,0.0,0.5289832119100412,0.0,0.0,0.0,0.0,0.0,0.0,True
2026-05-25,TikTok,STATEMENT_CATEGORY_NEGATIVE_EFFECTS_ON_CIVIC_DISCOURSE_OR_ELECTIONS,116415,109774,0,6641,74148,0,0,0,0,0,0.9429540866726797,0.0,0.05704591332732036,0.6369282308980801,0.0,0.0,0.0,0.0,0.0,True
2026-05-25,TikTok,STATEMENT_CATEGORY_OTHER_VIOLATION_TC,9024058,8644316,0,379742,3695417,26089,0,0,0,26089,0.9579189318153762,0.0,0.042081068184623815,0.40950723056079646,0.0028910496807533818,0.0,0.0,0.0,0.0028910496807533818,True
2026-05-25,TikTok,STATEMENT_CATEGORY_PROTECTION_OF_MINORS,75811,27922,0,47889,28712,7221,0,0,0,7221,0.36831066731740775,0.0,0.6316893326825922,0.37873131867407106,0.09525002967907031,0.0,0.0,0.0,0.09525002967907031,True
2026-05-25,TikTok,STATEMENT_CATEGORY_RISK_FOR_PUBLIC_SECURITY,81,0,0,81,5,0,0,0,0,0,0.0,0.0,1.0,0.06172839506172839,0.0,0.0,0.0,0.0,0.0,True
2026-05-25,TikTok,STATEMENT_CATEGORY_SCAMS_AND_FRAUD,298663,292068,0,6595,266936,3840,0,0,0,3840,0.9779182556928713,0.0,0.02208174430712877,0.8937699011929834,0.012857300703468457,0.0,0.0,0.0,0.012857300703468457,True
2026-05-25,TikTok,STATEMENT_CATEGORY_SELF_HARM,40174,31809,0,8365,27226,0,0,0,0,0,0.7917807537213123,0.0,0.2082192462786877,0.6777019963160252,0.0,0.0,0.0,0.0,0.0,True
2026-05-25,TikTok,STATEMENT_CATEGORY_UNSAFE_AND_PROHIBITED_PRODUCTS,220,0,0,220,36,0,0,0,0,0,0.0,0.0,1.0,0.16363636363636364,0.0,0.0,0.0,0.0,0.0,True
2026-05-25,TikTok,STATEMENT_CATEGORY_VIOLENCE,441467,418455,0,23012,335975,3,0,0,0,3,0.9478737935111797,0.0,0.05212620648882023,0.7610421617017806,6.795524920322471e-06,0.0,0.0,0.0,6.795524920322471e-06,True
2026-05-25,X,STATEMENT_CATEGORY_CYBER_VIOLENCE,1497,194,0,1303,0,0,4,0,0,4,0.1295925183700735,0.0,0.8704074816299265,0.0,0.0,0.0026720106880427524,0.0,0.0,0.0026720106880427524,True
2026-05-25,X,STATEMENT_CATEGORY_DATA_PROTECTION_AND_PRIVACY_VIOLATIONS,25,0,0,25,0,0,4,0,0,4,0.0,0.0,1.0,0.0,0.0,0.16,0.0,0.0,0.16,True
2026-05-25,X,STATEMENT_CATEGORY_INTELLECTUAL_PROPERTY_INFRINGEMENTS,430,0,0,430,0,0,319,0,0,319,0.0,0.0,1.0,0.0,0.0,0.7418604651162791,0.0,0.0,0.7418604651162791,True
2026-05-25,X,STATEMENT_CATEGORY_OTHER_VIOLATION_TC,5822,4691,0,1131,0,11,13,11,0,24,0.8057368601855033,0.0,0.19426313981449675,0.0,0.0018893850910340088,0.002232909653040192,0.0018893850910340088,0.0,0.004122294744074201,True
2026-05-25,X,STATEMENT_CATEGORY_PROTECTION_OF_MINORS,1839,1,0,1838,0,0,1834,0,0,1834,0.000543773790103317,0.0,0.9994562262098967,0.0,0.0,0.9972811310494835,0.0,0.0,0.9972811310494835,True
2026-05-25,X,STATEMENT_CATEGORY_SCAMS_AND_FRAUD,89479,88126,0,1353,0,0,84790,0,0,84790,0.9848791336514713,0.0,0.015120866348528704,0.0,0.0,0.9475966427876932,0.0,0.0,0.9475966427876932,True
2026-05-25,X,STATEMENT_CATEGORY_SELF_HARM,1277,908,0,369,0,0,11,0,0,11,0.7110415035238841,0.0,0.2889584964761159,0.0,0.0,0.008613938919342208,0.0,0.0,0.008613938919342208,True
2026-05-25,X,STATEMENT_CATEGORY_UNSAFE_AND_PROHIBITED_PRODUCTS,1223,0,0,1223,0,0,1223,0,0,1223,0.0,0.0,1.0,0.0,0.0,1.0,0.0,0.0,1.0,True
2026-05-25,X,STATEMENT_CATEGORY_VIOLENCE,2120,1662,0,458,0,0,85,0,0,85,0.7839622641509434,0.0,0.2160377358490566,0.0,0.0,0.04009433962264151,0.0,0.0,0.04009433962264151,True
2026-05-25,YouTube,STATEMENT_CATEGORY_ANIMAL_WELFARE,10,0,0,10,10,0,0,0,0,0,0.0,0.0,1.0,1.0,0.0,0.0,0.0,0.0,0.0,True
2026-05-25,YouTube,STATEMENT_CATEGORY_CONSUMER_INFORMATION,248572,41634,0,206938,246545,0,0,2023,0,2023,0.1674927184075439,0.0,0.8325072815924561,0.9918454210450091,0.0,0.0,0.008138487037960832,0.0,0.008138487037960832,True
2026-05-25,YouTube,STATEMENT_CATEGORY_CYBER_VIOLENCE,25,0,0,25,3,0,0,3,0,3,0.0,0.0,1.0,0.12,0.0,0.0,0.12,0.0,0.12,True
2026-05-25,YouTube,STATEMENT_CATEGORY_DATA_PROTECTION_AND_PRIVACY_VIOLATIONS,3095,0,2433,662,2990,0,0,39,0,39,0.0,0.7861066235864297,0.21389337641357029,0.9660743134087237,0.0,0.0,0.012600969305331179,0.0,0.012600969305331179,True
2026-05-25,YouTube,STATEMENT_CATEGORY_ILLEGAL_OR_HARMFUL_SPEECH,788,0,661,127,762,0,0,33,0,33,0.0,0.8388324873096447,0.16116751269035534,0.9670050761421319,0.0,0.0,0.04187817258883249,0.0,0.04187817258883249,True
2026-05-25,YouTube,STATEMENT_CATEGORY_INTELLECTUAL_PROPERTY_INFRINGEMENTS,6700,4,5768,928,6284,0,0,127,0,127,0.0005970149253731343,0.8608955223880597,0.13850746268656716,0.937910447761194,0.0,0.0,0.018955223880597016,0.0,0.018955223880597016,True
2026-05-25,YouTube,STATEMENT_CATEGORY_NEGATIVE_EFFECTS_ON_CIVIC_DISCOURSE_OR_ELECTIONS,11931,655,0,11276,1968,0,0,0,0,0,0.054899002598273405,0.0,0.9451009974017266,0.16494845360824742,0.0,0.0,0.0,0.0,0.0,True
2026-05-25,YouTube,STATEMENT_CATEGORY_OTHER_VIOLATION_TC,872270,778024,67078,27168,823110,0,0,19792,0,19792,0.8919531796347461,0.07690050099166543,0.031146319373588454,0.9436413037247641,0.0,0.0,0.02269022206426909,0.0,0.02269022206426909,True
2026-05-25,YouTube,STATEMENT_CATEGORY_PROTECTION_OF_MINORS,29014,0,29014,0,28546,0,0,0,0,0,0.0,1.0,0.0,0.9838698559316192,0.0,0.0,0.0,0.0,0.0,True
2026-05-25,YouTube,STATEMENT_CATEGORY_RISK_FOR_PUBLIC_SECURITY,25,0,0,25,22,0,0,19,0,19,0.0,0.0,1.0,0.88,0.0,0.0,0.76,0.0,0.76,True
2026-05-25,YouTube,STATEMENT_CATEGORY_SCAMS_AND_FRAUD,300640,684,472,299484,296400,0,0,4715,0,4715,0.002275146354443853,0.0015699840340606705,0.9961548696114955,0.9858967535923363,0.0,0.0,0.015683209153805215,0.0,0.015683209153805215,True
2026-05-25,YouTube,STATEMENT_CATEGORY_UNSAFE_AND_PROHIBITED_PRODUCTS,93266,88011,0,5255,17757,0,0,0,0,0,0.9436557802414599,0.0,0.05634421975854009,0.19039092488152168,0.0,0.0,0.0,0.0,0.0,True
2026-05-25,YouTube,STATEMENT_CATEGORY_VIOLENCE,333,160,0,173,333,0,0,0,0,0,0.4804804804804805,0.0,0.5195195195195195,1.0,0.0,0.0,0.0,0.0,0.0,True
2026-06-01,Instagram,STATEMENT_CATEGORY_CYBER_VIOLENCE,1313,0,210,1103,1295,16,0,0,0,16,0.0,0.15993907083015993,0.8400609291698401,0.9862909367859863,0.012185833968012186,0.0,0.0,0.0,0.012185833968012186,True
2026-06-01,Instagram,STATEMENT_CATEGORY_DATA_PROTECTION_AND_PRIVACY_VIOLATIONS,46105,0,45967,138,149,45953,0,0,0,45953,0.0,0.9970068322307776,0.002993167769222427,0.003231753605899577,0.9967031775295521,0.0,0.0,0.0,0.9967031775295521,True
2026-06-01,Instagram,STATEMENT_CATEGORY_ILLEGAL_OR_HARMFUL_SPEECH,3686,0,2783,903,3665,6,0,0,0,6,0.0,0.7550189907759088,0.24498100922409116,0.9943027672273467,0.0016277807921866521,0.0,0.0,0.0,0.0016277807921866521,True
2026-06-01,Instagram,STATEMENT_CATEGORY_INTELLECTUAL_PROPERTY_INFRINGEMENTS,5221,0,2282,2939,4598,623,0,0,0,623,0.0,0.43708101896188467,0.5629189810381153,0.8806742003447615,0.11932579965523846,0.0,0.0,0.0,0.11932579965523846,True
2026-06-01,Instagram,STATEMENT_CATEGORY_NEGATIVE_EFFECTS_ON_CIVIC_DISCOURSE_OR_ELECTIONS,719,0,719,0,0,0,0,0,0,0,0.0,1.0,0.0,0.0,0.0,0.0,0.0,0.0,0.0,True
2026-06-01,Instagram,STATEMENT_CATEGORY_OTHER_VIOLATION_TC,1359120,0,1292501,66619,149247,1209868,5,0,0,1209873,0.0,0.950983724763082,0.049016275236918004,0.1098114956736712,0.8901848254753075,3.6788510212490435e-06,0.0,0.0,0.8901885043263288,True
2026-06-01,Instagram,STATEMENT_CATEGORY_PROTECTION_OF_MINORS,30673,0,22652,8021,13179,17494,0,0,0,17494,0.0,0.7384996576793923,0.2615003423206077,0.4296612656081896,0.5703387343918104,0.0,0.0,0.0,0.5703387343918104,True
2026-06-01,Instagram,STATEMENT_CATEGORY_RISK_FOR_PUBLIC_SECURITY,11985,0,10400,1585,11307,678,0,0,0,678,0.0,0.8677513558614935,0.13224864413850645,0.9434292866082603,0.05657071339173968,0.0,0.0,0.0,0.05657071339173968,True
2026-06-01,Instagram,STATEMENT_CATEGORY_SCAMS_AND_FRAUD,430639,0,425234,5405,71397,359149,4,0,0,359153,0.0,0.9874488841001395,0.01255111589986044,0.16579315853882254,0.8339908833152594,9.288522405077106e-06,0.0,0.0,0.8340001718376645,True
2026-06-01,Instagram,STATEMENT_CATEGORY_SELF_HARM,4487,0,3647,840,4484,0,0,0,0,0,0.0,0.8127925117004681,0.187207488299532,0.9993314018275017,0.0,0.0,0.0,0.0,0.0,True
2026-06-01,Instagram,STATEMENT_CATEGORY_UNSAFE_AND_PROHIBITED_PRODUCTS,3467,0,2212,1255,2915,548,3,0,0,551,0.0,0.6380155754254399,0.36198442457456015,0.8407845399480819,0.15806172483415057,0.0008653014133256418,0.0,0.0,0.1589270262474762,True
2026-06-01,Instagram,STATEMENT_CATEGORY_VIOLENCE,7105,0,4653,2452,3664,1723,0,0,0,1723,0.0,0.6548909218859957,0.3451090781140042,0.5156931738212527,0.24250527797325827,0.0,0.0,0.0,0.24250527797325827,True
2026-06-01,LinkedIn,STATEMENT_CATEGORY_ANIMAL_WELFARE,2,0,0,2,2,0,0,0,0,0,0.0,0.0,1.0,1.0,0.0,0.0,0.0,0.0,0.0,True
2026-06-01,LinkedIn,STATEMENT_CATEGORY_CYBER_VIOLENCE,1199,4,0,1195,1199,0,0,0,0,0,0.003336113427856547,0.0,0.9966638865721434,1.0,0.0,0.0,0.0,0.0,0.0,True
2026-06-01,LinkedIn,STATEMENT_CATEGORY_ILLEGAL_OR_HARMFUL_SPEECH,748,4,0,744,744,0,0,4,0,4,0.0053475935828877,0.0,0.9946524064171123,0.9946524064171123,0.0,0.0,0.0053475935828877,0.0,0.0053475935828877,True
2026-06-01,LinkedIn,STATEMENT_CATEGORY_INTELLECTUAL_PROPERTY_INFRINGEMENTS,26,0,0,26,26,0,0,0,0,0,0.0,0.0,1.0,1.0,0.0,0.0,0.0,0.0,0.0,True
2026-06-01,LinkedIn,STATEMENT_CATEGORY_NEGATIVE_EFFECTS_ON_CIVIC_DISCOURSE_OR_ELECTIONS,64,5,0,59,54,0,0,0,0,0,0.078125,0.0,0.921875,0.84375,0.0,0.0,0.0,0.0,0.0,True
2026-06-01,LinkedIn,STATEMENT_CATEGORY_OTHER_VIOLATION_TC,4414,1380,0,3034,3465,0,43,1,0,44,0.31264159492523785,0.0,0.6873584050747621,0.7850022655188038,0.0,0.009741730856366107,0.00022655188038060717,0.0,0.009968282736746714,True
2026-06-01,LinkedIn,STATEMENT_CATEGORY_SCAMS_AND_FRAUD,471,23,0,448,471,0,0,0,0,0,0.04883227176220807,0.0,0.9511677282377919,1.0,0.0,0.0,0.0,0.0,0.0,True
2026-06-01,LinkedIn,STATEMENT_CATEGORY_SELF_HARM,1,0,0,1,1,0,0,0,0,0,0.0,0.0,1.0,1.0,0.0,0.0,0.0,0.0,0.0,True
2026-06-01,LinkedIn,STATEMENT_CATEGORY_UNSAFE_AND_PROHIBITED_PRODUCTS,697,327,0,370,697,0,0,0,0,0,0.46915351506456243,0.0,0.5308464849354376,1.0,0.0,0.0,0.0,0.0,0.0,True
2026-06-01,LinkedIn,STATEMENT_CATEGORY_VIOLENCE,148,0,0,148,148,0,0,0,0,0,0.0,0.0,1.0,1.0,0.0,0.0,0.0,0.0,0.0,True
2026-06-01,Roblox,STATEMENT_CATEGORY_CYBER_VIOLENCE,51723,41628,0,10095,0,448,20516,0,0,20964,0.8048257061655356,0.0,0.19517429383446436,0.0,0.008661523886858844,0.3966513929973126,0.0,0.0,0.4053129168841714,True
2026-06-01,Roblox,STATEMENT_CATEGORY_DATA_PROTECTION_AND_PRIVACY_VIOLATIONS,5688,5302,0,386,0,4,472,0,0,476,0.9321378340365682,0.0,0.06786216596343178,0.0,0.0007032348804500703,0.0829817158931083,0.0,0.0,0.08368495077355836,True
2026-06-01,Roblox,STATEMENT_CATEGORY_ILLEGAL_OR_HARMFUL_SPEECH,23415,18832,0,4583,0,862,11275,0,0,12137,0.8042707666026052,0.0,0.19572923339739484,0.0,0.036814008114456544,0.4815289344437326,0.0,0.0,0.5183429425581892,True
2026-06-01,Roblox,STATEMENT_CATEGORY_INTELLECTUAL_PROPERTY_INFRINGEMENTS,241,52,0,189,0,30,60,0,0,90,0.2157676348547718,0.0,0.7842323651452282,0.0,0.12448132780082988,0.24896265560165975,0.0,0.0,0.37344398340248963,True
2026-06-01,Roblox,STATEMENT_CATEGORY_NEGATIVE_EFFECTS_ON_CIVIC_DISCOURSE_OR_ELECTIONS,26,12,0,14,0,1,3,0,0,4,0.46153846153846156,0.0,0.5384615384615384,0.0,0.038461538461538464,0.11538461538461539,0.0,0.0,0.15384615384615385,True
2026-06-01,Roblox,STATEMENT_CATEGORY_OTHER_VIOLATION_TC,384495,379058,0,5437,31,340452,25023,0,0,365475,0.985859373984057,0.0,0.01414062601594299,8.062523569877371e-05,0.8854523465844809,0.06508017009323919,0.0,0.0,0.9505325166777201,True
2026-06-01,Roblox,STATEMENT_CATEGORY_PROTECTION_OF_MINORS,964,276,0,688,0,801,51,0,0,852,0.2863070539419087,0.0,0.7136929460580913,0.0,0.8309128630705395,0.052904564315352696,0.0,0.0,0.8838174273858921,True
2026-06-01,Roblox,STATEMENT_CATEGORY_RISK_FOR_PUBLIC_SECURITY,791,727,0,64,0,216,291,0,0,507,0.9190897597977244,0.0,0.08091024020227561,0.0,0.27307206068268014,0.36788874841972186,0.0,0.0,0.640960809102402,True
2026-06-01,Roblox,STATEMENT_CATEGORY_SCAMS_AND_FRAUD,18447,18083,0,364,0,3069,10591,0,0,13660,0.9802677942212826,0.0,0.019732205778717406,0.0,0.16636851520572452,0.5741312950615276,0.0,0.0,0.7404998102672521,True
2026-06-01,Roblox,STATEMENT_CATEGORY_SELF_HARM,66,34,0,32,0,0,0,0,0,0,0.5151515151515151,0.0,0.48484848484848486,0.0,0.0,0.0,0.0,0.0,0.0,True
2026-06-01,Roblox,STATEMENT_CATEGORY_UNSAFE_AND_PROHIBITED_PRODUCTS,1906,1578,0,328,0,8,381,0,0,389,0.8279118572927597,0.0,0.1720881427072403,0.0,0.004197271773347324,0.19989506820566633,0.0,0.0,0.20409233997901363,True
2026-06-01,Roblox,STATEMENT_CATEGORY_VIOLENCE,4485,4002,0,483,0,356,2185,0,0,2541,0.8923076923076924,0.0,0.1076923076923077,0.0,0.07937569676700111,0.48717948717948717,0.0,0.0,0.5665551839464883,True
2026-06-01,Snapchat,STATEMENT_CATEGORY_CYBER_VIOLENCE,13367,1023,0,12344,12379,0,988,0,0,988,0.07653175731278522,0.0,0.9234682426872148,0.9260866312560784,0.0,0.0739133687439216,0.0,0.0,0.0739133687439216,True
2026-06-01,Snapchat,STATEMENT_CATEGORY_ILLEGAL_OR_HARMFUL_SPEECH,2171,32,0,2139,2130,0,41,0,0,41,0.014739751266697375,0.0,0.9852602487333026,0.981114693689544,0.0,0.018885306310456013,0.0,0.0,0.018885306310456013,True
2026-06-01,Snapchat,STATEMENT_CATEGORY_INTELLECTUAL_PROPERTY_INFRINGEMENTS,54,0,0,54,54,0,0,0,0,0,0.0,0.0,1.0,1.0,0.0,0.0,0.0,0.0,0.0,True
2026-06-01,Snapchat,STATEMENT_CATEGORY_OTHER_VIOLATION_TC,61833,19295,0,42538,37221,0,8621,0,0,8621,0.3120501997315349,0.0,0.6879498002684651,0.6019601183833875,0.0,0.1394239322044863,0.0,0.0,0.1394239322044863,True
2026-06-01,Snapchat,STATEMENT_CATEGORY_PROTECTION_OF_MINORS,3536,2048,0,1488,1413,0,2123,0,0,2123,0.579185520361991,0.0,0.42081447963800905,0.39960407239819007,0.0,0.6003959276018099,0.0,0.0,0.6003959276018099,True
2026-06-01,Snapchat,STATEMENT_CATEGORY_RISK_FOR_PUBLIC_SECURITY,208,1,0,207,198,0,10,0,0,10,0.004807692307692308,0.0,0.9951923076923077,0.9519230769230769,0.0,0.04807692307692308,0.0,0.0,0.04807692307692308,True
2026-06-01,Snapchat,STATEMENT_CATEGORY_SCAMS_AND_FRAUD,5964,129,0,5835,5471,0,493,0,0,493,0.021629778672032193,0.0,0.9783702213279678,0.9173373574782026,0.0,0.08266264252179745,0.0,0.0,0.08266264252179745,True
2026-06-01,Snapchat,STATEMENT_CATEGORY_SELF_HARM,89,0,0,89,86,0,3,0,0,3,0.0,0.0,1.0,0.9662921348314607,0.0,0.033707865168539325,0.0,0.0,0.033707865168539325,True
2026-06-01,Snapchat,STATEMENT_CATEGORY_UNSAFE_AND_PROHIBITED_PRODUCTS,22820,4813,0,18007,16250,0,6570,0,0,6570,0.21091148115687994,0.0,0.78908851884312,0.7120946538124452,0.0,0.28790534618755476,0.0,0.0,0.28790534618755476,True
2026-06-01,Snapchat,STATEMENT_CATEGORY_VIOLENCE,15254,391,0,14863,15112,0,142,0,0,142,0.025632620951881475,0.0,0.9743673790481185,0.9906909663039203,0.0,0.009309033696079716,0.0,0.0,0.009309033696079716,True
2026-06-01,TikTok,STATEMENT_CATEGORY_ANIMAL_WELFARE,10690,9520,0,1170,9350,0,0,0,0,0,0.8905519176800748,0.0,0.10944808231992516,0.8746492048643593,0.0,0.0,0.0,0.0,0.0,True
2026-06-01,TikTok,STATEMENT_CATEGORY_CYBER_VIOLENCE,181,0,0,181,6,0,0,0,0,0,0.0,0.0,1.0,0.03314917127071823,0.0,0.0,0.0,0.0,0.0,True
2026-06-01,TikTok,STATEMENT_CATEGORY_DATA_PROTECTION_AND_PRIVACY_VIOLATIONS,57355,55699,0,1656,55933,0,0,0,0,0,0.971127190305989,0.0,0.028872809694010983,0.9752070438497079,0.0,0.0,0.0,0.0,0.0,True
2026-06-01,TikTok,STATEMENT_CATEGORY_ILLEGAL_OR_HARMFUL_SPEECH,1727264,1529174,0,198090,1618744,0,0,0,0,0,0.8853157363321414,0.0,0.11468426366785853,0.9371723141337978,0.0,0.0,0.0,0.0,0.0,True
2026-06-01,TikTok,STATEMENT_CATEGORY_INTELLECTUAL_PROPERTY_INFRINGEMENTS,3313,1242,0,2071,0,0,0,0,0,0,0.37488680953818293,0.0,0.6251131904618171,0.0,0.0,0.0,0.0,0.0,0.0,True
2026-06-01,TikTok,STATEMENT_CATEGORY_NEGATIVE_EFFECTS_ON_CIVIC_DISCOURSE_OR_ELECTIONS,102831,99540,0,3291,63286,0,0,0,0,0,0.9679960323248826,0.0,0.03200396767511743,0.6154369791210822,0.0,0.0,0.0,0.0,0.0,True
2026-06-01,TikTok,STATEMENT_CATEGORY_OTHER_VIOLATION_TC,8052694,7671170,0,381524,2967634,13470,0,0,0,13470,0.9526215698746283,0.0,0.047378430125371705,0.36852685573300065,0.001672732131631973,0.0,0.0,0.0,0.001672732131631973,True
2026-06-01,TikTok,STATEMENT_CATEGORY_PROTECTION_OF_MINORS,66786,41837,0,24949,33531,2826,0,0,0,2826,0.6264336837061659,0.0,0.373566316293834,0.502066301320636,0.04231425747911239,0.0,0.0,0.0,0.04231425747911239,True
2026-06-01,TikTok,STATEMENT_CATEGORY_RISK_FOR_PUBLIC_SECURITY,60,0,0,60,0,0,0,0,0,0,0.0,0.0,1.0,0.0,0.0,0.0,0.0,0.0,0.0,True
2026-06-01,TikTok,STATEMENT_CATEGORY_SCAMS_AND_FRAUD,424822,408321,0,16501,393197,11118,0,0,0,11118,0.9611578496405553,0.0,0.03884215035944466,0.9255570568379227,0.02617096101426009,0.0,0.0,0.0,0.02617096101426009,True
2026-06-01,TikTok,STATEMENT_CATEGORY_SELF_HARM,31028,25835,0,5193,19967,0,0,0,0,0,0.8326350393193245,0.0,0.16736496068067552,0.6435155343560655,0.0,0.0,0.0,0.0,0.0,True
2026-06-01,TikTok,STATEMENT_CATEGORY_UNSAFE_AND_PROHIBITED_PRODUCTS,177,0,0,177,27,0,0,0,0,0,0.0,0.0,1.0,0.15254237288135594,0.0,0.0,0.0,0.0,0.0,True
2026-06-01,TikTok,STATEMENT_CATEGORY_VIOLENCE,572054,554997,0,17057,314940,0,0,0,0,0,0.9701828848325508,0.0,0.029817115167449226,0.5505424313089323,0.0,0.0,0.0,0.0,0.0,True
2026-06-01,X,STATEMENT_CATEGORY_CYBER_VIOLENCE,1346,157,0,1189,0,0,4,0,0,4,0.11664190193164933,0.0,0.8833580980683506,0.0,0.0,0.0029717682020802376,0.0,0.0,0.0029717682020802376,True
2026-06-01,X,STATEMENT_CATEGORY_DATA_PROTECTION_AND_PRIVACY_VIOLATIONS,20,0,0,20,0,1,1,1,0,2,0.0,0.0,1.0,0.0,0.05,0.05,0.05,0.0,0.1,True
2026-06-01,X,STATEMENT_CATEGORY_INTELLECTUAL_PROPERTY_INFRINGEMENTS,284,0,0,284,0,0,177,0,0,177,0.0,0.0,1.0,0.0,0.0,0.6232394366197183,0.0,0.0,0.6232394366197183,True
2026-06-01,X,STATEMENT_CATEGORY_OTHER_VIOLATION_TC,5650,4583,0,1067,0,28,13,28,0,41,0.8111504424778762,0.0,0.1888495575221239,0.0,0.00495575221238938,0.002300884955752212,0.00495575221238938,0.0,0.007256637168141593,True
2026-06-01,X,STATEMENT_CATEGORY_PROTECTION_OF_MINORS,1435,2,0,1433,0,0,1425,0,0,1425,0.0013937282229965157,0.0,0.9986062717770035,0.0,0.0,0.9930313588850174,0.0,0.0,0.9930313588850174,True
2026-06-01,X,STATEMENT_CATEGORY_SCAMS_AND_FRAUD,64124,63272,0,852,0,0,59866,0,0,59866,0.9867132430915102,0.0,0.013286756908489801,0.0,0.0,0.9335974050277587,0.0,0.0,0.9335974050277587,True
2026-06-01,X,STATEMENT_CATEGORY_SELF_HARM,1071,793,0,278,0,0,16,0,0,16,0.7404295051353875,0.0,0.25957049486461253,0.0,0.0,0.014939309056956116,0.0,0.0,0.014939309056956116,True
2026-06-01,X,STATEMENT_CATEGORY_UNSAFE_AND_PROHIBITED_PRODUCTS,515,0,0,515,0,0,515,0,0,515,0.0,0.0,1.0,0.0,0.0,1.0,0.0,0.0,1.0,True
2026-06-01,X,STATEMENT_CATEGORY_VIOLENCE,1403,1006,0,397,0,0,64,0,0,64,0.7170349251603706,0.0,0.28296507483962935,0.0,0.0,0.045616535994297935,0.0,0.0,0.045616535994297935,True
2026-06-01,YouTube,STATEMENT_CATEGORY_ANIMAL_WELFARE,9,0,0,9,9,0,0,0,0,0,0.0,0.0,1.0,1.0,0.0,0.0,0.0,0.0,0.0,True
2026-06-01,YouTube,STATEMENT_CATEGORY_CONSUMER_INFORMATION,952576,52493,0,900083,950829,0,0,1746,0,1746,0.05510636421660844,0.0,0.9448936357833916,0.9981660255979575,0.0,0.0,0.0018329246170384304,0.0,0.0018329246170384304,True
2026-06-01,YouTube,STATEMENT_CATEGORY_CYBER_VIOLENCE,11,0,0,11,2,0,0,0,0,0,0.0,0.0,1.0,0.18181818181818182,0.0,0.0,0.0,0.0,0.0,True
2026-06-01,YouTube,STATEMENT_CATEGORY_DATA_PROTECTION_AND_PRIVACY_VIOLATIONS,539,0,388,151,501,0,0,6,0,6,0.0,0.7198515769944341,0.28014842300556586,0.9294990723562152,0.0,0.0,0.011131725417439703,0.0,0.011131725417439703,True
2026-06-01,YouTube,STATEMENT_CATEGORY_ILLEGAL_OR_HARMFUL_SPEECH,262,0,124,138,251,0,0,3,0,3,0.0,0.4732824427480916,0.5267175572519084,0.9580152671755725,0.0,0.0,0.011450381679389313,0.0,0.011450381679389313,True
2026-06-01,YouTube,STATEMENT_CATEGORY_INTELLECTUAL_PROPERTY_INFRINGEMENTS,6676,6,4802,1868,5185,0,0,66,0,66,0.0008987417615338526,0.71929298981426,0.2798082684242061,0.7766626722588377,0.0,0.0,0.009886159376872379,0.0,0.009886159376872379,True
2026-06-01,YouTube,STATEMENT_CATEGORY_NEGATIVE_EFFECTS_ON_CIVIC_DISCOURSE_OR_ELECTIONS,11122,676,0,10446,1808,0,0,0,0,0,0.06078043517352994,0.0,0.9392195648264701,0.16256069052328717,0.0,0.0,0.0,0.0,0.0,True
2026-06-01,YouTube,STATEMENT_CATEGORY_OTHER_VIOLATION_TC,791243,696076,13683,81484,705914,0,0,8055,0,8055,0.8797246863479361,0.017293043982695582,0.10298226966936833,0.8921582876562573,0.0,0.0,0.010180184848396763,0.0,0.010180184848396763,True
2026-06-01,YouTube,STATEMENT_CATEGORY_PROTECTION_OF_MINORS,6577,0,6576,1,6493,0,0,0,0,0,0.0,0.9998479549946784,0.0001520450053215752,0.9872282195529877,0.0,0.0,0.0,0.0,0.0,True
2026-06-01,YouTube,STATEMENT_CATEGORY_RISK_FOR_PUBLIC_SECURITY,27,0,0,27,26,0,0,1,0,1,0.0,0.0,1.0,0.9629629629629629,0.0,0.0,0.037037037037037035,0.0,0.037037037037037035,True
2026-06-01,YouTube,STATEMENT_CATEGORY_SCAMS_AND_FRAUD,286050,692,80,285278,282562,0,0,3570,0,3570,0.0024191574899493098,0.00027967138612130745,0.9973011711239294,0.987806327565111,0.0,0.0,0.012480335605663346,0.0,0.012480335605663346,True
2026-06-01,YouTube,STATEMENT_CATEGORY_UNSAFE_AND_PROHIBITED_PRODUCTS,70969,64834,0,6135,14413,0,0,1,0,1,0.9135538051825445,0.0,0.08644619481745551,0.20308867251898716,0.0,0.0,1.4090659301948738e-05,0.0,1.4090659301948738e-05,True
2026-06-01,YouTube,STATEMENT_CATEGORY_VIOLENCE,315,167,0,148,315,0,0,0,0,0,0.5301587301587302,0.0,0.46984126984126984,1.0,0.0,0.0,0.0,0.0,0.0,True
2026-06-08,Instagram,STATEMENT_CATEGORY_CYBER_VIOLENCE,1775,0,449,1326,1766,7,0,0,0,7,0.0,0.25295774647887326,0.7470422535211267,0.9949295774647887,0.003943661971830986,0.0,0.0,0.0,0.003943661971830986,True
2026-06-08,Instagram,STATEMENT_CATEGORY_DATA_PROTECTION_AND_PRIVACY_VIOLATIONS,47689,0,47564,125,161,47528,0,0,0,47528,0.0,0.9973788504686615,0.002621149531338464,0.003376040596363941,0.996623959403636,0.0,0.0,0.0,0.996623959403636,True
2026-06-08,Instagram,STATEMENT_CATEGORY_ILLEGAL_OR_HARMFUL_SPEECH,5006,0,3885,1121,4974,5,0,0,0,5,0.0,0.7760687175389532,0.22393128246104674,0.993607670795046,0.000998801438274071,0.0,0.0,0.0,0.000998801438274071,True
2026-06-08,Instagram,STATEMENT_CATEGORY_INTELLECTUAL_PROPERTY_INFRINGEMENTS,13296,0,9782,3514,12684,612,0,0,0,612,0.0,0.7357099879663056,0.26429001203369434,0.953971119133574,0.046028880866425995,0.0,0.0,0.0,0.046028880866425995,True
2026-06-08,Instagram,STATEMENT_CATEGORY_NEGATIVE_EFFECTS_ON_CIVIC_DISCOURSE_OR_ELECTIONS,527,0,527,0,0,0,0,0,0,0,0.0,1.0,0.0,0.0,0.0,0.0,0.0,0.0,0.0,True
2026-06-08,Instagram,STATEMENT_CATEGORY_OTHER_VIOLATION_TC,1882643,0,1816809,65834,217058,1665585,0,0,0,1665585,0.0,0.9650310759926337,0.03496892400736624,0.11529429636951881,0.8847057036304812,0.0,0.0,0.0,0.8847057036304812,True
2026-06-08,Instagram,STATEMENT_CATEGORY_PROTECTION_OF_MINORS,28937,0,20044,8893,12929,16006,0,0,0,16006,0.0,0.6926771952863117,0.30732280471368834,0.4467982168158413,0.5531326675190932,0.0,0.0,0.0,0.5531326675190932,True
2026-06-08,Instagram,STATEMENT_CATEGORY_RISK_FOR_PUBLIC_SECURITY,12936,0,11748,1188,12152,784,0,0,0,784,0.0,0.9081632653061225,0.09183673469387756,0.9393939393939394,0.06060606060606061,0.0,0.0,0.0,0.06060606060606061,True
2026-06-08,Instagram,STATEMENT_CATEGORY_SCAMS_AND_FRAUD,458784,0,452501,6283,68420,390303,1,0,0,390304,0.0,0.9863051021831625,0.013694897816837553,0.14913336123317292,0.8507336785938481,2.1796749668689407e-06,0.0,0.0,0.8507358582688149,True
2026-06-08,Instagram,STATEMENT_CATEGORY_SELF_HARM,4391,0,3604,787,4385,1,0,0,0,1,0.0,0.8207697563197449,0.17923024368025506,0.9986335686631747,0.0002277385561375541,0.0,0.0,0.0,0.0002277385561375541,True
2026-06-08,Instagram,STATEMENT_CATEGORY_UNSAFE_AND_PROHIBITED_PRODUCTS,3990,0,2626,1364,3525,463,0,0,0,463,0.0,0.6581453634085213,0.3418546365914787,0.8834586466165414,0.11604010025062657,0.0,0.0,0.0,0.11604010025062657,True
2026-06-08,Instagram,STATEMENT_CATEGORY_VIOLENCE,10037,0,7265,2772,3692,1900,0,0,0,1900,0.0,0.7238218591212514,0.27617814087874865,0.3678389957158513,0.1892995915114078,0.0,0.0,0.0,0.1892995915114078,True
2026-06-08,LinkedIn,STATEMENT_CATEGORY_CYBER_VIOLENCE,1202,3,0,1199,1202,0,0,0,0,0,0.0024958402662229617,0.0,0.997504159733777,1.0,0.0,0.0,0.0,0.0,0.0,True
2026-06-08,LinkedIn,STATEMENT_CATEGORY_ILLEGAL_OR_HARMFUL_SPEECH,728,3,0,725,725,0,0,3,0,3,0.004120879120879121,0.0,0.9958791208791209,0.9958791208791209,0.0,0.0,0.004120879120879121,0.0,0.004120879120879121,True
2026-06-08,LinkedIn,STATEMENT_CATEGORY_INTELLECTUAL_PROPERTY_INFRINGEMENTS,6,0,0,6,6,0,0,0,0,0,0.0,0.0,1.0,1.0,0.0,0.0,0.0,0.0,0.0,True
2026-06-08,LinkedIn,STATEMENT_CATEGORY_NEGATIVE_EFFECTS_ON_CIVIC_DISCOURSE_OR_ELECTIONS,47,6,0,41,35,0,0,0,0,0,0.1276595744680851,0.0,0.8723404255319149,0.7446808510638298,0.0,0.0,0.0,0.0,0.0,True
2026-06-08,LinkedIn,STATEMENT_CATEGORY_OTHER_VIOLATION_TC,4224,1426,0,2798,3243,0,29,6,0,35,0.33759469696969696,0.0,0.662405303030303,0.7677556818181818,0.0,0.006865530303030303,0.0014204545454545455,0.0,0.008285984848484848,True
2026-06-08,LinkedIn,STATEMENT_CATEGORY_RISK_FOR_PUBLIC_SECURITY,1,0,0,1,1,0,0,0,0,0,0.0,0.0,1.0,1.0,0.0,0.0,0.0,0.0,0.0,True
2026-06-08,LinkedIn,STATEMENT_CATEGORY_SCAMS_AND_FRAUD,541,111,0,430,541,0,0,0,0,0,0.20517560073937152,0.0,0.7948243992606284,1.0,0.0,0.0,0.0,0.0,0.0,True
2026-06-08,LinkedIn,STATEMENT_CATEGORY_SELF_HARM,3,0,0,3,3,0,0,0,0,0,0.0,0.0,1.0,1.0,0.0,0.0,0.0,0.0,0.0,True
2026-06-08,LinkedIn,STATEMENT_CATEGORY_UNSAFE_AND_PROHIBITED_PRODUCTS,737,335,0,402,737,0,0,0,0,0,0.45454545454545453,0.0,0.5454545454545454,1.0,0.0,0.0,0.0,0.0,0.0,True
2026-06-08,LinkedIn,STATEMENT_CATEGORY_VIOLENCE,145,0,0,145,145,0,0,0,0,0,0.0,0.0,1.0,1.0,0.0,0.0,0.0,0.0,0.0,True
2026-06-08,Roblox,STATEMENT_CATEGORY_CONSUMER_INFORMATION,1,0,0,1,0,0,0,0,0,0,0.0,0.0,1.0,0.0,0.0,0.0,0.0,0.0,0.0,True
2026-06-08,Roblox,STATEMENT_CATEGORY_CYBER_VIOLENCE,50918,40854,0,10064,0,636,18383,0,0,19019,0.80234887466122,0.0,0.19765112533878,0.0,0.01249067127538395,0.3610314623512314,0.0,0.0,0.37352213362661535,True
2026-06-08,Roblox,STATEMENT_CATEGORY_DATA_PROTECTION_AND_PRIVACY_VIOLATIONS,5886,5370,0,516,0,71,432,0,0,503,0.9123343527013251,0.0,0.08766564729867482,0.0,0.012062521236833164,0.07339449541284404,0.0,0.0,0.0854570166496772,True
2026-06-08,Roblox,STATEMENT_CATEGORY_ILLEGAL_OR_HARMFUL_SPEECH,19623,15364,0,4259,0,699,8648,0,0,9347,0.7829587728685726,0.0,0.2170412271314274,0.0,0.03562146460785812,0.44070733323141215,0.0,0.0,0.47632879783927023,True
2026-06-08,Roblox,STATEMENT_CATEGORY_INTELLECTUAL_PROPERTY_INFRINGEMENTS,152,16,0,136,0,25,25,0,0,50,0.10526315789473684,0.0,0.8947368421052632,0.0,0.16447368421052633,0.16447368421052633,0.0,0.0,0.32894736842105265,True
2026-06-08,Roblox,STATEMENT_CATEGORY_NEGATIVE_EFFECTS_ON_CIVIC_DISCOURSE_OR_ELECTIONS,53,26,0,27,0,3,17,0,0,20,0.49056603773584906,0.0,0.5094339622641509,0.0,0.05660377358490566,0.32075471698113206,0.0,0.0,0.37735849056603776,True
2026-06-08,Roblox,STATEMENT_CATEGORY_OTHER_VIOLATION_TC,445775,437139,0,8636,12,396653,25499,0,0,422152,0.9806269979249621,0.0,0.019373002075037855,2.691941001626381e-05,0.889805395098424,0.057201503000392576,0.0,0.0,0.9470068980988167,True
2026-06-08,Roblox,STATEMENT_CATEGORY_PROTECTION_OF_MINORS,1035,388,0,647,0,884,34,0,0,918,0.3748792270531401,0.0,0.6251207729468599,0.0,0.8541062801932368,0.03285024154589372,0.0,0.0,0.8869565217391304,True
2026-06-08,Roblox,STATEMENT_CATEGORY_RISK_FOR_PUBLIC_SECURITY,958,885,0,73,0,161,547,0,0,708,0.9237995824634656,0.0,0.07620041753653445,0.0,0.16805845511482254,0.5709812108559499,0.0,0.0,0.7390396659707724,True
2026-06-08,Roblox,STATEMENT_CATEGORY_SCAMS_AND_FRAUD,10503,10031,0,472,0,3430,2535,0,0,5965,0.9550604589165,0.0,0.04493954108349995,0.0,0.3265733599923831,0.24135961153956012,0.0,0.0,0.5679329715319432,True
2026-06-08,Roblox,STATEMENT_CATEGORY_SELF_HARM,43,24,0,19,0,0,0,0,0,0,0.5581395348837209,0.0,0.4418604651162791,0.0,0.0,0.0,0.0,0.0,0.0,True
2026-06-08,Roblox,STATEMENT_CATEGORY_UNSAFE_AND_PROHIBITED_PRODUCTS,1756,1395,0,361,0,2,314,0,0,316,0.7944191343963554,0.0,0.20558086560364464,0.0,0.0011389521640091116,0.1788154897494305,0.0,0.0,0.17995444191343962,True
2026-06-08,Roblox,STATEMENT_CATEGORY_VIOLENCE,4125,3687,0,438,0,52,2495,0,0,2547,0.8938181818181818,0.0,0.10618181818181818,0.0,0.012606060606060607,0.6048484848484849,0.0,0.0,0.6174545454545455,True
2026-06-08,Snapchat,STATEMENT_CATEGORY_CYBER_VIOLENCE,10986,972,0,10014,10013,0,973,0,0,973,0.08847624249044238,0.0,0.9115237575095576,0.9114327325687238,0.0,0.08856726743127617,0.0,0.0,0.08856726743127617,True
2026-06-08,Snapchat,STATEMENT_CATEGORY_ILLEGAL_OR_HARMFUL_SPEECH,2401,38,0,2363,2354,0,47,0,0,47,0.01582673885880883,0.0,0.9841732611411912,0.9804248229904207,0.0,0.019575177009579343,0.0,0.0,0.019575177009579343,True
2026-06-08,Snapchat,STATEMENT_CATEGORY_INTELLECTUAL_PROPERTY_INFRINGEMENTS,90,0,0,90,88,0,2,0,0,2,0.0,0.0,1.0,0.9777777777777777,0.0,0.022222222222222223,0.0,0.0,0.022222222222222223,True
2026-06-08,Snapchat,STATEMENT_CATEGORY_OTHER_VIOLATION_TC,59176,18494,0,40682,36338,0,8426,0,0,8426,0.3125253481141003,0.0,0.6874746518858997,0.6140665134513992,0.0,0.1423888062728133,0.0,0.0,0.1423888062728133,True
2026-06-08,Snapchat,STATEMENT_CATEGORY_PROTECTION_OF_MINORS,2663,1446,0,1217,892,0,1771,0,0,1771,0.5429966203529853,0.0,0.45700337964701465,0.33496057078482916,0.0,0.6650394292151709,0.0,0.0,0.6650394292151709,True
2026-06-08,Snapchat,STATEMENT_CATEGORY_RISK_FOR_PUBLIC_SECURITY,162,2,0,160,105,0,57,0,0,57,0.012345679012345678,0.0,0.9876543209876543,0.6481481481481481,0.0,0.35185185185185186,0.0,0.0,0.35185185185185186,True
2026-06-08,Snapchat,STATEMENT_CATEGORY_SCAMS_AND_FRAUD,5935,140,0,5795,5344,0,591,0,0,591,0.02358887952822241,0.0,0.9764111204717776,0.9004212299915754,0.0,0.0995787700084246,0.0,0.0,0.0995787700084246,True
2026-06-08,Snapchat,STATEMENT_CATEGORY_SELF_HARM,63,0,0,63,59,0,4,0,0,4,0.0,0.0,1.0,0.9365079365079365,0.0,0.06349206349206349,0.0,0.0,0.06349206349206349,True
2026-06-08,Snapchat,STATEMENT_CATEGORY_UNSAFE_AND_PROHIBITED_PRODUCTS,22449,6021,0,16428,15486,0,6963,0,0,6963,0.26820793799278364,0.0,0.7317920620072164,0.689830281972471,0.0,0.3101697180275291,0.0,0.0,0.3101697180275291,True
2026-06-08,Snapchat,STATEMENT_CATEGORY_VIOLENCE,2102,36,0,2066,1985,0,117,0,0,117,0.017126546146527116,0.0,0.9828734538534729,0.9443387250237869,0.0,0.05566127497621313,0.0,0.0,0.05566127497621313,True
2026-06-08,TikTok,STATEMENT_CATEGORY_ANIMAL_WELFARE,7064,6590,0,474,5901,0,0,0,0,0,0.9328992072480181,0.0,0.06710079275198189,0.8353624009060022,0.0,0.0,0.0,0.0,0.0,True
2026-06-08,TikTok,STATEMENT_CATEGORY_CYBER_VIOLENCE,206,0,0,206,0,0,0,0,0,0,0.0,0.0,1.0,0.0,0.0,0.0,0.0,0.0,0.0,True
2026-06-08,TikTok,STATEMENT_CATEGORY_DATA_PROTECTION_AND_PRIVACY_VIOLATIONS,63503,62028,0,1475,62014,0,0,0,0,0,0.9767727508936586,0.0,0.023227249106341434,0.9765522888682424,0.0,0.0,0.0,0.0,0.0,True
2026-06-08,TikTok,STATEMENT_CATEGORY_ILLEGAL_OR_HARMFUL_SPEECH,1755358,1578670,0,176688,1646217,0,0,0,0,0,0.8993436096796209,0.0,0.1006563903203791,0.9378240791906836,0.0,0.0,0.0,0.0,0.0,True
2026-06-08,TikTok,STATEMENT_CATEGORY_INTELLECTUAL_PROPERTY_INFRINGEMENTS,3344,1358,0,1986,0,0,0,0,0,0,0.4061004784688995,0.0,0.5938995215311005,0.0,0.0,0.0,0.0,0.0,0.0,True
2026-06-08,TikTok,STATEMENT_CATEGORY_NEGATIVE_EFFECTS_ON_CIVIC_DISCOURSE_OR_ELECTIONS,124928,123974,0,954,79405,0,0,0,0,0,0.9923636014344263,0.0,0.00763639856557377,0.6356061091188525,0.0,0.0,0.0,0.0,0.0,True
2026-06-08,TikTok,STATEMENT_CATEGORY_OTHER_VIOLATION_TC,7087075,6853175,0,233900,3059074,1952,0,0,0,1952,0.9669962572711591,0.0,0.033003742728840886,0.4316412624390175,0.0002754309782244438,0.0,0.0,0.0,0.0002754309782244438,True
2026-06-08,TikTok,STATEMENT_CATEGORY_PROTECTION_OF_MINORS,62505,55578,0,6927,36938,198,0,0,0,198,0.889176865850732,0.0,0.11082313414926806,0.5909607231421486,0.0031677465802735782,0.0,0.0,0.0,0.0031677465802735782,True
2026-06-08,TikTok,STATEMENT_CATEGORY_RISK_FOR_PUBLIC_SECURITY,59,0,0,59,1,0,0,0,0,0,0.0,0.0,1.0,0.01694915254237288,0.0,0.0,0.0,0.0,0.0,True
2026-06-08,TikTok,STATEMENT_CATEGORY_SCAMS_AND_FRAUD,500489,495536,0,4953,474320,437,0,0,0,437,0.990103678602327,0.0,0.009896321397673076,0.9477131365524517,0.000873146063150239,0.0,0.0,0.0,0.000873146063150239,True
2026-06-08,TikTok,STATEMENT_CATEGORY_SELF_HARM,40379,38454,0,1925,28782,0,0,0,0,0,0.9523267044750985,0.0,0.04767329552490156,0.7127962554793333,0.0,0.0,0.0,0.0,0.0,True
2026-06-08,TikTok,STATEMENT_CATEGORY_UNSAFE_AND_PROHIBITED_PRODUCTS,152,0,0,152,15,0,0,0,0,0,0.0,0.0,1.0,0.09868421052631579,0.0,0.0,0.0,0.0,0.0,True
2026-06-08,TikTok,STATEMENT_CATEGORY_VIOLENCE,1478992,1461357,0,17635,365729,0,0,0,0,0,0.9880763384791804,0.0,0.011923661520819586,0.24728260869565216,0.0,0.0,0.0,0.0,0.0,True
2026-06-08,X,STATEMENT_CATEGORY_CYBER_VIOLENCE,1198,89,0,1109,0,0,4,0,0,4,0.07429048414023372,0.0,0.9257095158597662,0.0,0.0,0.00333889816360601,0.0,0.0,0.00333889816360601,True
2026-06-08,X,STATEMENT_CATEGORY_DATA_PROTECTION_AND_PRIVACY_VIOLATIONS,33,0,0,33,0,0,2,0,0,2,0.0,0.0,1.0,0.0,0.0,0.06060606060606061,0.0,0.0,0.06060606060606061,True
2026-06-08,X,STATEMENT_CATEGORY_INTELLECTUAL_PROPERTY_INFRINGEMENTS,262,1,0,261,0,0,184,0,0,184,0.003816793893129771,0.0,0.9961832061068703,0.0,0.0,0.7022900763358778,0.0,0.0,0.7022900763358778,True
2026-06-08,X,STATEMENT_CATEGORY_OTHER_VIOLATION_TC,4567,3341,0,1226,0,1,17,1,0,18,0.731552441427633,0.0,0.26844755857236696,0.0,0.0002189621195533173,0.0037223560324063936,0.0002189621195533173,0.0,0.003941318151959711,True
2026-06-08,X,STATEMENT_CATEGORY_PROTECTION_OF_MINORS,1808,2,0,1806,0,0,1802,0,0,1802,0.0011061946902654867,0.0,0.9988938053097345,0.0,0.0,0.9966814159292036,0.0,0.0,0.9966814159292036,True
2026-06-08,X,STATEMENT_CATEGORY_RISK_FOR_PUBLIC_SECURITY,1,0,0,1,0,0,1,0,0,1,0.0,0.0,1.0,0.0,0.0,1.0,0.0,0.0,1.0,True
2026-06-08,X,STATEMENT_CATEGORY_SCAMS_AND_FRAUD,34635,33389,0,1246,0,0,31013,0,0,31013,0.9640248303738992,0.0,0.03597516962610076,0.0,0.0,0.8954237043453155,0.0,0.0,0.8954237043453155,True
2026-06-08,X,STATEMENT_CATEGORY_SELF_HARM,1028,744,0,284,0,0,14,0,0,14,0.7237354085603113,0.0,0.27626459143968873,0.0,0.0,0.013618677042801557,0.0,0.0,0.013618677042801557,True
2026-06-08,X,STATEMENT_CATEGORY_UNSAFE_AND_PROHIBITED_PRODUCTS,612,0,0,612,0,0,612,0,0,612,0.0,0.0,1.0,0.0,0.0,1.0,0.0,0.0,1.0,True
2026-06-08,X,STATEMENT_CATEGORY_VIOLENCE,2142,1721,0,421,0,0,36,0,0,36,0.8034547152194211,0.0,0.1965452847805789,0.0,0.0,0.01680672268907563,0.0,0.0,0.01680672268907563,True
2026-06-08,YouTube,STATEMENT_CATEGORY_CONSUMER_INFORMATION,88677,30699,0,57978,86979,0,0,1643,0,1643,0.34618897797625087,0.0,0.6538110220237491,0.9808518556108122,0.0,0.0,0.018527915919573285,0.0,0.018527915919573285,True
2026-06-08,YouTube,STATEMENT_CATEGORY_ILLEGAL_OR_HARMFUL_SPEECH,7,0,0,7,7,0,0,0,0,0,0.0,0.0,1.0,1.0,0.0,0.0,0.0,0.0,0.0,True
2026-06-08,YouTube,STATEMENT_CATEGORY_INTELLECTUAL_PROPERTY_INFRINGEMENTS,9733,3,4566,5164,5036,0,0,73,0,73,0.0003082297338949964,0.46912565498818454,0.5305661152779205,0.5174149799650672,0.0,0.0,0.0075002568581115795,0.0,0.0075002568581115795,True
2026-06-08,YouTube,STATEMENT_CATEGORY_NEGATIVE_EFFECTS_ON_CIVIC_DISCOURSE_OR_ELECTIONS,5223,577,0,4646,53,0,0,0,0,0,0.11047290829025465,0.0,0.8895270917097453,0.010147424851617844,0.0,0.0,0.0,0.0,0.0,True
2026-06-08,YouTube,STATEMENT_CATEGORY_OTHER_VIOLATION_TC,525914,512198,54,13662,513954,0,0,8092,0,8092,0.9739196902915686,0.00010267838467886384,0.025977631323752554,0.9772586392451997,0.0,0.0,0.01538654608928456,0.0,0.01538654608928456,True
2026-06-08,YouTube,STATEMENT_CATEGORY_SCAMS_AND_FRAUD,296138,615,0,295523,292907,0,0,3231,0,3231,0.0020767344954041697,0.0,0.9979232655045959,0.9890895460899986,0.0,0.0,0.010910453910001418,0.0,0.010910453910001418,True
2026-06-08,YouTube,STATEMENT_CATEGORY_UNSAFE_AND_PROHIBITED_PRODUCTS,76641,70932,0,5709,13154,0,0,2,0,2,0.9255098446001487,0.0,0.07449015539985125,0.17163137224201144,0.0,0.0,2.6095692905885884e-05,0.0,2.6095692905885884e-05,True
2026-06-08,YouTube,STATEMENT_CATEGORY_VIOLENCE,387,114,0,273,387,0,0,0,0,0,0.29457364341085274,0.0,0.7054263565891473,1.0,0.0,0.0,0.0,0.0,0.0,True
2026-06-15,Instagram,STATEMENT_CATEGORY_CYBER_VIOLENCE,1746,0,404,1342,1742,3,0,0,0,3,0.0,0.2313860252004582,0.7686139747995419,0.997709049255441,0.001718213058419244,0.0,0.0,0.0,0.001718213058419244,True
2026-06-15,Instagram,STATEMENT_CATEGORY_DATA_PROTECTION_AND_PRIVACY_VIOLATIONS,53862,0,53577,285,306,53556,0,0,0,53556,0.0,0.9947087000111395,0.005291299988860421,0.005681185251197505,0.9943188147488025,0.0,0.0,0.0,0.9943188147488025,True
2026-06-15,Instagram,STATEMENT_CATEGORY_ILLEGAL_OR_HARMFUL_SPEECH,5379,0,3864,1515,5360,2,2,0,0,4,0.0,0.7183491355270496,0.28165086447295035,0.9964677449340026,0.0003718163227365681,0.0003718163227365681,0.0,0.0,0.0007436326454731362,True
2026-06-15,Instagram,STATEMENT_CATEGORY_INTELLECTUAL_PROPERTY_INFRINGEMENTS,34628,0,31138,3490,34029,599,0,0,0,599,0.0,0.8992145084902391,0.10078549150976089,0.9827018597666628,0.017298140233337183,0.0,0.0,0.0,0.017298140233337183,True
2026-06-15,Instagram,STATEMENT_CATEGORY_NEGATIVE_EFFECTS_ON_CIVIC_DISCOURSE_OR_ELECTIONS,673,0,673,0,0,0,0,0,0,0,0.0,1.0,0.0,0.0,0.0,0.0,0.0,0.0,0.0,True
2026-06-15,Instagram,STATEMENT_CATEGORY_OTHER_VIOLATION_TC,1585235,0,1542641,42594,214132,1371103,0,0,0,1371103,0.0,0.97313079764199,0.026869202358010012,0.13507902613808048,0.8649209738619196,0.0,0.0,0.0,0.8649209738619196,True
2026-06-15,Instagram,STATEMENT_CATEGORY_PROTECTION_OF_MINORS,31241,0,22370,8871,14773,16468,0,0,0,16468,0.0,0.7160462213117378,0.2839537786882622,0.4728721871899107,0.5271278128100894,0.0,0.0,0.0,0.5271278128100894,True
2026-06-15,Instagram,STATEMENT_CATEGORY_RISK_FOR_PUBLIC_SECURITY,12348,0,11287,1061,11537,811,0,0,0,811,0.0,0.9140751538710722,0.08592484612892776,0.9343213475866537,0.06567865241334629,0.0,0.0,0.0,0.06567865241334629,True
2026-06-15,Instagram,STATEMENT_CATEGORY_SCAMS_AND_FRAUD,422894,0,417560,5334,50126,372733,1,0,0,372734,0.0,0.9873869101949898,0.012613089805010238,0.11853088480801335,0.8813863521355233,2.364658756094908e-06,0.0,0.0,0.8813887167942794,True
2026-06-15,Instagram,STATEMENT_CATEGORY_SELF_HARM,8448,0,7781,667,8445,0,0,0,0,0,0.0,0.9210464015151515,0.07895359848484848,0.9996448863636364,0.0,0.0,0.0,0.0,0.0,True
2026-06-15,Instagram,STATEMENT_CATEGORY_UNSAFE_AND_PROHIBITED_PRODUCTS,4719,0,2351,2368,3484,1232,0,0,0,1232,0.0,0.49819877092604364,0.5018012290739563,0.7382920110192838,0.26107226107226106,0.0,0.0,0.0,0.26107226107226106,True
2026-06-15,Instagram,STATEMENT_CATEGORY_VIOLENCE,8377,0,5705,2672,3387,2068,0,0,0,2068,0.0,0.6810313954876447,0.31896860451235526,0.4043213560940671,0.24686641995941266,0.0,0.0,0.0,0.24686641995941266,True
2026-06-15,LinkedIn,STATEMENT_CATEGORY_ANIMAL_WELFARE,1,0,0,1,1,0,0,0,0,0,0.0,0.0,1.0,1.0,0.0,0.0,0.0,0.0,0.0,True
2026-06-15,LinkedIn,STATEMENT_CATEGORY_CONSUMER_INFORMATION,1,0,0,1,1,0,0,0,0,0,0.0,0.0,1.0,1.0,0.0,0.0,0.0,0.0,0.0,True
2026-06-15,LinkedIn,STATEMENT_CATEGORY_CYBER_VIOLENCE,1012,3,0,1009,1012,0,0,0,0,0,0.0029644268774703555,0.0,0.9970355731225297,1.0,0.0,0.0,0.0,0.0,0.0,True
2026-06-15,LinkedIn,STATEMENT_CATEGORY_ILLEGAL_OR_HARMFUL_SPEECH,667,1,0,666,663,0,0,4,0,4,0.0014992503748125937,0.0,0.9985007496251874,0.9940029985007496,0.0,0.0,0.005997001499250375,0.0,0.005997001499250375,True
2026-06-15,LinkedIn,STATEMENT_CATEGORY_INTELLECTUAL_PROPERTY_INFRINGEMENTS,9,0,0,9,9,0,0,0,0,0,0.0,0.0,1.0,1.0,0.0,0.0,0.0,0.0,0.0,True
2026-06-15,LinkedIn,STATEMENT_CATEGORY_NEGATIVE_EFFECTS_ON_CIVIC_DISCOURSE_OR_ELECTIONS,61,5,0,56,49,0,0,0,0,0,0.08196721311475409,0.0,0.9180327868852459,0.8032786885245902,0.0,0.0,0.0,0.0,0.0,True
2026-06-15,LinkedIn,STATEMENT_CATEGORY_OTHER_VIOLATION_TC,6546,3748,0,2798,5423,0,21,8,0,29,0.5725633974946532,0.0,0.42743660250534676,0.8284448518179041,0.0,0.0032080659945004585,0.0012221203788573174,0.0,0.004430186373357776,True
2026-06-15,LinkedIn,STATEMENT_CATEGORY_RISK_FOR_PUBLIC_SECURITY,2,0,0,2,2,0,0,0,0,0,0.0,0.0,1.0,1.0,0.0,0.0,0.0,0.0,0.0,True
2026-06-15,LinkedIn,STATEMENT_CATEGORY_SCAMS_AND_FRAUD,328,30,0,298,328,0,0,0,0,0,0.09146341463414634,0.0,0.9085365853658537,1.0,0.0,0.0,0.0,0.0,0.0,True
2026-06-15,LinkedIn,STATEMENT_CATEGORY_SELF_HARM,2,0,0,2,2,0,0,0,0,0,0.0,0.0,1.0,1.0,0.0,0.0,0.0,0.0,0.0,True
2026-06-15,LinkedIn,STATEMENT_CATEGORY_UNSAFE_AND_PROHIBITED_PRODUCTS,674,250,0,424,674,0,0,0,0,0,0.37091988130563797,0.0,0.629080118694362,1.0,0.0,0.0,0.0,0.0,0.0,True
2026-06-15,LinkedIn,STATEMENT_CATEGORY_VIOLENCE,105,0,0,105,105,0,0,0,0,0,0.0,0.0,1.0,1.0,0.0,0.0,0.0,0.0,0.0,True
2026-06-15,Roblox,STATEMENT_CATEGORY_CYBER_VIOLENCE,49240,40038,0,9202,0,414,18565,0,0,18979,0.8131194151096669,0.0,0.18688058489033307,0.0,0.008407798537774167,0.3770308692120227,0.0,0.0,0.3854386677497969,True
2026-06-15,Roblox,STATEMENT_CATEGORY_DATA_PROTECTION_AND_PRIVACY_VIOLATIONS,7073,6591,0,482,0,68,474,0,0,542,0.9318535274989397,0.0,0.06814647250106037,0.0,0.009614025166124699,0.0670154107168104,0.0,0.0,0.07662943588293511,True
2026-06-15,Roblox,STATEMENT_CATEGORY_ILLEGAL_OR_HARMFUL_SPEECH,32529,27966,0,4563,0,1411,8748,0,0,10159,0.8597251683113529,0.0,0.14027483168864704,0.0,0.04337667927080451,0.268929263119063,0.0,0.0,0.31230594238986753,True
2026-06-15,Roblox,STATEMENT_CATEGORY_INTELLECTUAL_PROPERTY_INFRINGEMENTS,167,8,0,159,0,37,32,0,0,69,0.04790419161676647,0.0,0.9520958083832335,0.0,0.2215568862275449,0.19161676646706588,0.0,0.0,0.41317365269461076,True
2026-06-15,Roblox,STATEMENT_CATEGORY_NEGATIVE_EFFECTS_ON_CIVIC_DISCOURSE_OR_ELECTIONS,77,53,0,24,0,1,13,0,0,14,0.6883116883116883,0.0,0.3116883116883117,0.0,0.012987012987012988,0.16883116883116883,0.0,0.0,0.18181818181818182,True
2026-06-15,Roblox,STATEMENT_CATEGORY_OTHER_VIOLATION_TC,2061642,2034347,0,27295,4,2003787,24456,0,0,2028243,0.986760552996107,0.0,0.013239447003893014,1.9402010630361626e-06,0.9719374168745107,0.011862389299403097,0.0,0.0,0.9837998061739138,True
2026-06-15,Roblox,STATEMENT_CATEGORY_PROTECTION_OF_MINORS,1143,428,0,715,0,1008,35,0,0,1043,0.37445319335083116,0.0,0.6255468066491688,0.0,0.8818897637795275,0.03062117235345582,0.0,0.0,0.9125109361329834,True
2026-06-15,Roblox,STATEMENT_CATEGORY_RISK_FOR_PUBLIC_SECURITY,852,619,0,233,0,110,628,0,0,738,0.7265258215962441,0.0,0.2734741784037559,0.0,0.12910798122065728,0.7370892018779343,0.0,0.0,0.8661971830985915,True
2026-06-15,Roblox,STATEMENT_CATEGORY_SCAMS_AND_FRAUD,6384,5591,0,793,0,1155,2429,0,0,3584,0.8757832080200502,0.0,0.12421679197994988,0.0,0.18092105263157895,0.38048245614035087,0.0,0.0,0.5614035087719298,True
2026-06-15,Roblox,STATEMENT_CATEGORY_SELF_HARM,37,23,0,14,0,0,0,0,0,0,0.6216216216216216,0.0,0.3783783783783784,0.0,0.0,0.0,0.0,0.0,0.0,True
2026-06-15,Roblox,STATEMENT_CATEGORY_UNSAFE_AND_PROHIBITED_PRODUCTS,1613,1299,0,314,0,14,302,0,0,316,0.8053316800991941,0.0,0.19466831990080596,0.0,0.008679479231246125,0.18722876627402354,0.0,0.0,0.1959082455052697,True
2026-06-15,Roblox,STATEMENT_CATEGORY_VIOLENCE,6005,5559,0,446,0,263,3943,0,0,4206,0.9257285595337219,0.0,0.07427144046627811,0.0,0.043796835970024976,0.6566194837635304,0.0,0.0,0.7004163197335553,True
2026-06-15,Snapchat,STATEMENT_CATEGORY_CYBER_VIOLENCE,10812,978,0,9834,9790,0,1022,0,0,1022,0.09045504994450611,0.0,0.9095449500554939,0.9054753977062523,0.0,0.09452460229374769,0.0,0.0,0.09452460229374769,True
2026-06-15,Snapchat,STATEMENT_CATEGORY_DATA_PROTECTION_AND_PRIVACY_VIOLATIONS,17,0,0,17,15,0,2,0,0,2,0.0,0.0,1.0,0.8823529411764706,0.0,0.11764705882352941,0.0,0.0,0.11764705882352941,True
2026-06-15,Snapchat,STATEMENT_CATEGORY_ILLEGAL_OR_HARMFUL_SPEECH,2182,62,0,2120,2114,0,68,0,0,68,0.02841429880843263,0.0,0.9715857011915674,0.9688359303391384,0.0,0.031164069660861594,0.0,0.0,0.031164069660861594,True
2026-06-15,Snapchat,STATEMENT_CATEGORY_INTELLECTUAL_PROPERTY_INFRINGEMENTS,99,0,0,99,97,0,2,0,0,2,0.0,0.0,1.0,0.9797979797979798,0.0,0.020202020202020204,0.0,0.0,0.020202020202020204,True
2026-06-15,Snapchat,STATEMENT_CATEGORY_OTHER_VIOLATION_TC,58447,19284,0,39163,34855,0,8634,0,0,8634,0.3299399455917327,0.0,0.6700600544082673,0.5963522507570962,0.0,0.1477235786267901,0.0,0.0,0.1477235786267901,True
2026-06-15,Snapchat,STATEMENT_CATEGORY_PROTECTION_OF_MINORS,2834,1455,0,1379,896,0,1938,0,0,1938,0.5134086097388849,0.0,0.48659139026111503,0.31616090331686664,0.0,0.6838390966831334,0.0,0.0,0.6838390966831334,True
2026-06-15,Snapchat,STATEMENT_CATEGORY_RISK_FOR_PUBLIC_SECURITY,79,5,0,74,67,0,12,0,0,12,0.06329113924050633,0.0,0.9367088607594937,0.8481012658227848,0.0,0.1518987341772152,0.0,0.0,0.1518987341772152,True
2026-06-15,Snapchat,STATEMENT_CATEGORY_SCAMS_AND_FRAUD,5531,136,0,5395,4950,0,581,0,0,581,0.024588681974326523,0.0,0.9754113180256735,0.8949557042126198,0.0,0.10504429578738023,0.0,0.0,0.10504429578738023,True
2026-06-15,Snapchat,STATEMENT_CATEGORY_SELF_HARM,41,2,0,39,37,0,4,0,0,4,0.04878048780487805,0.0,0.9512195121951219,0.9024390243902439,0.0,0.0975609756097561,0.0,0.0,0.0975609756097561,True
2026-06-15,Snapchat,STATEMENT_CATEGORY_UNSAFE_AND_PROHIBITED_PRODUCTS,20113,7845,0,12268,14140,0,5973,0,0,5973,0.39004623875105654,0.0,0.6099537612489435,0.7030278924078954,0.0,0.29697210759210463,0.0,0.0,0.29697210759210463,True
2026-06-15,Snapchat,STATEMENT_CATEGORY_VIOLENCE,1814,38,0,1776,1700,0,114,0,0,114,0.020948180815876516,0.0,0.9790518191841234,0.9371554575523704,0.0,0.06284454244762955,0.0,0.0,0.06284454244762955,True
2026-06-15,TikTok,STATEMENT_CATEGORY_ANIMAL_WELFARE,7673,7207,0,466,6267,0,0,0,0,0,0.9392675615795647,0.0,0.06073243842043529,0.8167600677701029,0.0,0.0,0.0,0.0,0.0,True
2026-06-15,TikTok,STATEMENT_CATEGORY_CYBER_VIOLENCE,96,0,0,96,0,0,0,0,0,0,0.0,0.0,1.0,0.0,0.0,0.0,0.0,0.0,0.0,True
2026-06-15,TikTok,STATEMENT_CATEGORY_DATA_PROTECTION_AND_PRIVACY_VIOLATIONS,58939,58183,0,756,57853,0,0,0,0,0,0.9871731790495257,0.0,0.01282682095047422,0.9815741699044775,0.0,0.0,0.0,0.0,0.0,True
2026-06-15,TikTok,STATEMENT_CATEGORY_ILLEGAL_OR_HARMFUL_SPEECH,1726537,1555327,0,171210,1610686,0,0,0,0,0,0.9008361824855187,0.0,0.0991638175144813,0.9328997872620164,0.0,0.0,0.0,0.0,0.0,True
2026-06-15,TikTok,STATEMENT_CATEGORY_INTELLECTUAL_PROPERTY_INFRINGEMENTS,3133,1194,0,1939,0,0,0,0,0,0,0.3811043728056176,0.0,0.6188956271943824,0.0,0.0,0.0,0.0,0.0,0.0,True
2026-06-15,TikTok,STATEMENT_CATEGORY_NEGATIVE_EFFECTS_ON_CIVIC_DISCOURSE_OR_ELECTIONS,133515,132725,0,790,85035,0,0,0,0,0,0.994083061828259,0.0,0.0059169381717410026,0.6368947309291091,0.0,0.0,0.0,0.0,0.0,True
2026-06-15,TikTok,STATEMENT_CATEGORY_OTHER_VIOLATION_TC,8186476,7964181,0,222295,2922016,0,0,0,0,0,0.9728460695420105,0.0,0.027153930457989493,0.35693209141515836,0.0,0.0,0.0,0.0,0.0,True
2026-06-15,TikTok,STATEMENT_CATEGORY_PROTECTION_OF_MINORS,66993,62530,0,4463,38054,0,0,0,0,0,0.9333810995178601,0.0,0.06661890048213992,0.5680294956189452,0.0,0.0,0.0,0.0,0.0,True
2026-06-15,TikTok,STATEMENT_CATEGORY_RISK_FOR_PUBLIC_SECURITY,76,0,0,76,0,0,0,0,0,0,0.0,0.0,1.0,0.0,0.0,0.0,0.0,0.0,0.0,True
2026-06-15,TikTok,STATEMENT_CATEGORY_SCAMS_AND_FRAUD,472015,466827,0,5188,442314,0,0,0,0,0,0.9890088238721227,0.0,0.010991176127877292,0.9370761522409246,0.0,0.0,0.0,0.0,0.0,True
2026-06-15,TikTok,STATEMENT_CATEGORY_SELF_HARM,49389,48349,0,1040,36049,0,0,0,0,0,0.978942679544028,0.0,0.021057320455971976,0.7298993703051286,0.0,0.0,0.0,0.0,0.0,True
2026-06-15,TikTok,STATEMENT_CATEGORY_UNSAFE_AND_PROHIBITED_PRODUCTS,70,0,0,70,0,0,0,0,0,0,0.0,0.0,1.0,0.0,0.0,0.0,0.0,0.0,0.0,True
2026-06-15,TikTok,STATEMENT_CATEGORY_VIOLENCE,1458009,1438787,0,19222,359230,0,0,0,0,0,0.9868162679379894,0.0,0.013183732062010591,0.24638393864509753,0.0,0.0,0.0,0.0,0.0,True
2026-06-15,X,STATEMENT_CATEGORY_CYBER_VIOLENCE,1019,102,0,917,0,0,6,0,0,6,0.10009813542688911,0.0,0.8999018645731109,0.0,0.0,0.005888125613346418,0.0,0.0,0.005888125613346418,True
2026-06-15,X,STATEMENT_CATEGORY_DATA_PROTECTION_AND_PRIVACY_VIOLATIONS,22,0,0,22,0,0,0,0,0,0,0.0,0.0,1.0,0.0,0.0,0.0,0.0,0.0,0.0,True
2026-06-15,X,STATEMENT_CATEGORY_INTELLECTUAL_PROPERTY_INFRINGEMENTS,469,28,0,441,0,0,342,0,0,342,0.05970149253731343,0.0,0.9402985074626866,0.0,0.0,0.7292110874200426,0.0,0.0,0.7292110874200426,True
2026-06-15,X,STATEMENT_CATEGORY_OTHER_VIOLATION_TC,5087,3910,0,1177,0,9,7,9,0,16,0.7686259091802634,0.0,0.2313740908197366,0.0,0.0017692156477295065,0.0013760566149007274,0.0017692156477295065,0.0,0.003145272262630234,True
2026-06-15,X,STATEMENT_CATEGORY_PROTECTION_OF_MINORS,1612,1,0,1611,0,0,1609,0,0,1609,0.0006203473945409429,0.0,0.999379652605459,0.0,0.0,0.9981389578163772,0.0,0.0,0.9981389578163772,True
2026-06-15,X,STATEMENT_CATEGORY_SCAMS_AND_FRAUD,28736,27846,0,890,0,0,25970,0,0,25970,0.9690283964365256,0.0,0.03097160356347439,0.0,0.0,0.9037444320712695,0.0,0.0,0.9037444320712695,True
2026-06-15,X,STATEMENT_CATEGORY_SELF_HARM,1076,732,0,344,0,0,9,0,0,9,0.6802973977695167,0.0,0.31970260223048325,0.0,0.0,0.008364312267657992,0.0,0.0,0.008364312267657992,True
2026-06-15,X,STATEMENT_CATEGORY_UNSAFE_AND_PROHIBITED_PRODUCTS,142,0,0,142,0,0,142,0,0,142,0.0,0.0,1.0,0.0,0.0,1.0,0.0,0.0,1.0,True
2026-06-15,X,STATEMENT_CATEGORY_VIOLENCE,1885,1540,0,345,0,0,43,0,0,43,0.8169761273209549,0.0,0.1830238726790451,0.0,0.0,0.022811671087533156,0.0,0.0,0.022811671087533156,True
2026-06-15,YouTube,STATEMENT_CATEGORY_ANIMAL_WELFARE,32,0,0,32,32,0,0,0,0,0,0.0,0.0,1.0,1.0,0.0,0.0,0.0,0.0,0.0,True
2026-06-15,YouTube,STATEMENT_CATEGORY_CONSUMER_INFORMATION,125887,36809,0,89078,124260,0,0,1625,0,1625,0.29239714982484294,0.0,0.7076028501751571,0.987075710756472,0.0,0.0,0.012908401979553091,0.0,0.012908401979553091,True
2026-06-15,YouTube,STATEMENT_CATEGORY_CYBER_VIOLENCE,87,0,0,87,27,0,0,3,0,3,0.0,0.0,1.0,0.3103448275862069,0.0,0.0,0.034482758620689655,0.0,0.034482758620689655,True
2026-06-15,YouTube,STATEMENT_CATEGORY_DATA_PROTECTION_AND_PRIVACY_VIOLATIONS,7030,0,5349,1681,6647,0,0,63,0,63,0.0,0.7608819345661451,0.23911806543385491,0.9455192034139402,0.0,0.0,0.008961593172119487,0.0,0.008961593172119487,True
2026-06-15,YouTube,STATEMENT_CATEGORY_ILLEGAL_OR_HARMFUL_SPEECH,4858,0,1685,3173,1698,0,0,198,0,198,0.0,0.3468505557842734,0.6531494442157266,0.34952655413750516,0.0,0.0,0.04075751337999177,0.0,0.04075751337999177,True
2026-06-15,YouTube,STATEMENT_CATEGORY_INTELLECTUAL_PROPERTY_INFRINGEMENTS,6611,3,5374,1234,6260,0,0,90,0,90,0.00045378913931326575,0.8128876115564968,0.18665859930419,0.946906670700348,0.0,0.0,0.013613674179397973,0.0,0.013613674179397973,True
2026-06-15,YouTube,STATEMENT_CATEGORY_NEGATIVE_EFFECTS_ON_CIVIC_DISCOURSE_OR_ELECTIONS,4513,610,0,3903,113,0,0,0,0,0,0.13516507866164415,0.0,0.8648349213383558,0.02503877686682916,0.0,0.0,0.0,0.0,0.0,True
2026-06-15,YouTube,STATEMENT_CATEGORY_OTHER_VIOLATION_TC,633900,464227,153827,15846,551957,0,0,29607,0,29607,0.7323347531156333,0.24266761318820004,0.024997633696166588,0.8707319766524688,0.0,0.0,0.0467061050638902,0.0,0.0467061050638902,True
2026-06-15,YouTube,STATEMENT_CATEGORY_PROTECTION_OF_MINORS,63572,0,63571,1,63413,0,0,0,0,0,0.0,0.9999842698043163,1.5730195683634305e-05,0.9974988988863022,0.0,0.0,0.0,0.0,0.0,True
2026-06-15,YouTube,STATEMENT_CATEGORY_RISK_FOR_PUBLIC_SECURITY,69,0,0,69,60,0,0,43,0,43,0.0,0.0,1.0,0.8695652173913043,0.0,0.0,0.6231884057971014,0.0,0.6231884057971014,True
2026-06-15,YouTube,STATEMENT_CATEGORY_SCAMS_AND_FRAUD,245235,781,1049,243405,241483,0,0,4813,0,4813,0.003184700389422391,0.004277529716394479,0.9925377698941831,0.9847003894223908,0.0,0.0,0.019626072950435298,0.0,0.019626072950435298,True
2026-06-15,YouTube,STATEMENT_CATEGORY_UNSAFE_AND_PROHIBITED_PRODUCTS,75767,64531,0,11236,19449,0,0,0,0,0,0.8517032481159343,0.0,0.14829675188406563,0.25669486715852546,0.0,0.0,0.0,0.0,0.0,True
2026-06-15,YouTube,STATEMENT_CATEGORY_VIOLENCE,354,184,0,170,354,0,0,0,0,0,0.519774011299435,0.0,0.480225988700565,1.0,0.0,0.0,0.0,0.0,0.0,True
2026-06-22,Instagram,STATEMENT_CATEGORY_CYBER_VIOLENCE,2906,0,972,1934,2900,4,0,0,0,4,0.0,0.3344803854094976,0.6655196145905025,0.9979353062629044,0.0013764624913971094,0.0,0.0,0.0,0.0013764624913971094,True
2026-06-22,Instagram,STATEMENT_CATEGORY_DATA_PROTECTION_AND_PRIVACY_VIOLATIONS,38908,0,38708,200,224,38684,0,0,0,38684,0.0,0.9948596689626812,0.005140331037318803,0.00575717076179706,0.994242829238203,0.0,0.0,0.0,0.994242829238203,True
2026-06-22,Instagram,STATEMENT_CATEGORY_ILLEGAL_OR_HARMFUL_SPEECH,6382,0,4725,1657,6363,1,6,0,0,7,0.0,0.7403635224067691,0.25963647759323094,0.9970228768411157,0.00015669069257286117,0.000940144155437167,0.0,0.0,0.0010968348480100282,True
2026-06-22,Instagram,STATEMENT_CATEGORY_INTELLECTUAL_PROPERTY_INFRINGEMENTS,29366,0,25618,3748,28979,387,0,0,0,387,0.0,0.872369406796976,0.12763059320302392,0.9868214942450453,0.01317850575495471,0.0,0.0,0.0,0.01317850575495471,True
2026-06-22,Instagram,STATEMENT_CATEGORY_NEGATIVE_EFFECTS_ON_CIVIC_DISCOURSE_OR_ELECTIONS,1216,0,1216,0,0,0,0,0,0,0,0.0,1.0,0.0,0.0,0.0,0.0,0.0,0.0,0.0,True
2026-06-22,Instagram,STATEMENT_CATEGORY_OTHER_VIOLATION_TC,1534273,0,1463746,70527,208623,1325650,0,0,0,1325650,0.0,0.9540323006401077,0.045967699359892276,0.13597514914229736,0.8640248508577026,0.0,0.0,0.0,0.8640248508577026,True
2026-06-22,Instagram,STATEMENT_CATEGORY_PROTECTION_OF_MINORS,42586,0,31717,10869,25325,17261,0,0,0,17261,0.0,0.7447752782604612,0.2552247217395388,0.5946790024890809,0.4053209975109191,0.0,0.0,0.0,0.4053209975109191,True
2026-06-22,Instagram,STATEMENT_CATEGORY_RISK_FOR_PUBLIC_SECURITY,29250,0,27665,1585,28482,768,0,0,0,768,0.0,0.9458119658119658,0.05418803418803419,0.9737435897435898,0.026256410256410255,0.0,0.0,0.0,0.026256410256410255,True
2026-06-22,Instagram,STATEMENT_CATEGORY_SCAMS_AND_FRAUD,388727,0,383492,5235,51372,337312,0,0,0,337312,0.0,0.9865329652944097,0.013467034705590299,0.13215444257795317,0.867734939945,0.0,0.0,0.0,0.867734939945,True
2026-06-22,Instagram,STATEMENT_CATEGORY_SELF_HARM,42349,0,41541,808,42346,0,1,0,0,1,0.0,0.9809204467637961,0.019079553236203924,0.9999291600746181,0.0,2.361330846064842e-05,0.0,0.0,2.361330846064842e-05,True
2026-06-22,Instagram,STATEMENT_CATEGORY_UNSAFE_AND_PROHIBITED_PRODUCTS,5034,0,3728,1306,4558,469,1,0,0,470,0.0,0.7405641636869289,0.2594358363130711,0.9054429876837505,0.09316646801748113,0.0001986491855383393,0.0,0.0,0.09336511720301947,True
2026-06-22,Instagram,STATEMENT_CATEGORY_VIOLENCE,8784,0,5795,2989,4629,2109,0,0,0,2109,0.0,0.6597222222222222,0.3402777777777778,0.5269808743169399,0.24009562841530055,0.0,0.0,0.0,0.24009562841530055,True
2026-06-22,LinkedIn,STATEMENT_CATEGORY_CYBER_VIOLENCE,1254,1,0,1253,1254,0,0,0,0,0,0.0007974481658692185,0.0,0.9992025518341308,1.0,0.0,0.0,0.0,0.0,0.0,True
2026-06-22,LinkedIn,STATEMENT_CATEGORY_ILLEGAL_OR_HARMFUL_SPEECH,754,1,0,753,750,0,0,4,0,4,0.001326259946949602,0.0,0.9986737400530504,0.9946949602122016,0.0,0.0,0.005305039787798408,0.0,0.005305039787798408,True
2026-06-22,LinkedIn,STATEMENT_CATEGORY_INTELLECTUAL_PROPERTY_INFRINGEMENTS,6,0,0,6,6,0,0,0,0,0,0.0,0.0,1.0,1.0,0.0,0.0,0.0,0.0,0.0,True
2026-06-22,LinkedIn,STATEMENT_CATEGORY_NEGATIVE_EFFECTS_ON_CIVIC_DISCOURSE_OR_ELECTIONS,58,8,0,50,36,0,0,0,0,0,0.13793103448275862,0.0,0.8620689655172413,0.6206896551724138,0.0,0.0,0.0,0.0,0.0,True
2026-06-22,LinkedIn,STATEMENT_CATEGORY_OTHER_VIOLATION_TC,4990,1463,0,3527,3916,0,19,5,0,24,0.293186372745491,0.0,0.706813627254509,0.7847695390781563,0.0,0.003807615230460922,0.001002004008016032,0.0,0.004809619238476954,True
2026-06-22,LinkedIn,STATEMENT_CATEGORY_RISK_FOR_PUBLIC_SECURITY,1,0,0,1,1,0,0,0,0,0,0.0,0.0,1.0,1.0,0.0,0.0,0.0,0.0,0.0,True
2026-06-22,LinkedIn,STATEMENT_CATEGORY_SCAMS_AND_FRAUD,358,22,0,336,358,0,0,0,0,0,0.061452513966480445,0.0,0.9385474860335196,1.0,0.0,0.0,0.0,0.0,0.0,True
2026-06-22,LinkedIn,STATEMENT_CATEGORY_UNSAFE_AND_PROHIBITED_PRODUCTS,643,244,0,399,643,0,0,0,0,0,0.37947122861586313,0.0,0.6205287713841369,1.0,0.0,0.0,0.0,0.0,0.0,True
2026-06-22,LinkedIn,STATEMENT_CATEGORY_VIOLENCE,138,0,0,138,138,0,0,0,0,0,0.0,0.0,1.0,1.0,0.0,0.0,0.0,0.0,0.0,True
2026-06-22,Roblox,STATEMENT_CATEGORY_CYBER_VIOLENCE,50842,41425,0,9417,0,351,19050,0,0,19401,0.8147791196255064,0.0,0.18522088037449352,0.0,0.006903741001534165,0.37469021674993114,0.0,0.0,0.3815939577514653,True
2026-06-22,Roblox,STATEMENT_CATEGORY_DATA_PROTECTION_AND_PRIVACY_VIOLATIONS,8989,8512,0,477,0,82,623,0,0,705,0.9469351429524975,0.0,0.0530648570475025,0.0,0.009122260540660808,0.06930693069306931,0.0,0.0,0.07842919123373011,True
2026-06-22,Roblox,STATEMENT_CATEGORY_ILLEGAL_OR_HARMFUL_SPEECH,32644,28186,0,4458,0,750,8846,0,0,9596,0.8634358534493322,0.0,0.13656414655066781,0.0,0.022975125597353267,0.2709839480455826,0.0,0.0,0.29395907364293594,True
2026-06-22,Roblox,STATEMENT_CATEGORY_INTELLECTUAL_PROPERTY_INFRINGEMENTS,207,21,0,186,0,68,36,0,0,104,0.10144927536231885,0.0,0.8985507246376812,0.0,0.3285024154589372,0.17391304347826086,0.0,0.0,0.5024154589371981,True
2026-06-22,Roblox,STATEMENT_CATEGORY_NEGATIVE_EFFECTS_ON_CIVIC_DISCOURSE_OR_ELECTIONS,63,53,0,10,0,1,2,0,0,3,0.8412698412698413,0.0,0.15873015873015872,0.0,0.015873015873015872,0.031746031746031744,0.0,0.0,0.047619047619047616,True
2026-06-22,Roblox,STATEMENT_CATEGORY_OTHER_VIOLATION_TC,620940,615511,0,5429,7,569350,22819,0,0,592169,0.9912568042000838,0.0,0.008743195799916255,1.1273230907978226e-05,0.9169162882082005,0.03674912229845074,0.0,0.0,0.9536654105066512,True
2026-06-22,Roblox,STATEMENT_CATEGORY_PROTECTION_OF_MINORS,1372,602,0,770,0,1231,54,0,0,1285,0.4387755102040816,0.0,0.5612244897959183,0.0,0.8972303206997084,0.03935860058309038,0.0,0.0,0.9365889212827988,True
2026-06-22,Roblox,STATEMENT_CATEGORY_RISK_FOR_PUBLIC_SECURITY,1307,1051,0,256,0,185,707,0,0,892,0.8041315990818668,0.0,0.19586840091813312,0.0,0.14154552410099464,0.5409334353481254,0.0,0.0,0.6824789594491201,True
2026-06-22,Roblox,STATEMENT_CATEGORY_SCAMS_AND_FRAUD,6398,5341,0,1057,0,361,3209,0,0,3570,0.8347921225382933,0.0,0.1652078774617068,0.0,0.05642388246326977,0.5015629884338856,0.0,0.0,0.5579868708971554,True
2026-06-22,Roblox,STATEMENT_CATEGORY_SELF_HARM,55,38,0,17,0,0,0,0,0,0,0.6909090909090909,0.0,0.3090909090909091,0.0,0.0,0.0,0.0,0.0,0.0,True
2026-06-22,Roblox,STATEMENT_CATEGORY_UNSAFE_AND_PROHIBITED_PRODUCTS,1446,1234,0,212,0,5,265,0,0,270,0.8533886583679114,0.0,0.14661134163208853,0.0,0.003457814661134163,0.18326417704011064,0.0,0.0,0.18672199170124482,True
2026-06-22,Roblox,STATEMENT_CATEGORY_VIOLENCE,4138,3817,0,321,0,146,2357,0,0,2503,0.9224262928951185,0.0,0.07757370710488158,0.0,0.03528274528757854,0.569598840019333,0.0,0.0,0.6048815853069116,True
2026-06-22,Snapchat,STATEMENT_CATEGORY_CYBER_VIOLENCE,10309,1042,0,9267,9223,0,1086,0,0,1086,0.10107672907168494,0.0,0.898923270928315,0.8946551556892036,0.0,0.1053448443107964,0.0,0.0,0.1053448443107964,True
2026-06-22,Snapchat,STATEMENT_CATEGORY_DATA_PROTECTION_AND_PRIVACY_VIOLATIONS,15,0,0,15,15,0,0,0,0,0,0.0,0.0,1.0,1.0,0.0,0.0,0.0,0.0,0.0,True
2026-06-22,Snapchat,STATEMENT_CATEGORY_ILLEGAL_OR_HARMFUL_SPEECH,2232,43,0,2189,2180,0,52,0,0,52,0.019265232974910396,0.0,0.9807347670250897,0.9767025089605734,0.0,0.023297491039426525,0.0,0.0,0.023297491039426525,True
2026-06-22,Snapchat,STATEMENT_CATEGORY_INTELLECTUAL_PROPERTY_INFRINGEMENTS,40,0,0,40,38,0,2,0,0,2,0.0,0.0,1.0,0.95,0.0,0.05,0.0,0.0,0.05,True
2026-06-22,Snapchat,STATEMENT_CATEGORY_OTHER_VIOLATION_TC,58521,19945,0,38576,33733,0,8178,0,0,8178,0.340817826079527,0.0,0.659182173920473,0.5764255566377882,0.0,0.13974470702824626,0.0,0.0,0.13974470702824626,True
2026-06-22,Snapchat,STATEMENT_CATEGORY_PROTECTION_OF_MINORS,2952,1602,0,1350,960,0,1992,0,0,1992,0.5426829268292683,0.0,0.4573170731707317,0.3252032520325203,0.0,0.6747967479674797,0.0,0.0,0.6747967479674797,True
2026-06-22,Snapchat,STATEMENT_CATEGORY_RISK_FOR_PUBLIC_SECURITY,81,2,0,79,67,0,14,0,0,14,0.024691358024691357,0.0,0.9753086419753086,0.8271604938271605,0.0,0.1728395061728395,0.0,0.0,0.1728395061728395,True
2026-06-22,Snapchat,STATEMENT_CATEGORY_SCAMS_AND_FRAUD,4973,146,0,4827,4404,0,569,0,0,569,0.029358536094912527,0.0,0.9706414639050874,0.8855821435753066,0.0,0.11441785642469335,0.0,0.0,0.11441785642469335,True
2026-06-22,Snapchat,STATEMENT_CATEGORY_SELF_HARM,52,3,0,49,51,0,1,0,0,1,0.057692307692307696,0.0,0.9423076923076923,0.9807692307692307,0.0,0.019230769230769232,0.0,0.0,0.019230769230769232,True
2026-06-22,Snapchat,STATEMENT_CATEGORY_UNSAFE_AND_PROHIBITED_PRODUCTS,18693,7342,0,11351,13339,0,5354,0,0,5354,0.39276734606537206,0.0,0.6072326539346279,0.7135826245118494,0.0,0.28641737548815066,0.0,0.0,0.28641737548815066,True
2026-06-22,Snapchat,STATEMENT_CATEGORY_VIOLENCE,1610,35,0,1575,1488,0,122,0,0,122,0.021739130434782608,0.0,0.9782608695652174,0.924223602484472,0.0,0.07577639751552795,0.0,0.0,0.07577639751552795,True
2026-06-22,TikTok,STATEMENT_CATEGORY_ANIMAL_WELFARE,6229,5791,0,438,5087,0,0,0,0,0,0.9296837373575213,0.0,0.07031626264247873,0.8166639910097929,0.0,0.0,0.0,0.0,0.0,True
2026-06-22,TikTok,STATEMENT_CATEGORY_CYBER_VIOLENCE,121,0,0,121,0,0,0,0,0,0,0.0,0.0,1.0,0.0,0.0,0.0,0.0,0.0,0.0,True
2026-06-22,TikTok,STATEMENT_CATEGORY_DATA_PROTECTION_AND_PRIVACY_VIOLATIONS,44542,43543,0,999,43546,0,0,0,0,0,0.9775717300525347,0.0,0.022428269947465315,0.9776390822145391,0.0,0.0,0.0,0.0,0.0,True
2026-06-22,TikTok,STATEMENT_CATEGORY_ILLEGAL_OR_HARMFUL_SPEECH,1209552,1018849,0,190703,1078745,0,0,0,0,0,0.8423358400465627,0.0,0.1576641599534373,0.8918550008598225,0.0,0.0,0.0,0.0,0.0,True
2026-06-22,TikTok,STATEMENT_CATEGORY_INTELLECTUAL_PROPERTY_INFRINGEMENTS,7675,919,0,6756,0,0,0,0,0,0,0.11973941368078175,0.0,0.8802605863192182,0.0,0.0,0.0,0.0,0.0,0.0,True
2026-06-22,TikTok,STATEMENT_CATEGORY_NEGATIVE_EFFECTS_ON_CIVIC_DISCOURSE_OR_ELECTIONS,140634,139622,0,1012,84432,0,0,0,0,0,0.9928040160985252,0.0,0.00719598390147475,0.6003669098511029,0.0,0.0,0.0,0.0,0.0,True
2026-06-22,TikTok,STATEMENT_CATEGORY_OTHER_VIOLATION_TC,5759705,5550898,0,208807,2698827,0,0,0,0,0,0.96374692801107,0.0,0.03625307198892999,0.46857035212740933,0.0,0.0,0.0,0.0,0.0,True
2026-06-22,TikTok,STATEMENT_CATEGORY_PROTECTION_OF_MINORS,48087,43746,0,4341,22564,0,0,0,0,0,0.9097261214049536,0.0,0.09027387859504647,0.4692328487948926,0.0,0.0,0.0,0.0,0.0,True
2026-06-22,TikTok,STATEMENT_CATEGORY_RISK_FOR_PUBLIC_SECURITY,49,0,0,49,0,0,0,0,0,0,0.0,0.0,1.0,0.0,0.0,0.0,0.0,0.0,0.0,True
2026-06-22,TikTok,STATEMENT_CATEGORY_SCAMS_AND_FRAUD,307567,303581,0,3986,270932,0,0,0,0,0,0.9870402221304626,0.0,0.01295977786953737,0.8808877415327392,0.0,0.0,0.0,0.0,0.0,True
2026-06-22,TikTok,STATEMENT_CATEGORY_SELF_HARM,45000,42465,0,2535,31468,0,0,0,0,0,0.9436666666666667,0.0,0.05633333333333333,0.6992888888888888,0.0,0.0,0.0,0.0,0.0,True
2026-06-22,TikTok,STATEMENT_CATEGORY_UNSAFE_AND_PROHIBITED_PRODUCTS,126,0,0,126,0,0,0,0,0,0,0.0,0.0,1.0,0.0,0.0,0.0,0.0,0.0,0.0,True
2026-06-22,TikTok,STATEMENT_CATEGORY_VIOLENCE,1863337,1849955,0,13382,416450,0,0,0,0,0,0.9928182610016331,0.0,0.007181738998366908,0.22349687683977723,0.0,0.0,0.0,0.0,0.0,True
2026-06-22,X,STATEMENT_CATEGORY_ANIMAL_WELFARE,3,0,0,3,0,0,3,0,0,3,0.0,0.0,1.0,0.0,0.0,1.0,0.0,0.0,1.0,True
2026-06-22,X,STATEMENT_CATEGORY_CYBER_VIOLENCE,986,106,0,880,0,0,5,0,0,5,0.1075050709939148,0.0,0.8924949290060852,0.0,0.0,0.005070993914807302,0.0,0.0,0.005070993914807302,True
2026-06-22,X,STATEMENT_CATEGORY_DATA_PROTECTION_AND_PRIVACY_VIOLATIONS,31,0,0,31,0,0,1,0,0,1,0.0,0.0,1.0,0.0,0.0,0.03225806451612903,0.0,0.0,0.03225806451612903,True
2026-06-22,X,STATEMENT_CATEGORY_INTELLECTUAL_PROPERTY_INFRINGEMENTS,433,42,0,391,0,0,337,0,0,337,0.09699769053117784,0.0,0.9030023094688222,0.0,0.0,0.7782909930715936,0.0,0.0,0.7782909930715936,True
2026-06-22,X,STATEMENT_CATEGORY_OTHER_VIOLATION_TC,5544,4090,0,1454,0,8,15,8,0,23,0.7377344877344877,0.0,0.26226551226551226,0.0,0.001443001443001443,0.0027056277056277055,0.001443001443001443,0.0,0.004148629148629149,True
2026-06-22,X,STATEMENT_CATEGORY_PROTECTION_OF_MINORS,2166,2,0,2164,0,0,2159,0,0,2159,0.0009233610341643582,0.0,0.9990766389658357,0.0,0.0,0.9967682363804248,0.0,0.0,0.9967682363804248,True
2026-06-22,X,STATEMENT_CATEGORY_SCAMS_AND_FRAUD,34240,33155,0,1085,0,0,31724,0,0,31724,0.9683119158878505,0.0,0.03168808411214953,0.0,0.0,0.9265186915887851,0.0,0.0,0.9265186915887851,True
2026-06-22,X,STATEMENT_CATEGORY_SELF_HARM,1084,737,0,347,0,0,23,0,0,23,0.6798892988929889,0.0,0.32011070110701106,0.0,0.0,0.021217712177121772,0.0,0.0,0.021217712177121772,True
2026-06-22,X,STATEMENT_CATEGORY_UNSAFE_AND_PROHIBITED_PRODUCTS,292,0,0,292,0,0,292,0,0,292,0.0,0.0,1.0,0.0,0.0,1.0,0.0,0.0,1.0,True
2026-06-22,X,STATEMENT_CATEGORY_VIOLENCE,2201,1680,0,521,0,0,45,0,0,45,0.7632894139027715,0.0,0.23671058609722853,0.0,0.0,0.02044525215810995,0.0,0.0,0.02044525215810995,True
2026-06-22,YouTube,STATEMENT_CATEGORY_ANIMAL_WELFARE,1,0,0,1,1,0,0,0,0,0,0.0,0.0,1.0,1.0,0.0,0.0,0.0,0.0,0.0,True
2026-06-22,YouTube,STATEMENT_CATEGORY_CONSUMER_INFORMATION,80504,35685,0,44819,78992,0,0,1507,0,1507,0.4432698996323164,0.0,0.5567301003676836,0.9812183245553016,0.0,0.0,0.0187195667296035,0.0,0.0187195667296035,True
2026-06-22,YouTube,STATEMENT_CATEGORY_CYBER_VIOLENCE,45,0,0,45,31,0,0,2,0,2,0.0,0.0,1.0,0.6888888888888889,0.0,0.0,0.044444444444444446,0.0,0.044444444444444446,True
2026-06-22,YouTube,STATEMENT_CATEGORY_DATA_PROTECTION_AND_PRIVACY_VIOLATIONS,2614,0,1858,756,2327,0,0,29,0,29,0.0,0.7107880642693191,0.28921193573068094,0.8902065799540934,0.0,0.0,0.011094108645753635,0.0,0.011094108645753635,True
2026-06-22,YouTube,STATEMENT_CATEGORY_ILLEGAL_OR_HARMFUL_SPEECH,8859,0,682,8177,758,0,0,98,0,98,0.0,0.07698385822327576,0.9230161417767242,0.08556270459419799,0.0,0.0,0.011062196636189186,0.0,0.011062196636189186,True
2026-06-22,YouTube,STATEMENT_CATEGORY_INTELLECTUAL_PROPERTY_INFRINGEMENTS,10834,4,5020,5810,8319,0,0,106,0,106,0.00036920804873546244,0.46335610116300535,0.5362746907882592,0.767860439357578,0.0,0.0,0.009784013291489755,0.0,0.009784013291489755,True
2026-06-22,YouTube,STATEMENT_CATEGORY_NEGATIVE_EFFECTS_ON_CIVIC_DISCOURSE_OR_ELECTIONS,6446,752,0,5694,35,0,0,0,0,0,0.11666149550108594,0.0,0.883338504498914,0.00542972385975799,0.0,0.0,0.0,0.0,0.0,True
2026-06-22,YouTube,STATEMENT_CATEGORY_OTHER_VIOLATION_TC,638616,548361,78023,12232,585249,0,0,11585,0,11585,0.8586709384042993,0.12217514124293785,0.019153920352762848,0.9164333496185502,0.0,0.0,0.018140791962619165,0.0,0.018140791962619165,True
2026-06-22,YouTube,STATEMENT_CATEGORY_PROTECTION_OF_MINORS,25398,0,25398,0,25344,0,0,0,0,0,0.0,1.0,0.0,0.9978738483345145,0.0,0.0,0.0,0.0,0.0,True
2026-06-22,YouTube,STATEMENT_CATEGORY_RISK_FOR_PUBLIC_SECURITY,36,0,0,36,33,0,0,22,0,22,0.0,0.0,1.0,0.9166666666666666,0.0,0.0,0.6111111111111112,0.0,0.6111111111111112,True
2026-06-22,YouTube,STATEMENT_CATEGORY_SCAMS_AND_FRAUD,235921,997,456,234468,232479,0,0,3954,0,3954,0.004225990903734725,0.0019328504033129734,0.9938411586929523,0.9854103704206069,0.0,0.0,0.016759847576095388,0.0,0.016759847576095388,True
2026-06-22,YouTube,STATEMENT_CATEGORY_UNSAFE_AND_PROHIBITED_PRODUCTS,96217,91095,0,5122,16658,0,0,3,0,3,0.9467661639834957,0.0,0.05323383601650436,0.1731294885519191,0.0,0.0,3.117952129041645e-05,0.0,3.117952129041645e-05,True
2026-06-22,YouTube,STATEMENT_CATEGORY_VIOLENCE,448,348,0,100,448,0,0,0,0,0,0.7767857142857143,0.0,0.22321428571428573,1.0,0.0,0.0,0.0,0.0,0.0,True
2026-06-29,Instagram,STATEMENT_CATEGORY_CYBER_VIOLENCE,3825,0,818,3007,3821,4,0,0,0,4,0.0,0.2138562091503268,0.7861437908496732,0.9989542483660131,0.0010457516339869282,0.0,0.0,0.0,0.0010457516339869282,True
2026-06-29,Instagram,STATEMENT_CATEGORY_DATA_PROTECTION_AND_PRIVACY_VIOLATIONS,42623,0,42452,171,177,42446,0,0,0,42446,0.0,0.9959880815522136,0.004011918447786407,0.0041526875161297895,0.9958473124838703,0.0,0.0,0.0,0.9958473124838703,True
2026-06-29,Instagram,STATEMENT_CATEGORY_ILLEGAL_OR_HARMFUL_SPEECH,6524,0,4488,2036,6503,1,0,0,0,1,0.0,0.6879215205395462,0.3120784794604537,0.9967811158798283,0.00015328019619865113,0.0,0.0,0.0,0.00015328019619865113,True
2026-06-29,Instagram,STATEMENT_CATEGORY_INTELLECTUAL_PROPERTY_INFRINGEMENTS,35226,0,31835,3391,34866,360,0,0,0,360,0.0,0.9037358769091012,0.09626412309089877,0.9897802759325498,0.010219724067450179,0.0,0.0,0.0,0.010219724067450179,True
2026-06-29,Instagram,STATEMENT_CATEGORY_NEGATIVE_EFFECTS_ON_CIVIC_DISCOURSE_OR_ELECTIONS,1290,0,1290,0,0,0,0,0,0,0,0.0,1.0,0.0,0.0,0.0,0.0,0.0,0.0,0.0,True
2026-06-29,Instagram,STATEMENT_CATEGORY_OTHER_VIOLATION_TC,1533993,0,1466216,67777,123347,1410646,0,0,0,1410646,0.0,0.9558166171553586,0.044183382844641406,0.08040910225796337,0.9195908977420366,0.0,0.0,0.0,0.9195908977420366,True
2026-06-29,Instagram,STATEMENT_CATEGORY_PROTECTION_OF_MINORS,41646,0,30905,10741,23527,18119,0,0,0,18119,0.0,0.74208807568554,0.25791192431446,0.5649282043893772,0.43507179561062287,0.0,0.0,0.0,0.43507179561062287,True
2026-06-29,Instagram,STATEMENT_CATEGORY_RISK_FOR_PUBLIC_SECURITY,19039,0,17358,1681,18080,959,0,0,0,959,0.0,0.9117075476653186,0.08829245233468144,0.9496297074426178,0.050370292557382214,0.0,0.0,0.0,0.050370292557382214,True
2026-06-29,Instagram,STATEMENT_CATEGORY_SCAMS_AND_FRAUD,349396,0,343992,5404,44979,304373,0,0,0,304373,0.0,0.9845333089102336,0.01546669108976634,0.12873358595977058,0.8711404824325407,0.0,0.0,0.0,0.8711404824325407,True
2026-06-29,Instagram,STATEMENT_CATEGORY_SELF_HARM,19320,0,18662,658,19320,0,0,0,0,0,0.0,0.9659420289855073,0.034057971014492754,1.0,0.0,0.0,0.0,0.0,0.0,True
2026-06-29,Instagram,STATEMENT_CATEGORY_UNSAFE_AND_PROHIBITED_PRODUCTS,11947,0,10672,1275,11456,424,1,0,0,425,0.0,0.8932786473591696,0.10672135264083034,0.9589018163555705,0.035490081191931026,8.370302167908261e-05,0.0,0.0,0.03557378421361011,True
2026-06-29,Instagram,STATEMENT_CATEGORY_VIOLENCE,7814,0,5115,2699,4331,1605,0,0,0,1605,0.0,0.6545943178909649,0.34540568210903505,0.5542615817762989,0.20540056309188637,0.0,0.0,0.0,0.20540056309188637,True
2026-06-29,LinkedIn,STATEMENT_CATEGORY_CONSUMER_INFORMATION,1,0,0,1,1,0,0,0,0,0,0.0,0.0,1.0,1.0,0.0,0.0,0.0,0.0,0.0,True
2026-06-29,LinkedIn,STATEMENT_CATEGORY_CYBER_VIOLENCE,1371,5,0,1366,1371,0,0,0,0,0,0.0036469730123997084,0.0,0.9963530269876003,1.0,0.0,0.0,0.0,0.0,0.0,True
2026-06-29,LinkedIn,STATEMENT_CATEGORY_ILLEGAL_OR_HARMFUL_SPEECH,840,6,0,834,832,0,0,8,0,8,0.007142857142857143,0.0,0.9928571428571429,0.9904761904761905,0.0,0.0,0.009523809523809525,0.0,0.009523809523809525,True
2026-06-29,LinkedIn,STATEMENT_CATEGORY_INTELLECTUAL_PROPERTY_INFRINGEMENTS,4,0,0,4,4,0,0,0,0,0,0.0,0.0,1.0,1.0,0.0,0.0,0.0,0.0,0.0,True
2026-06-29,LinkedIn,STATEMENT_CATEGORY_NEGATIVE_EFFECTS_ON_CIVIC_DISCOURSE_OR_ELECTIONS,45,10,0,35,26,0,0,0,0,0,0.2222222222222222,0.0,0.7777777777777778,0.5777777777777777,0.0,0.0,0.0,0.0,0.0,True
2026-06-29,LinkedIn,STATEMENT_CATEGORY_OTHER_VIOLATION_TC,4598,1435,0,3163,3584,0,18,7,0,25,0.3120922140060896,0.0,0.6879077859939104,0.779469334493258,0.0,0.0039147455415398,0.0015224010439321444,0.0,0.005437146585471945,True
2026-06-29,LinkedIn,STATEMENT_CATEGORY_SCAMS_AND_FRAUD,319,25,0,294,319,0,0,0,0,0,0.07836990595611286,0.0,0.9216300940438872,1.0,0.0,0.0,0.0,0.0,0.0,True
2026-06-29,LinkedIn,STATEMENT_CATEGORY_SELF_HARM,7,0,0,7,7,0,0,0,0,0,0.0,0.0,1.0,1.0,0.0,0.0,0.0,0.0,0.0,True
2026-06-29,LinkedIn,STATEMENT_CATEGORY_UNSAFE_AND_PROHIBITED_PRODUCTS,574,220,0,354,574,0,0,0,0,0,0.3832752613240418,0.0,0.6167247386759582,1.0,0.0,0.0,0.0,0.0,0.0,True
2026-06-29,LinkedIn,STATEMENT_CATEGORY_VIOLENCE,119,0,0,119,119,0,0,0,0,0,0.0,0.0,1.0,1.0,0.0,0.0,0.0,0.0,0.0,True
2026-06-29,Roblox,STATEMENT_CATEGORY_CYBER_VIOLENCE,56618,45806,0,10812,0,548,21537,0,0,22085,0.8090359956197676,0.0,0.19096400438023242,0.0,0.009678900702956657,0.3803913949627327,0.0,0.0,0.39007029566568935,True
2026-06-29,Roblox,STATEMENT_CATEGORY_DATA_PROTECTION_AND_PRIVACY_VIOLATIONS,9213,8725,0,488,0,88,703,0,0,791,0.9470313687181157,0.0,0.052968631281884296,0.0,0.00955172039509389,0.07630522088353414,0.0,0.0,0.08585694127862803,True
2026-06-29,Roblox,STATEMENT_CATEGORY_ILLEGAL_OR_HARMFUL_SPEECH,34944,30050,0,4894,0,663,9564,0,0,10227,0.8599473443223443,0.0,0.14005265567765568,0.0,0.018973214285714284,0.27369505494505497,0.0,0.0,0.2926682692307692,True
2026-06-29,Roblox,STATEMENT_CATEGORY_INTELLECTUAL_PROPERTY_INFRINGEMENTS,156,10,0,146,0,46,44,0,0,90,0.0641025641025641,0.0,0.9358974358974359,0.0,0.2948717948717949,0.28205128205128205,0.0,0.0,0.5769230769230769,True
2026-06-29,Roblox,STATEMENT_CATEGORY_NEGATIVE_EFFECTS_ON_CIVIC_DISCOURSE_OR_ELECTIONS,129,99,0,30,0,6,18,0,0,24,0.7674418604651163,0.0,0.23255813953488372,0.0,0.046511627906976744,0.13953488372093023,0.0,0.0,0.18604651162790697,True
2026-06-29,Roblox,STATEMENT_CATEGORY_OTHER_VIOLATION_TC,308297,294924,0,13373,16,254242,25614,0,0,279856,0.9566229966558222,0.0,0.04337700334417786,5.1898007440876816e-05,0.8246658254864627,0.08308222266191367,0.0,0.0,0.9077480481483764,True
2026-06-29,Roblox,STATEMENT_CATEGORY_PROTECTION_OF_MINORS,1599,768,0,831,0,1432,43,0,0,1475,0.4803001876172608,0.0,0.5196998123827392,0.0,0.8955597248280175,0.02689180737961226,0.0,0.0,0.9224515322076298,True
2026-06-29,Roblox,STATEMENT_CATEGORY_RISK_FOR_PUBLIC_SECURITY,1448,1186,0,262,0,502,422,0,0,924,0.819060773480663,0.0,0.18093922651933703,0.0,0.34668508287292815,0.2914364640883978,0.0,0.0,0.638121546961326,True
2026-06-29,Roblox,STATEMENT_CATEGORY_SCAMS_AND_FRAUD,5925,5617,0,308,0,372,2971,0,0,3343,0.9480168776371308,0.0,0.0519831223628692,0.0,0.06278481012658228,0.5014345991561181,0.0,0.0,0.5642194092827004,True
2026-06-29,Roblox,STATEMENT_CATEGORY_SELF_HARM,239,218,0,21,0,0,0,0,0,0,0.9121338912133892,0.0,0.08786610878661087,0.0,0.0,0.0,0.0,0.0,0.0,True
2026-06-29,Roblox,STATEMENT_CATEGORY_UNSAFE_AND_PROHIBITED_PRODUCTS,1433,1286,0,147,0,11,289,0,0,300,0.8974180041870202,0.0,0.10258199581297976,0.0,0.007676203768318213,0.2016748080949058,0.0,0.0,0.209351011863224,True
2026-06-29,Roblox,STATEMENT_CATEGORY_VIOLENCE,4236,3358,0,878,0,321,1473,0,0,1794,0.7927289896128423,0.0,0.2072710103871577,0.0,0.07577903682719547,0.34773371104815864,0.0,0.0,0.4235127478753541,True
2026-06-29,Snapchat,STATEMENT_CATEGORY_CYBER_VIOLENCE,10113,983,0,9130,8984,0,1129,0,0,1129,0.0972016216750717,0.0,0.9027983783249283,0.8883615148818352,0.0,0.11163848511816474,0.0,0.0,0.11163848511816474,True
2026-06-29,Snapchat,STATEMENT_CATEGORY_DATA_PROTECTION_AND_PRIVACY_VIOLATIONS,1,0,0,1,1,0,0,0,0,0,0.0,0.0,1.0,1.0,0.0,0.0,0.0,0.0,0.0,True
2026-06-29,Snapchat,STATEMENT_CATEGORY_ILLEGAL_OR_HARMFUL_SPEECH,2088,42,0,2046,2037,0,51,0,0,51,0.020114942528735632,0.0,0.9798850574712644,0.9755747126436781,0.0,0.02442528735632184,0.0,0.0,0.02442528735632184,True
2026-06-29,Snapchat,STATEMENT_CATEGORY_INTELLECTUAL_PROPERTY_INFRINGEMENTS,19,0,0,19,14,0,5,0,0,5,0.0,0.0,1.0,0.7368421052631579,0.0,0.2631578947368421,0.0,0.0,0.2631578947368421,True
2026-06-29,Snapchat,STATEMENT_CATEGORY_OTHER_VIOLATION_TC,59787,18288,0,41499,32807,0,9244,0,0,9244,0.3058858949269908,0.0,0.6941141050730092,0.5487313295532473,0.0,0.15461555187582585,0.0,0.0,0.15461555187582585,True
2026-06-29,Snapchat,STATEMENT_CATEGORY_PROTECTION_OF_MINORS,2843,1356,0,1487,916,0,1927,0,0,1927,0.47696095673584243,0.0,0.5230390432641576,0.32219486457966934,0.0,0.6778051354203306,0.0,0.0,0.6778051354203306,True
2026-06-29,Snapchat,STATEMENT_CATEGORY_RISK_FOR_PUBLIC_SECURITY,42,2,0,40,35,0,7,0,0,7,0.047619047619047616,0.0,0.9523809523809523,0.8333333333333334,0.0,0.16666666666666666,0.0,0.0,0.16666666666666666,True
2026-06-29,Snapchat,STATEMENT_CATEGORY_SCAMS_AND_FRAUD,5015,111,0,4904,4472,0,543,0,0,543,0.02213359920239282,0.0,0.9778664007976072,0.8917248255234297,0.0,0.10827517447657029,0.0,0.0,0.10827517447657029,True
2026-06-29,Snapchat,STATEMENT_CATEGORY_SELF_HARM,77,3,0,74,65,0,12,0,0,12,0.03896103896103896,0.0,0.961038961038961,0.8441558441558441,0.0,0.15584415584415584,0.0,0.0,0.15584415584415584,True
2026-06-29,Snapchat,STATEMENT_CATEGORY_UNSAFE_AND_PROHIBITED_PRODUCTS,22985,9335,0,13650,16324,0,6661,0,0,6661,0.406134435501414,0.0,0.5938655644985861,0.7102023058516423,0.0,0.2897976941483576,0.0,0.0,0.2897976941483576,True
2026-06-29,Snapchat,STATEMENT_CATEGORY_VIOLENCE,1777,32,0,1745,1684,0,93,0,0,93,0.018007878446820485,0.0,0.9819921215531795,0.947664603263928,0.0,0.05233539673607203,0.0,0.0,0.05233539673607203,True
2026-06-29,TikTok,STATEMENT_CATEGORY_ANIMAL_WELFARE,5444,5119,0,325,4225,0,0,0,0,0,0.9403012490815577,0.0,0.059698750918442324,0.7760837619397501,0.0,0.0,0.0,0.0,0.0,True
2026-06-29,TikTok,STATEMENT_CATEGORY_CYBER_VIOLENCE,151,0,0,151,0,0,0,0,0,0,0.0,0.0,1.0,0.0,0.0,0.0,0.0,0.0,0.0,True
2026-06-29,TikTok,STATEMENT_CATEGORY_DATA_PROTECTION_AND_PRIVACY_VIOLATIONS,41061,40117,0,944,40238,0,0,0,0,0,0.9770098146659848,0.0,0.022990185334015246,0.9799566498623998,0.0,0.0,0.0,0.0,0.0,True
2026-06-29,TikTok,STATEMENT_CATEGORY_ILLEGAL_OR_HARMFUL_SPEECH,1159033,965876,0,193157,1020405,0,0,0,0,0,0.8333464189544215,0.0,0.1666535810455785,0.8803933969093201,0.0,0.0,0.0,0.0,0.0,True
2026-06-29,TikTok,STATEMENT_CATEGORY_INTELLECTUAL_PROPERTY_INFRINGEMENTS,4257,823,0,3434,0,0,0,0,0,0,0.19332863518910032,0.0,0.8066713648108997,0.0,0.0,0.0,0.0,0.0,0.0,True
2026-06-29,TikTok,STATEMENT_CATEGORY_NEGATIVE_EFFECTS_ON_CIVIC_DISCOURSE_OR_ELECTIONS,159539,158618,0,921,96985,0,0,0,0,0,0.994227116880512,0.0,0.005772883119488025,0.6079077843035245,0.0,0.0,0.0,0.0,0.0,True
2026-06-29,TikTok,STATEMENT_CATEGORY_OTHER_VIOLATION_TC,4773769,4420400,0,353369,2312610,0,0,0,0,0,0.9259769377194413,0.0,0.0740230622805586,0.4844411197944433,0.0,0.0,0.0,0.0,0.0,True
2026-06-29,TikTok,STATEMENT_CATEGORY_PROTECTION_OF_MINORS,44342,39145,0,5197,22078,0,0,0,0,0,0.8827973478868792,0.0,0.11720265211312074,0.4979026656443101,0.0,0.0,0.0,0.0,0.0,True
2026-06-29,TikTok,STATEMENT_CATEGORY_RISK_FOR_PUBLIC_SECURITY,1878,0,0,1878,853,0,0,0,0,0,0.0,0.0,1.0,0.45420660276890307,0.0,0.0,0.0,0.0,0.0,True
2026-06-29,TikTok,STATEMENT_CATEGORY_SCAMS_AND_FRAUD,305552,301679,0,3873,256721,0,0,0,0,0,0.9873245797769283,0.0,0.012675420223071686,0.8401875949101953,0.0,0.0,0.0,0.0,0.0,True
2026-06-29,TikTok,STATEMENT_CATEGORY_SELF_HARM,46429,43815,0,2614,32481,0,0,0,0,0,0.9436989812401732,0.0,0.056301018759826835,0.699584311529432,0.0,0.0,0.0,0.0,0.0,True
2026-06-29,TikTok,STATEMENT_CATEGORY_UNSAFE_AND_PROHIBITED_PRODUCTS,90,0,0,90,0,0,0,0,0,0,0.0,0.0,1.0,0.0,0.0,0.0,0.0,0.0,0.0,True
2026-06-29,TikTok,STATEMENT_CATEGORY_VIOLENCE,2800154,2788842,0,11312,407799,0,0,0,0,0,0.9959602221877797,0.0,0.004039777812220328,0.14563449010304433,0.0,0.0,0.0,0.0,0.0,True
2026-06-29,X,STATEMENT_CATEGORY_ANIMAL_WELFARE,2,0,0,2,0,0,2,0,0,2,0.0,0.0,1.0,0.0,0.0,1.0,0.0,0.0,1.0,True
2026-06-29,X,STATEMENT_CATEGORY_CYBER_VIOLENCE,828,116,0,712,0,0,1,0,0,1,0.14009661835748793,0.0,0.8599033816425121,0.0,0.0,0.0012077294685990338,0.0,0.0,0.0012077294685990338,True
2026-06-29,X,STATEMENT_CATEGORY_DATA_PROTECTION_AND_PRIVACY_VIOLATIONS,29,0,0,29,0,0,0,0,0,0,0.0,0.0,1.0,0.0,0.0,0.0,0.0,0.0,0.0,True
2026-06-29,X,STATEMENT_CATEGORY_INTELLECTUAL_PROPERTY_INFRINGEMENTS,284,17,0,267,0,0,196,0,0,196,0.05985915492957746,0.0,0.9401408450704225,0.0,0.0,0.6901408450704225,0.0,0.0,0.6901408450704225,True
2026-06-29,X,STATEMENT_CATEGORY_OTHER_VIOLATION_TC,6031,4323,0,1708,0,8,14,8,0,22,0.7167965511523794,0.0,0.2832034488476206,0.0,0.001326479854087216,0.002321339744652628,0.001326479854087216,0.0,0.0036478195987398442,True
2026-06-29,X,STATEMENT_CATEGORY_PROTECTION_OF_MINORS,2150,4,0,2146,0,0,2145,0,0,2145,0.0018604651162790699,0.0,0.998139534883721,0.0,0.0,0.9976744186046511,0.0,0.0,0.9976744186046511,True
2026-06-29,X,STATEMENT_CATEGORY_RISK_FOR_PUBLIC_SECURITY,1,0,0,1,0,0,1,0,0,1,0.0,0.0,1.0,0.0,0.0,1.0,0.0,0.0,1.0,True
2026-06-29,X,STATEMENT_CATEGORY_SCAMS_AND_FRAUD,32515,31750,0,765,0,0,30228,0,0,30228,0.9764723973550669,0.0,0.02352760264493311,0.0,0.0,0.929663232354298,0.0,0.0,0.929663232354298,True
2026-06-29,X,STATEMENT_CATEGORY_SELF_HARM,1027,706,0,321,0,0,27,0,0,27,0.6874391431353457,0.0,0.31256085686465435,0.0,0.0,0.02629016553067186,0.0,0.0,0.02629016553067186,True
2026-06-29,X,STATEMENT_CATEGORY_UNSAFE_AND_PROHIBITED_PRODUCTS,930,0,0,930,0,0,930,0,0,930,0.0,0.0,1.0,0.0,0.0,1.0,0.0,0.0,1.0,True
2026-06-29,X,STATEMENT_CATEGORY_VIOLENCE,2046,1533,0,513,0,0,57,0,0,57,0.749266862170088,0.0,0.250733137829912,0.0,0.0,0.02785923753665689,0.0,0.0,0.02785923753665689,True
2026-06-29,YouTube,STATEMENT_CATEGORY_ANIMAL_WELFARE,3,0,0,3,3,0,0,0,0,0,0.0,0.0,1.0,1.0,0.0,0.0,0.0,0.0,0.0,True
2026-06-29,YouTube,STATEMENT_CATEGORY_CONSUMER_INFORMATION,172450,40722,0,131728,170865,0,0,1576,0,1576,0.23613801101768628,0.0,0.7638619889823137,0.9908089301246739,0.0,0.0,0.009138880835024645,0.0,0.009138880835024645,True
2026-06-29,YouTube,STATEMENT_CATEGORY_CYBER_VIOLENCE,39,0,0,39,23,0,0,1,0,1,0.0,0.0,1.0,0.5897435897435898,0.0,0.0,0.02564102564102564,0.0,0.02564102564102564,True
2026-06-29,YouTube,STATEMENT_CATEGORY_DATA_PROTECTION_AND_PRIVACY_VIOLATIONS,2520,0,1847,673,2183,0,0,29,0,29,0.0,0.7329365079365079,0.26706349206349206,0.8662698412698413,0.0,0.0,0.011507936507936509,0.0,0.011507936507936509,True
2026-06-29,YouTube,STATEMENT_CATEGORY_ILLEGAL_OR_HARMFUL_SPEECH,7212,2,687,6523,695,0,0,74,0,74,0.00027731558513588466,0.09525790349417637,0.9044647809206877,0.09636716583471991,0.0,0.0,0.010260676650027731,0.0,0.010260676650027731,True
2026-06-29,YouTube,STATEMENT_CATEGORY_INTELLECTUAL_PROPERTY_INFRINGEMENTS,5978,5,5210,763,5427,0,0,119,0,119,0.0008364001338240214,0.8715289394446303,0.12763466042154567,0.9078287052525928,0.0,0.0,0.01990632318501171,0.0,0.01990632318501171,True
2026-06-29,YouTube,STATEMENT_CATEGORY_NEGATIVE_EFFECTS_ON_CIVIC_DISCOURSE_OR_ELECTIONS,6298,890,0,5408,16,0,0,0,0,0,0.14131470308034297,0.0,0.858685296919657,0.0025404890441409972,0.0,0.0,0.0,0.0,0.0,True
2026-06-29,YouTube,STATEMENT_CATEGORY_OTHER_VIOLATION_TC,548348,481866,49128,17354,511997,0,0,10841,0,10841,0.8787594739107282,0.0895927403765492,0.03164778571272258,0.9337081561344256,0.0,0.0,0.01977029185845485,0.0,0.01977029185845485,True
2026-06-29,YouTube,STATEMENT_CATEGORY_PROTECTION_OF_MINORS,25521,0,25521,0,25471,0,0,0,0,0,0.0,1.0,0.0,0.9980408291211159,0.0,0.0,0.0,0.0,0.0,True
2026-06-29,YouTube,STATEMENT_CATEGORY_RISK_FOR_PUBLIC_SECURITY,59,0,0,59,58,0,0,41,0,41,0.0,0.0,1.0,0.9830508474576272,0.0,0.0,0.6949152542372882,0.0,0.6949152542372882,True
2026-06-29,YouTube,STATEMENT_CATEGORY_SCAMS_AND_FRAUD,210868,1341,413,209114,207247,0,0,4181,0,4181,0.006359428647305423,0.001958571238879299,0.9916820001138152,0.9828281199613028,0.0,0.0,0.01982756985412675,0.0,0.01982756985412675,True
2026-06-29,YouTube,STATEMENT_CATEGORY_UNSAFE_AND_PROHIBITED_PRODUCTS,86551,80127,0,6424,17671,0,0,1,0,1,0.9257778650737716,0.0,0.07422213492622846,0.20416864045476077,0.0,0.0,1.1553881526498827e-05,0.0,1.1553881526498827e-05,True
2026-06-29,YouTube,STATEMENT_CATEGORY_VIOLENCE,734,572,0,162,734,0,0,0,0,0,0.779291553133515,0.0,0.22070844686648503,1.0,0.0,0.0,0.0,0.0,0.0,True
2026-07-06,Instagram,STATEMENT_CATEGORY_CYBER_VIOLENCE,4387,0,661,3726,4379,6,0,0,0,6,0.0,0.1506724413038523,0.8493275586961477,0.9981764303624344,0.0013676772281741509,0.0,0.0,0.0,0.0013676772281741509,True
2026-07-06,Instagram,STATEMENT_CATEGORY_DATA_PROTECTION_AND_PRIVACY_VIOLATIONS,49975,0,49818,157,160,49815,0,0,0,49815,0.0,0.9968584292146073,0.0031415707853926964,0.0032016008004002003,0.9967983991995998,0.0,0.0,0.0,0.9967983991995998,True
2026-07-06,Instagram,STATEMENT_CATEGORY_ILLEGAL_OR_HARMFUL_SPEECH,6085,0,3836,2249,6069,1,0,0,0,1,0.0,0.6304026294165982,0.3695973705834018,0.9973705834018077,0.00016433853738701725,0.0,0.0,0.0,0.00016433853738701725,True
2026-07-06,Instagram,STATEMENT_CATEGORY_INTELLECTUAL_PROPERTY_INFRINGEMENTS,22606,0,18070,4536,22093,513,0,0,0,513,0.0,0.7993453065557816,0.20065469344421835,0.9773069096699991,0.022693090330000883,0.0,0.0,0.0,0.022693090330000883,True
2026-07-06,Instagram,STATEMENT_CATEGORY_NEGATIVE_EFFECTS_ON_CIVIC_DISCOURSE_OR_ELECTIONS,701,0,701,0,1,0,0,0,0,0,0.0,1.0,0.0,0.0014265335235378032,0.0,0.0,0.0,0.0,0.0,True
2026-07-06,Instagram,STATEMENT_CATEGORY_OTHER_VIOLATION_TC,1336127,0,1272069,64058,117812,1218315,0,0,0,1218315,0.0,0.9520569526699183,0.047943047330081645,0.08817425289661836,0.9118257471033816,0.0,0.0,0.0,0.9118257471033816,True
2026-07-06,Instagram,STATEMENT_CATEGORY_PROTECTION_OF_MINORS,42419,0,30933,11486,25519,16900,0,0,0,16900,0.0,0.7292251113887644,0.27077488861123555,0.601593625498008,0.398406374501992,0.0,0.0,0.0,0.398406374501992,True
2026-07-06,Instagram,STATEMENT_CATEGORY_RISK_FOR_PUBLIC_SECURITY,17131,0,15520,1611,16507,624,0,0,0,624,0.0,0.9059599556359815,0.09404004436401844,0.9635748059074193,0.0364251940925807,0.0,0.0,0.0,0.0364251940925807,True
2026-07-06,Instagram,STATEMENT_CATEGORY_SCAMS_AND_FRAUD,355722,0,351729,3993,79496,276131,1,0,0,276132,0.0,0.9887749422301685,0.011225057769831497,0.22347788441535807,0.776255053103266,2.81118401448322e-06,0.0,0.0,0.7762578642872805,True
2026-07-06,Instagram,STATEMENT_CATEGORY_SELF_HARM,5589,0,4967,622,5585,3,0,0,0,3,0.0,0.888709966004652,0.11129003399534801,0.9992843084630524,0.0005367686527106817,0.0,0.0,0.0,0.0005367686527106817,True
2026-07-06,Instagram,STATEMENT_CATEGORY_UNSAFE_AND_PROHIBITED_PRODUCTS,9303,0,8365,938,8942,359,0,0,0,359,0.0,0.8991723100075244,0.10082768999247554,0.9611953133397829,0.03858970224658712,0.0,0.0,0.0,0.03858970224658712,True
2026-07-06,Instagram,STATEMENT_CATEGORY_VIOLENCE,7220,0,4625,2595,3957,1517,0,0,0,1517,0.0,0.6405817174515236,0.35941828254847646,0.5480609418282548,0.21011080332409973,0.0,0.0,0.0,0.21011080332409973,True
2026-07-06,LinkedIn,STATEMENT_CATEGORY_CYBER_VIOLENCE,1373,10,0,1363,1373,0,0,0,0,0,0.007283321194464676,0.0,0.9927166788055353,1.0,0.0,0.0,0.0,0.0,0.0,True
2026-07-06,LinkedIn,STATEMENT_CATEGORY_ILLEGAL_OR_HARMFUL_SPEECH,823,1,0,822,817,0,0,6,0,6,0.001215066828675577,0.0,0.9987849331713244,0.9927095990279465,0.0,0.0,0.007290400972053463,0.0,0.007290400972053463,True
2026-07-06,LinkedIn,STATEMENT_CATEGORY_INTELLECTUAL_PROPERTY_INFRINGEMENTS,8,0,0,8,8,0,0,0,0,0,0.0,0.0,1.0,1.0,0.0,0.0,0.0,0.0,0.0,True
2026-07-06,LinkedIn,STATEMENT_CATEGORY_NEGATIVE_EFFECTS_ON_CIVIC_DISCOURSE_OR_ELECTIONS,48,4,0,44,36,0,0,0,0,0,0.08333333333333333,0.0,0.9166666666666666,0.75,0.0,0.0,0.0,0.0,0.0,True
2026-07-06,LinkedIn,STATEMENT_CATEGORY_OTHER_VIOLATION_TC,4042,1055,0,2987,3149,0,24,12,0,36,0.26100940128649186,0.0,0.7389905987135081,0.7790697674418605,0.0,0.005937654626422563,0.0029688273132112814,0.0,0.008906481939633844,True
2026-07-06,LinkedIn,STATEMENT_CATEGORY_SCAMS_AND_FRAUD,289,12,0,277,289,0,0,0,0,0,0.04152249134948097,0.0,0.9584775086505191,1.0,0.0,0.0,0.0,0.0,0.0,True
2026-07-06,LinkedIn,STATEMENT_CATEGORY_SELF_HARM,2,0,0,2,2,0,0,0,0,0,0.0,0.0,1.0,1.0,0.0,0.0,0.0,0.0,0.0,True
2026-07-06,LinkedIn,STATEMENT_CATEGORY_UNSAFE_AND_PROHIBITED_PRODUCTS,546,220,0,326,546,0,0,0,0,0,0.40293040293040294,0.0,0.5970695970695971,1.0,0.0,0.0,0.0,0.0,0.0,True
2026-07-06,LinkedIn,STATEMENT_CATEGORY_VIOLENCE,124,0,0,124,124,0,0,0,0,0,0.0,0.0,1.0,1.0,0.0,0.0,0.0,0.0,0.0,True
2026-07-06,Roblox,STATEMENT_CATEGORY_CONSUMER_INFORMATION,13,0,0,13,12,0,0,0,0,0,0.0,0.0,1.0,0.9230769230769231,0.0,0.0,0.0,0.0,0.0,True
2026-07-06,Roblox,STATEMENT_CATEGORY_CYBER_VIOLENCE,59147,48014,0,11133,339,364,22844,0,0,23208,0.8117740544744451,0.0,0.18822594552555497,0.005731482577307386,0.006154158283598492,0.3862241533805603,0.0,0.0,0.39237831166415876,True
2026-07-06,Roblox,STATEMENT_CATEGORY_DATA_PROTECTION_AND_PRIVACY_VIOLATIONS,64785,64200,0,585,55439,40,669,0,0,709,0.9909701319749942,0.0,0.009029868025005789,0.8557382110056341,0.0006174268735046693,0.010326464459365595,0.0,0.0,0.010943891332870263,True
2026-07-06,Roblox,STATEMENT_CATEGORY_ILLEGAL_OR_HARMFUL_SPEECH,34254,29109,0,5145,283,714,10660,0,0,11374,0.8497985636713961,0.0,0.15020143632860397,0.008261808839843522,0.020844280959887895,0.31120453085771005,0.0,0.0,0.33204881181759793,True
2026-07-06,Roblox,STATEMENT_CATEGORY_INTELLECTUAL_PROPERTY_INFRINGEMENTS,241,17,0,224,3,49,37,0,0,86,0.07053941908713693,0.0,0.9294605809128631,0.012448132780082987,0.2033195020746888,0.15352697095435686,0.0,0.0,0.35684647302904565,True
2026-07-06,Roblox,STATEMENT_CATEGORY_NEGATIVE_EFFECTS_ON_CIVIC_DISCOURSE_OR_ELECTIONS,201,157,0,44,34,2,17,0,0,19,0.7810945273631841,0.0,0.21890547263681592,0.1691542288557214,0.009950248756218905,0.0845771144278607,0.0,0.0,0.0945273631840796,True
2026-07-06,Roblox,STATEMENT_CATEGORY_OTHER_VIOLATION_TC,147164,141174,0,5990,1741,90809,21719,0,0,112528,0.9592971107064228,0.0,0.04070288929357723,0.011830338941588976,0.6170598787747004,0.14758364817482536,0.0,0.0,0.7646435269495258,True
2026-07-06,Roblox,STATEMENT_CATEGORY_PROTECTION_OF_MINORS,2102,1178,0,924,252,1583,65,0,0,1648,0.560418648905804,0.0,0.439581351094196,0.11988582302568981,0.7530922930542341,0.03092293054234063,0.0,0.0,0.7840152235965747,True
2026-07-06,Roblox,STATEMENT_CATEGORY_RISK_FOR_PUBLIC_SECURITY,2757,2548,0,209,110,414,1156,0,0,1570,0.9241929633659776,0.0,0.07580703663402248,0.03989844033369604,0.1501632208922742,0.4192963365977512,0.0,0.0,0.5694595574900254,True
2026-07-06,Roblox,STATEMENT_CATEGORY_SCAMS_AND_FRAUD,21091,20529,0,562,892,349,2387,0,0,2736,0.9733535631311934,0.0,0.0266464368688066,0.04229292115120194,0.01654734246835143,0.11317623630932626,0.0,0.0,0.12972357877767768,True
2026-07-06,Roblox,STATEMENT_CATEGORY_SELF_HARM,670,643,0,27,405,0,0,0,0,0,0.9597014925373134,0.0,0.04029850746268657,0.6044776119402985,0.0,0.0,0.0,0.0,0.0,True
2026-07-06,Roblox,STATEMENT_CATEGORY_UNSAFE_AND_PROHIBITED_PRODUCTS,1681,1425,0,256,95,6,287,0,0,293,0.8477096966091612,0.0,0.1522903033908388,0.05651397977394408,0.003569303985722784,0.17073170731707318,0.0,0.0,0.17430101130279596,True
2026-07-06,Roblox,STATEMENT_CATEGORY_VIOLENCE,5481,4634,0,847,56,207,999,0,0,1206,0.8454661558109834,0.0,0.1545338441890166,0.010217113665389528,0.03776683087027915,0.18226600985221675,0.0,0.0,0.2200328407224959,True
2026-07-06,Snapchat,STATEMENT_CATEGORY_CYBER_VIOLENCE,12653,2440,0,10213,11482,0,1171,0,0,1171,0.19283964277246504,0.0,0.807160357227535,0.9074527779973129,0.0,0.09254722200268711,0.0,0.0,0.09254722200268711,True
2026-07-06,Snapchat,STATEMENT_CATEGORY_DATA_PROTECTION_AND_PRIVACY_VIOLATIONS,1,0,0,1,1,0,0,0,0,0,0.0,0.0,1.0,1.0,0.0,0.0,0.0,0.0,0.0,True
2026-07-06,Snapchat,STATEMENT_CATEGORY_ILLEGAL_OR_HARMFUL_SPEECH,2143,40,0,2103,2103,0,40,0,0,40,0.018665422305179653,0.0,0.9813345776948204,0.9813345776948204,0.0,0.018665422305179653,0.0,0.0,0.018665422305179653,True
2026-07-06,Snapchat,STATEMENT_CATEGORY_INTELLECTUAL_PROPERTY_INFRINGEMENTS,645,0,0,645,626,0,19,0,0,19,0.0,0.0,1.0,0.9705426356589147,0.0,0.02945736434108527,0.0,0.0,0.02945736434108527,True
2026-07-06,Snapchat,STATEMENT_CATEGORY_OTHER_VIOLATION_TC,57441,19096,0,38345,31518,0,8943,0,0,8943,0.33244546578228096,0.0,0.667554534217719,0.5487021465503734,0.0,0.1556901864521857,0.0,0.0,0.1556901864521857,True
2026-07-06,Snapchat,STATEMENT_CATEGORY_PROTECTION_OF_MINORS,2579,1226,0,1353,678,0,1901,0,0,1901,0.47537805350911205,0.0,0.5246219464908879,0.2628925940286933,0.0,0.7371074059713068,0.0,0.0,0.7371074059713068,True
2026-07-06,Snapchat,STATEMENT_CATEGORY_RISK_FOR_PUBLIC_SECURITY,77,3,0,74,68,0,9,0,0,9,0.03896103896103896,0.0,0.961038961038961,0.8831168831168831,0.0,0.11688311688311688,0.0,0.0,0.11688311688311688,True
2026-07-06,Snapchat,STATEMENT_CATEGORY_SCAMS_AND_FRAUD,4458,115,0,4343,3959,0,499,0,0,499,0.02579632122027815,0.0,0.9742036787797218,0.8880663974876626,0.0,0.11193360251233737,0.0,0.0,0.11193360251233737,True
2026-07-06,Snapchat,STATEMENT_CATEGORY_SELF_HARM,148,5,0,143,136,0,12,0,0,12,0.033783783783783786,0.0,0.9662162162162162,0.918918918918919,0.0,0.08108108108108109,0.0,0.0,0.08108108108108109,True
2026-07-06,Snapchat,STATEMENT_CATEGORY_UNSAFE_AND_PROHIBITED_PRODUCTS,32970,9884,0,23086,19925,0,13045,0,0,13045,0.2997876857749469,0.0,0.700212314225053,0.6043372763117986,0.0,0.3956627236882014,0.0,0.0,0.3956627236882014,True
2026-07-06,Snapchat,STATEMENT_CATEGORY_VIOLENCE,33617,3502,0,30115,33457,0,160,0,0,160,0.10417348365410357,0.0,0.8958265163458964,0.9952405033167743,0.0,0.004759496683225749,0.0,0.0,0.004759496683225749,True
2026-07-06,TikTok,STATEMENT_CATEGORY_ANIMAL_WELFARE,5667,5273,0,394,4480,0,0,0,0,0,0.93047467796012,0.0,0.06952532203988,0.7905417328392448,0.0,0.0,0.0,0.0,0.0,True
2026-07-06,TikTok,STATEMENT_CATEGORY_CYBER_VIOLENCE,221,0,0,221,20,0,0,0,0,0,0.0,0.0,1.0,0.09049773755656108,0.0,0.0,0.0,0.0,0.0,True
2026-07-06,TikTok,STATEMENT_CATEGORY_DATA_PROTECTION_AND_PRIVACY_VIOLATIONS,52896,52173,0,723,52222,0,0,0,0,0,0.98633166969147,0.0,0.013668330308529946,0.9872580157289776,0.0,0.0,0.0,0.0,0.0,True
2026-07-06,TikTok,STATEMENT_CATEGORY_ILLEGAL_OR_HARMFUL_SPEECH,1205506,1000982,0,204524,1052326,0,0,0,0,0,0.8303417817912147,0.0,0.16965821820878535,0.8729330256340491,0.0,0.0,0.0,0.0,0.0,True
2026-07-06,TikTok,STATEMENT_CATEGORY_INTELLECTUAL_PROPERTY_INFRINGEMENTS,2710,915,0,1795,0,0,0,0,0,0,0.3376383763837638,0.0,0.6623616236162362,0.0,0.0,0.0,0.0,0.0,0.0,True
2026-07-06,TikTok,STATEMENT_CATEGORY_NEGATIVE_EFFECTS_ON_CIVIC_DISCOURSE_OR_ELECTIONS,117784,117054,0,730,64518,0,0,0,0,0,0.9938022142226448,0.0,0.0061977857773551585,0.5477654010731509,0.0,0.0,0.0,0.0,0.0,True
2026-07-06,TikTok,STATEMENT_CATEGORY_OTHER_VIOLATION_TC,4659147,4455307,0,203840,2292888,0,0,0,0,0,0.9562495023230647,0.0,0.043750497676935285,0.49212613381805725,0.0,0.0,0.0,0.0,0.0,True
2026-07-06,TikTok,STATEMENT_CATEGORY_PROTECTION_OF_MINORS,43780,40790,0,2990,20799,0,0,0,0,0,0.9317039744175423,0.0,0.06829602558245775,0.4750799451804477,0.0,0.0,0.0,0.0,0.0,True
2026-07-06,TikTok,STATEMENT_CATEGORY_RISK_FOR_PUBLIC_SECURITY,4318,0,0,4318,2017,0,0,0,0,0,0.0,0.0,1.0,0.4671144048170449,0.0,0.0,0.0,0.0,0.0,True
2026-07-06,TikTok,STATEMENT_CATEGORY_SCAMS_AND_FRAUD,423629,420329,0,3300,320124,0,0,0,0,0,0.9922101650264736,0.0,0.0077898349735263635,0.7556706457773193,0.0,0.0,0.0,0.0,0.0,True
2026-07-06,TikTok,STATEMENT_CATEGORY_SELF_HARM,115558,112901,0,2657,55794,0,0,0,0,0,0.9770072171550217,0.0,0.022992782844978278,0.4828224787552571,0.0,0.0,0.0,0.0,0.0,True
2026-07-06,TikTok,STATEMENT_CATEGORY_UNSAFE_AND_PROHIBITED_PRODUCTS,71,0,0,71,0,0,0,0,0,0,0.0,0.0,1.0,0.0,0.0,0.0,0.0,0.0,0.0,True
2026-07-06,TikTok,STATEMENT_CATEGORY_VIOLENCE,2926262,2915378,0,10884,401602,0,0,0,0,0,0.996280579114242,0.0,0.003719420885758008,0.13724061618542702,0.0,0.0,0.0,0.0,0.0,True
2026-07-06,X,STATEMENT_CATEGORY_ANIMAL_WELFARE,2,0,0,2,0,0,2,0,0,2,0.0,0.0,1.0,0.0,0.0,1.0,0.0,0.0,1.0,True
2026-07-06,X,STATEMENT_CATEGORY_CYBER_VIOLENCE,879,132,0,747,0,0,1,0,0,1,0.15017064846416384,0.0,0.8498293515358362,0.0,0.0,0.0011376564277588168,0.0,0.0,0.0011376564277588168,True
2026-07-06,X,STATEMENT_CATEGORY_DATA_PROTECTION_AND_PRIVACY_VIOLATIONS,24,0,0,24,0,1,1,1,0,2,0.0,0.0,1.0,0.0,0.041666666666666664,0.041666666666666664,0.041666666666666664,0.0,0.08333333333333333,True
2026-07-06,X,STATEMENT_CATEGORY_INTELLECTUAL_PROPERTY_INFRINGEMENTS,457,202,0,255,0,0,273,0,0,273,0.4420131291028446,0.0,0.5579868708971554,0.0,0.0,0.5973741794310722,0.0,0.0,0.5973741794310722,True
2026-07-06,X,STATEMENT_CATEGORY_OTHER_VIOLATION_TC,5847,4465,0,1382,0,10,7,10,0,17,0.7636394732341372,0.0,0.23636052676586283,0.0,0.0017102787754403968,0.0011971951428082776,0.0017102787754403968,0.0,0.0029074739182486744,True
2026-07-06,X,STATEMENT_CATEGORY_PROTECTION_OF_MINORS,22807,21069,0,1738,0,0,22802,0,0,22802,0.9237953259964046,0.0,0.07620467400359539,0.0,0.0,0.9997807690621301,0.0,0.0,0.9997807690621301,True
2026-07-06,X,STATEMENT_CATEGORY_SCAMS_AND_FRAUD,74450,73504,0,946,0,1,72210,1,0,72211,0.987293485560779,0.0,0.012706514439220953,0.0,1.3431833445265279e-05,0.9699126930826057,1.3431833445265279e-05,0.0,0.969926124916051,True
2026-07-06,X,STATEMENT_CATEGORY_SELF_HARM,1079,701,0,378,0,0,29,0,0,29,0.6496756255792401,0.0,0.35032437442076,0.0,0.0,0.026876737720111215,0.0,0.0,0.026876737720111215,True
2026-07-06,X,STATEMENT_CATEGORY_UNSAFE_AND_PROHIBITED_PRODUCTS,1364,0,0,1364,0,0,1364,0,0,1364,0.0,0.0,1.0,0.0,0.0,1.0,0.0,0.0,1.0,True
2026-07-06,X,STATEMENT_CATEGORY_VIOLENCE,1941,1394,0,547,0,0,52,0,0,52,0.7181865018031942,0.0,0.2818134981968058,0.0,0.0,0.026790314270994334,0.0,0.0,0.026790314270994334,True
2026-07-06,YouTube,STATEMENT_CATEGORY_ANIMAL_WELFARE,22,1,0,21,22,0,0,0,0,0,0.045454545454545456,0.0,0.9545454545454546,1.0,0.0,0.0,0.0,0.0,0.0,True
2026-07-06,YouTube,STATEMENT_CATEGORY_CONSUMER_INFORMATION,188688,101194,0,87494,186938,0,0,1721,0,1721,0.5363033155261596,0.0,0.46369668447384044,0.9907254303400322,0.0,0.0,0.009120876791316884,0.0,0.009120876791316884,True
2026-07-06,YouTube,STATEMENT_CATEGORY_CYBER_VIOLENCE,18,0,0,18,7,0,0,1,0,1,0.0,0.0,1.0,0.3888888888888889,0.0,0.0,0.05555555555555555,0.0,0.05555555555555555,True
2026-07-06,YouTube,STATEMENT_CATEGORY_DATA_PROTECTION_AND_PRIVACY_VIOLATIONS,2523,0,1917,606,2398,0,0,40,0,40,0.0,0.7598097502972652,0.24019024970273484,0.9504558065794689,0.0,0.0,0.015854141894569955,0.0,0.015854141894569955,True
2026-07-06,YouTube,STATEMENT_CATEGORY_ILLEGAL_OR_HARMFUL_SPEECH,576,0,545,31,548,0,0,37,0,37,0.0,0.9461805555555556,0.05381944444444445,0.9513888888888888,0.0,0.0,0.0642361111111111,0.0,0.0642361111111111,True
2026-07-06,YouTube,STATEMENT_CATEGORY_INTELLECTUAL_PROPERTY_INFRINGEMENTS,6485,0,5440,1045,5746,0,0,331,0,331,0.0,0.8388589051657671,0.16114109483423283,0.8860447185813416,0.0,0.0,0.05104086353122591,0.0,0.05104086353122591,True
2026-07-06,YouTube,STATEMENT_CATEGORY_NEGATIVE_EFFECTS_ON_CIVIC_DISCOURSE_OR_ELECTIONS,4822,755,0,4067,19,0,0,0,0,0,0.15657403566984654,0.0,0.8434259643301535,0.003940273745333886,0.0,0.0,0.0,0.0,0.0,True
2026-07-06,YouTube,STATEMENT_CATEGORY_OTHER_VIOLATION_TC,527343,459062,50331,17950,491130,0,0,11373,0,11373,0.8705188084415646,0.09544262462951059,0.03403856692892482,0.9313293245572616,0.0,0.0,0.021566608450287572,0.0,0.021566608450287572,True
2026-07-06,YouTube,STATEMENT_CATEGORY_PROTECTION_OF_MINORS,24904,0,24903,1,24849,0,0,0,0,0,0.0,0.9999598458079023,4.0154192097655e-05,0.997791519434629,0.0,0.0,0.0,0.0,0.0,True
2026-07-06,YouTube,STATEMENT_CATEGORY_RISK_FOR_PUBLIC_SECURITY,40,0,0,40,37,0,0,29,0,29,0.0,0.0,1.0,0.925,0.0,0.0,0.725,0.0,0.725,True
2026-07-06,YouTube,STATEMENT_CATEGORY_SCAMS_AND_FRAUD,234803,1181,87,233535,230074,0,0,5082,0,5082,0.005029748342227314,0.00037052337491428987,0.9945997282828584,0.9798597121842566,0.0,0.0,0.021643675762234724,0.0,0.021643675762234724,True
2026-07-06,YouTube,STATEMENT_CATEGORY_UNSAFE_AND_PROHIBITED_PRODUCTS,76770,68917,0,7853,14417,0,0,1,0,1,0.8977074378012244,0.0,0.10229256219877557,0.18779471147583693,0.0,0.0,1.3025921583952065e-05,0.0,1.3025921583952065e-05,True
2026-07-06,YouTube,STATEMENT_CATEGORY_VIOLENCE,328,124,0,204,328,0,0,0,0,0,0.3780487804878049,0.0,0.6219512195121951,1.0,0.0,0.0,0.0,0.0,0.0,True
2026-07-13,Instagram,STATEMENT_CATEGORY_CYBER_VIOLENCE,4574,0,713,3861,4565,9,0,0,0,9,0.0,0.15588106689986883,0.8441189331001312,0.9980323567993004,0.0019676432006996065,0.0,0.0,0.0,0.0019676432006996065,True
2026-07-13,Instagram,STATEMENT_CATEGORY_DATA_PROTECTION_AND_PRIVACY_VIOLATIONS,56738,0,56562,176,190,56548,0,0,0,56548,0.0,0.9968980224893369,0.0031019775106630476,0.0033487257217385174,0.9966512742782615,0.0,0.0,0.0,0.9966512742782615,True
2026-07-13,Instagram,STATEMENT_CATEGORY_ILLEGAL_OR_HARMFUL_SPEECH,6055,0,3837,2218,6040,1,1,0,0,2,0.0,0.6336911643270025,0.36630883567299755,0.9975227085053675,0.00016515276630883568,0.00016515276630883568,0.0,0.0,0.00033030553261767135,True
2026-07-13,Instagram,STATEMENT_CATEGORY_INTELLECTUAL_PROPERTY_INFRINGEMENTS,28460,0,20865,7595,27643,817,0,0,0,817,0.0,0.733134223471539,0.266865776528461,0.971293042867182,0.02870695713281799,0.0,0.0,0.0,0.02870695713281799,True
2026-07-13,Instagram,STATEMENT_CATEGORY_NEGATIVE_EFFECTS_ON_CIVIC_DISCOURSE_OR_ELECTIONS,668,0,668,0,0,0,0,0,0,0,0.0,1.0,0.0,0.0,0.0,0.0,0.0,0.0,0.0,True
2026-07-13,Instagram,STATEMENT_CATEGORY_OTHER_VIOLATION_TC,1221147,0,1153417,67730,94672,1126475,0,0,0,1126475,0.0,0.9445357520429564,0.05546424795704367,0.0775271118055402,0.9224728881944598,0.0,0.0,0.0,0.9224728881944598,True
2026-07-13,Instagram,STATEMENT_CATEGORY_PROTECTION_OF_MINORS,42196,0,31590,10606,25387,16809,0,0,0,16809,0.0,0.7486491610579202,0.2513508389420798,0.6016447056593042,0.3983552943406958,0.0,0.0,0.0,0.3983552943406958,True
2026-07-13,Instagram,STATEMENT_CATEGORY_RISK_FOR_PUBLIC_SECURITY,25462,0,22174,3288,24676,786,0,0,0,786,0.0,0.8708663891288979,0.12913361087110203,0.9691304689340978,0.03086953106590213,0.0,0.0,0.0,0.03086953106590213,True
2026-07-13,Instagram,STATEMENT_CATEGORY_SCAMS_AND_FRAUD,292745,0,287587,5158,47962,244723,5,0,0,244728,0.0,0.9823805701207535,0.017619429879246442,0.16383541990469522,0.8359596235631693,1.7079711011289687e-05,0.0,0.0,0.8359767032741806,True
2026-07-13,Instagram,STATEMENT_CATEGORY_SELF_HARM,5617,0,4986,631,5609,6,0,0,0,6,0.0,0.8876624532668684,0.11233754673313157,0.9985757521808795,0.0010681858643403952,0.0,0.0,0.0,0.0010681858643403952,True
2026-07-13,Instagram,STATEMENT_CATEGORY_UNSAFE_AND_PROHIBITED_PRODUCTS,7945,0,7137,808,7593,351,0,0,0,351,0.0,0.8983008181246067,0.10169918187539333,0.9556954059156703,0.044178728760226556,0.0,0.0,0.0,0.044178728760226556,True
2026-07-13,Instagram,STATEMENT_CATEGORY_VIOLENCE,7419,0,4936,2483,5003,1680,0,0,0,1680,0.0,0.6653187761153795,0.33468122388462057,0.6743496428090039,0.22644561261625556,0.0,0.0,0.0,0.22644561261625556,True
2026-07-13,LinkedIn,STATEMENT_CATEGORY_CYBER_VIOLENCE,1467,7,0,1460,1467,0,0,0,0,0,0.004771642808452625,0.0,0.9952283571915473,1.0,0.0,0.0,0.0,0.0,0.0,True
2026-07-13,LinkedIn,STATEMENT_CATEGORY_ILLEGAL_OR_HARMFUL_SPEECH,878,7,0,871,873,0,0,5,0,5,0.007972665148063782,0.0,0.9920273348519362,0.9943052391799544,0.0,0.0,0.0056947608200455585,0.0,0.0056947608200455585,True
2026-07-13,LinkedIn,STATEMENT_CATEGORY_INTELLECTUAL_PROPERTY_INFRINGEMENTS,4,0,0,4,4,0,0,0,0,0,0.0,0.0,1.0,1.0,0.0,0.0,0.0,0.0,0.0,True
2026-07-13,LinkedIn,STATEMENT_CATEGORY_NEGATIVE_EFFECTS_ON_CIVIC_DISCOURSE_OR_ELECTIONS,54,3,0,51,41,0,0,0,0,0,0.05555555555555555,0.0,0.9444444444444444,0.7592592592592593,0.0,0.0,0.0,0.0,0.0,True
2026-07-13,LinkedIn,STATEMENT_CATEGORY_OTHER_VIOLATION_TC,3766,1194,0,2572,2993,0,19,7,0,26,0.31704726500265534,0.0,0.6829527349973447,0.7947424322889007,0.0,0.005045140732873075,0.0018587360594795538,0.0,0.006903876792352629,True
2026-07-13,LinkedIn,STATEMENT_CATEGORY_RISK_FOR_PUBLIC_SECURITY,1,0,0,1,1,0,0,0,0,0,0.0,0.0,1.0,1.0,0.0,0.0,0.0,0.0,0.0,True
2026-07-13,LinkedIn,STATEMENT_CATEGORY_SCAMS_AND_FRAUD,383,129,0,254,383,0,0,0,0,0,0.3368146214099217,0.0,0.6631853785900783,1.0,0.0,0.0,0.0,0.0,0.0,True
2026-07-13,LinkedIn,STATEMENT_CATEGORY_SELF_HARM,2,0,0,2,2,0,0,0,0,0,0.0,0.0,1.0,1.0,0.0,0.0,0.0,0.0,0.0,True
2026-07-13,LinkedIn,STATEMENT_CATEGORY_UNSAFE_AND_PROHIBITED_PRODUCTS,651,268,0,383,651,0,0,0,0,0,0.4116743471582181,0.0,0.5883256528417818,1.0,0.0,0.0,0.0,0.0,0.0,True
2026-07-13,LinkedIn,STATEMENT_CATEGORY_VIOLENCE,149,0,0,149,149,0,0,0,0,0,0.0,0.0,1.0,1.0,0.0,0.0,0.0,0.0,0.0,True
2026-07-13,Roblox,STATEMENT_CATEGORY_CONSUMER_INFORMATION,22,0,0,22,22,0,0,0,0,0,0.0,0.0,1.0,1.0,0.0,0.0,0.0,0.0,0.0,True
2026-07-13,Roblox,STATEMENT_CATEGORY_CYBER_VIOLENCE,60462,50200,0,10262,18,375,23748,0,0,24123,0.8302735602527207,0.0,0.16972643974727927,0.00029770765108663293,0.00620224273097152,0.3927756276669644,0.0,0.0,0.3989778703979359,True
2026-07-13,Roblox,STATEMENT_CATEGORY_DATA_PROTECTION_AND_PRIVACY_VIOLATIONS,9019,8304,0,715,214,72,697,0,0,769,0.9207229182836235,0.0,0.07927708171637654,0.02372768599623018,0.007983146690320434,0.07728129504379642,0.0,0.0,0.08526444173411686,True
2026-07-13,Roblox,STATEMENT_CATEGORY_ILLEGAL_OR_HARMFUL_SPEECH,31255,26333,0,4922,26,645,11344,0,0,11989,0.8425211966085426,0.0,0.15747880339145737,0.0008318669012957927,0.020636698128299474,0.36294992801151815,0.0,0.0,0.38358662613981764,True
2026-07-13,Roblox,STATEMENT_CATEGORY_INTELLECTUAL_PROPERTY_INFRINGEMENTS,208,99,0,109,5,62,68,0,0,130,0.47596153846153844,0.0,0.5240384615384616,0.02403846153846154,0.2980769230769231,0.3269230769230769,0.0,0.0,0.625,True
2026-07-13,Roblox,STATEMENT_CATEGORY_NEGATIVE_EFFECTS_ON_CIVIC_DISCOURSE_OR_ELECTIONS,155,124,0,31,5,4,7,0,0,11,0.8,0.0,0.2,0.03225806451612903,0.025806451612903226,0.04516129032258064,0.0,0.0,0.07096774193548387,True
2026-07-13,Roblox,STATEMENT_CATEGORY_OTHER_VIOLATION_TC,271019,262270,0,8749,17559,190340,31285,0,0,221625,0.9677181304631779,0.0,0.03228186953682214,0.06478881554429763,0.7023123840025977,0.1154347112195086,0.0,0.0,0.8177470952221062,True
2026-07-13,Roblox,STATEMENT_CATEGORY_PROTECTION_OF_MINORS,1661,881,0,780,7,1392,83,0,0,1475,0.5304033714629741,0.0,0.4695966285370259,0.004214328717639976,0.8380493678506924,0.049969897652016856,0.0,0.0,0.8880192655027093,True
2026-07-13,Roblox,STATEMENT_CATEGORY_RISK_FOR_PUBLIC_SECURITY,848,701,0,147,7,64,408,0,0,472,0.8266509433962265,0.0,0.1733490566037736,0.008254716981132075,0.07547169811320754,0.4811320754716981,0.0,0.0,0.5566037735849056,True
2026-07-13,Roblox,STATEMENT_CATEGORY_SCAMS_AND_FRAUD,28272,27293,0,979,543,327,2079,0,0,2406,0.9653720996038483,0.0,0.03462790039615167,0.0192062818336163,0.011566213921901528,0.07353565365025466,0.0,0.0,0.0851018675721562,True
2026-07-13,Roblox,STATEMENT_CATEGORY_SELF_HARM,273,259,0,14,3,0,0,0,0,0,0.9487179487179487,0.0,0.05128205128205128,0.01098901098901099,0.0,0.0,0.0,0.0,0.0,True
2026-07-13,Roblox,STATEMENT_CATEGORY_UNSAFE_AND_PROHIBITED_PRODUCTS,1705,1304,0,401,68,2,302,0,0,304,0.7648093841642228,0.0,0.23519061583577713,0.03988269794721408,0.0011730205278592375,0.17712609970674487,0.0,0.0,0.17829912023460412,True
2026-07-13,Roblox,STATEMENT_CATEGORY_VIOLENCE,7486,6806,0,680,65,150,1401,0,0,1551,0.9091637723751002,0.0,0.09083622762489982,0.008682874699438953,0.02003740315255143,0.18714934544483036,0.0,0.0,0.2071867485973818,True
2026-07-13,Snapchat,STATEMENT_CATEGORY_CYBER_VIOLENCE,9036,986,0,8050,7842,0,1194,0,0,1194,0.10911907923860115,0.0,0.8908809207613988,0.8678618857901726,0.0,0.13213811420982735,0.0,0.0,0.13213811420982735,True
2026-07-13,Snapchat,STATEMENT_CATEGORY_DATA_PROTECTION_AND_PRIVACY_VIOLATIONS,7,0,0,7,7,0,0,0,0,0,0.0,0.0,1.0,1.0,0.0,0.0,0.0,0.0,0.0,True
2026-07-13,Snapchat,STATEMENT_CATEGORY_ILLEGAL_OR_HARMFUL_SPEECH,2216,49,0,2167,2089,0,127,0,0,127,0.02211191335740072,0.0,0.9778880866425993,0.9426895306859205,0.0,0.057310469314079425,0.0,0.0,0.057310469314079425,True
2026-07-13,Snapchat,STATEMENT_CATEGORY_INTELLECTUAL_PROPERTY_INFRINGEMENTS,2,0,0,2,1,0,1,0,0,1,0.0,0.0,1.0,0.5,0.0,0.5,0.0,0.0,0.5,True
2026-07-13,Snapchat,STATEMENT_CATEGORY_OTHER_VIOLATION_TC,75937,18085,0,57852,34148,0,27048,0,0,27048,0.23815794671899074,0.0,0.7618420532810093,0.4496885576201325,0.0,0.3561899996049357,0.0,0.0,0.3561899996049357,True
2026-07-13,Snapchat,STATEMENT_CATEGORY_PROTECTION_OF_MINORS,3026,1501,0,1525,876,0,2150,0,0,2150,0.4960343688037013,0.0,0.5039656311962988,0.28949107732980833,0.0,0.7105089226701917,0.0,0.0,0.7105089226701917,True
2026-07-13,Snapchat,STATEMENT_CATEGORY_RISK_FOR_PUBLIC_SECURITY,84,1,0,83,68,0,16,0,0,16,0.011904761904761904,0.0,0.9880952380952381,0.8095238095238095,0.0,0.19047619047619047,0.0,0.0,0.19047619047619047,True
2026-07-13,Snapchat,STATEMENT_CATEGORY_SCAMS_AND_FRAUD,4762,115,0,4647,3684,0,1078,0,0,1078,0.024149517009659806,0.0,0.9758504829903402,0.7736245275094498,0.0,0.22637547249055018,0.0,0.0,0.22637547249055018,True
2026-07-13,Snapchat,STATEMENT_CATEGORY_SELF_HARM,49,3,0,46,48,0,1,0,0,1,0.061224489795918366,0.0,0.9387755102040817,0.9795918367346939,0.0,0.02040816326530612,0.0,0.0,0.02040816326530612,True
2026-07-13,Snapchat,STATEMENT_CATEGORY_UNSAFE_AND_PROHIBITED_PRODUCTS,20248,7364,0,12884,14485,0,5763,0,0,5763,0.3636902410114579,0.0,0.636309758988542,0.7153792967206638,0.0,0.28462070327933625,0.0,0.0,0.28462070327933625,True
2026-07-13,Snapchat,STATEMENT_CATEGORY_VIOLENCE,4134,302,0,3832,3973,0,161,0,0,161,0.07305273343009192,0.0,0.9269472665699081,0.9610546686018384,0.0,0.03894533139816159,0.0,0.0,0.03894533139816159,True
2026-07-13,TikTok,STATEMENT_CATEGORY_ANIMAL_WELFARE,3537,3151,0,386,2479,0,0,0,0,0,0.8908679672038451,0.0,0.10913203279615494,0.700876448968052,0.0,0.0,0.0,0.0,0.0,True
2026-07-13,TikTok,STATEMENT_CATEGORY_CYBER_VIOLENCE,387,0,0,387,90,0,0,0,0,0,0.0,0.0,1.0,0.23255813953488372,0.0,0.0,0.0,0.0,0.0,True
2026-07-13,TikTok,STATEMENT_CATEGORY_DATA_PROTECTION_AND_PRIVACY_VIOLATIONS,39521,38833,0,688,38863,0,0,0,0,0,0.9825915336150401,0.0,0.017408466384959895,0.9833506237190355,0.0,0.0,0.0,0.0,0.0,True
2026-07-13,TikTok,STATEMENT_CATEGORY_ILLEGAL_OR_HARMFUL_SPEECH,1020053,818164,0,201889,879328,0,0,0,0,0,0.8020798919271842,0.0,0.19792010807281582,0.86204148215828,0.0,0.0,0.0,0.0,0.0,True
2026-07-13,TikTok,STATEMENT_CATEGORY_INTELLECTUAL_PROPERTY_INFRINGEMENTS,2972,1006,0,1966,0,0,0,0,0,0,0.338492597577389,0.0,0.6615074024226111,0.0,0.0,0.0,0.0,0.0,0.0,True
2026-07-13,TikTok,STATEMENT_CATEGORY_NEGATIVE_EFFECTS_ON_CIVIC_DISCOURSE_OR_ELECTIONS,84230,83504,0,726,41643,0,0,0,0,0,0.9913807432031343,0.0,0.008619256796865725,0.4943962958565832,0.0,0.0,0.0,0.0,0.0,True
2026-07-13,TikTok,STATEMENT_CATEGORY_OTHER_VIOLATION_TC,4678571,4480918,0,197653,2068997,0,0,0,0,0,0.9577535533820049,0.0,0.04224644661799511,0.44222840692168613,0.0,0.0,0.0,0.0,0.0,True
2026-07-13,TikTok,STATEMENT_CATEGORY_PROTECTION_OF_MINORS,37196,32983,0,4213,12894,0,0,0,0,0,0.8867351328099796,0.0,0.11326486719002044,0.34665017743843424,0.0,0.0,0.0,0.0,0.0,True
2026-07-13,TikTok,STATEMENT_CATEGORY_RISK_FOR_PUBLIC_SECURITY,4596,0,0,4596,2138,0,0,0,0,0,0.0,0.0,1.0,0.4651871192341166,0.0,0.0,0.0,0.0,0.0,True
2026-07-13,TikTok,STATEMENT_CATEGORY_SCAMS_AND_FRAUD,569500,568257,0,1243,445510,0,0,0,0,0,0.9978173836698858,0.0,0.0021826163301141353,0.7822827041264266,0.0,0.0,0.0,0.0,0.0,True
2026-07-13,TikTok,STATEMENT_CATEGORY_SELF_HARM,143339,140760,0,2579,61152,0,0,0,0,0,0.9820076880681461,0.0,0.01799231193185386,0.42662499389559017,0.0,0.0,0.0,0.0,0.0,True
2026-07-13,TikTok,STATEMENT_CATEGORY_UNSAFE_AND_PROHIBITED_PRODUCTS,72,0,0,72,0,0,0,0,0,0,0.0,0.0,1.0,0.0,0.0,0.0,0.0,0.0,0.0,True
2026-07-13,TikTok,STATEMENT_CATEGORY_VIOLENCE,2820488,2810530,0,9958,307263,0,0,0,0,0,0.996469405294403,0.0,0.003530594705597046,0.10893965866899628,0.0,0.0,0.0,0.0,0.0,True
2026-07-13,X,STATEMENT_CATEGORY_CYBER_VIOLENCE,1027,181,0,846,0,0,2,0,0,2,0.1762414800389484,0.0,0.8237585199610516,0.0,0.0,0.0019474196689386564,0.0,0.0,0.0019474196689386564,True
2026-07-13,X,STATEMENT_CATEGORY_DATA_PROTECTION_AND_PRIVACY_VIOLATIONS,16,0,0,16,0,0,1,0,0,1,0.0,0.0,1.0,0.0,0.0,0.0625,0.0,0.0,0.0625,True
2026-07-13,X,STATEMENT_CATEGORY_INTELLECTUAL_PROPERTY_INFRINGEMENTS,587,358,0,229,0,0,326,0,0,326,0.6098807495741057,0.0,0.3901192504258944,0.0,0.0,0.555366269165247,0.0,0.0,0.555366269165247,True
2026-07-13,X,STATEMENT_CATEGORY_OTHER_VIOLATION_TC,5541,4152,0,1389,0,22,9,22,0,31,0.7493232268543584,0.0,0.2506767731456416,0.0,0.003970402454430608,0.0016242555495397943,0.003970402454430608,0.0,0.005594658003970403,True
2026-07-13,X,STATEMENT_CATEGORY_PROTECTION_OF_MINORS,30744,28487,0,2257,0,0,30736,0,0,30736,0.9265873015873016,0.0,0.07341269841269842,0.0,0.0,0.9997397866250325,0.0,0.0,0.9997397866250325,True
2026-07-13,X,STATEMENT_CATEGORY_RISK_FOR_PUBLIC_SECURITY,1,0,0,1,0,0,1,0,0,1,0.0,0.0,1.0,0.0,0.0,1.0,0.0,0.0,1.0,True
2026-07-13,X,STATEMENT_CATEGORY_SCAMS_AND_FRAUD,55214,53893,0,1321,0,0,52831,0,0,52831,0.9760749085376897,0.0,0.023925091462310283,0.0,0.0,0.9568406563552723,0.0,0.0,0.9568406563552723,True
2026-07-13,X,STATEMENT_CATEGORY_SELF_HARM,1036,721,0,315,0,0,24,0,0,24,0.6959459459459459,0.0,0.30405405405405406,0.0,0.0,0.023166023166023165,0.0,0.0,0.023166023166023165,True
2026-07-13,X,STATEMENT_CATEGORY_UNSAFE_AND_PROHIBITED_PRODUCTS,1427,0,0,1427,0,0,1427,0,0,1427,0.0,0.0,1.0,0.0,0.0,1.0,0.0,0.0,1.0,True
2026-07-13,X,STATEMENT_CATEGORY_VIOLENCE,2077,1594,0,483,0,0,30,0,0,30,0.7674530572941742,0.0,0.2325469427058257,0.0,0.0,0.014443909484833895,0.0,0.0,0.014443909484833895,True
2026-07-13,YouTube,STATEMENT_CATEGORY_ANIMAL_WELFARE,1,1,0,0,1,0,0,0,0,0,1.0,0.0,0.0,1.0,0.0,0.0,0.0,0.0,0.0,True
2026-07-13,YouTube,STATEMENT_CATEGORY_CONSUMER_INFORMATION,85780,42201,0,43579,84113,0,0,1639,0,1639,0.49196782466775474,0.0,0.5080321753322453,0.9805665656330147,0.0,0.0,0.019107017952902774,0.0,0.019107017952902774,True
2026-07-13,YouTube,STATEMENT_CATEGORY_CYBER_VIOLENCE,37,0,0,37,33,0,0,1,0,1,0.0,0.0,1.0,0.8918918918918919,0.0,0.0,0.02702702702702703,0.0,0.02702702702702703,True
2026-07-13,YouTube,STATEMENT_CATEGORY_DATA_PROTECTION_AND_PRIVACY_VIOLATIONS,2566,0,2106,460,2478,0,0,23,0,23,0.0,0.8207326578332035,0.17926734216679657,0.965705378020265,0.0,0.0,0.008963367108339828,0.0,0.008963367108339828,True
2026-07-13,YouTube,STATEMENT_CATEGORY_ILLEGAL_OR_HARMFUL_SPEECH,1003,0,723,280,746,0,0,140,0,140,0.0,0.7208374875373879,0.27916251246261214,0.7437686939182453,0.0,0.0,0.13958125623130607,0.0,0.13958125623130607,True
2026-07-13,YouTube,STATEMENT_CATEGORY_INTELLECTUAL_PROPERTY_INFRINGEMENTS,6244,2,4979,1263,5264,0,0,131,0,131,0.00032030749519538755,0.7974055092889174,0.20227418321588725,0.8430493273542601,0.0,0.0,0.020980140935297886,0.0,0.020980140935297886,True
2026-07-13,YouTube,STATEMENT_CATEGORY_NEGATIVE_EFFECTS_ON_CIVIC_DISCOURSE_OR_ELECTIONS,3840,1527,0,2313,13,0,0,0,0,0,0.39765625,0.0,0.60234375,0.0033854166666666668,0.0,0.0,0.0,0.0,0.0,True
2026-07-13,YouTube,STATEMENT_CATEGORY_OTHER_VIOLATION_TC,477631,408663,50487,18481,441496,0,0,9486,0,9486,0.855604012302384,0.10570293804212876,0.038693049655487186,0.9243453628428641,0.0,0.0,0.0198605199411261,0.0,0.0198605199411261,True
2026-07-13,YouTube,STATEMENT_CATEGORY_PROTECTION_OF_MINORS,24527,0,24527,0,24493,0,0,0,0,0,0.0,1.0,0.0,0.9986137725771599,0.0,0.0,0.0,0.0,0.0,True
2026-07-13,YouTube,STATEMENT_CATEGORY_RISK_FOR_PUBLIC_SECURITY,62,0,0,62,60,0,0,36,0,36,0.0,0.0,1.0,0.967741935483871,0.0,0.0,0.5806451612903226,0.0,0.5806451612903226,True
2026-07-13,YouTube,STATEMENT_CATEGORY_SCAMS_AND_FRAUD,180316,1241,0,179075,176049,0,0,4442,0,4442,0.006882362075467513,0.0,0.9931176379245324,0.9763359879322966,0.0,0.0,0.02463453049091595,0.0,0.02463453049091595,True
2026-07-13,YouTube,STATEMENT_CATEGORY_UNSAFE_AND_PROHIBITED_PRODUCTS,85625,77017,0,8608,22654,0,0,1,0,1,0.8994686131386861,0.0,0.10053138686131387,0.26457226277372264,0.0,0.0,1.1678832116788322e-05,0.0,1.1678832116788322e-05,True
2026-07-13,YouTube,STATEMENT_CATEGORY_VIOLENCE,465,185,0,280,465,0,0,0,0,0,0.3978494623655914,0.0,0.6021505376344086,1.0,0.0,0.0,0.0,0.0,0.0,True
2026-07-20,Instagram,STATEMENT_CATEGORY_CYBER_VIOLENCE,4869,0,642,4227,4862,7,0,0,0,7,0.0,0.13185459026494148,0.8681454097350585,0.9985623331279524,0.0014376668720476485,0.0,0.0,0.0,0.0014376668720476485,True
2026-07-20,Instagram,STATEMENT_CATEGORY_DATA_PROTECTION_AND_PRIVACY_VIOLATIONS,57190,0,56999,191,195,56995,0,0,0,56995,0.0,0.9966602552893863,0.0033397447106137436,0.00340968700821822,0.9965903129917818,0.0,0.0,0.0,0.9965903129917818,True
2026-07-20,Instagram,STATEMENT_CATEGORY_ILLEGAL_OR_HARMFUL_SPEECH,5913,0,4054,1859,5902,1,0,0,0,1,0.0,0.6856079824116353,0.3143920175883646,0.9981396922036191,0.00016911889058007779,0.0,0.0,0.0,0.00016911889058007779,True
2026-07-20,Instagram,STATEMENT_CATEGORY_INTELLECTUAL_PROPERTY_INFRINGEMENTS,17620,0,11623,5997,17072,548,0,0,0,548,0.0,0.6596481271282634,0.3403518728717367,0.9688989784335982,0.031101021566401817,0.0,0.0,0.0,0.031101021566401817,True
2026-07-20,Instagram,STATEMENT_CATEGORY_NEGATIVE_EFFECTS_ON_CIVIC_DISCOURSE_OR_ELECTIONS,766,0,765,1,1,0,0,0,0,0,0.0,0.9986945169712794,0.0013054830287206266,0.0013054830287206266,0.0,0.0,0.0,0.0,0.0,True
2026-07-20,Instagram,STATEMENT_CATEGORY_OTHER_VIOLATION_TC,1375620,0,1307747,67873,112033,1263587,0,0,0,1263587,0.0,0.9506600660066007,0.04933993399339934,0.08144182259635656,0.9185581774036434,0.0,0.0,0.0,0.9185581774036434,True
2026-07-20,Instagram,STATEMENT_CATEGORY_PROTECTION_OF_MINORS,41631,0,31805,9826,25211,16420,0,0,0,16420,0.0,0.7639739617112248,0.2360260382887752,0.6055823785160097,0.3944176214839903,0.0,0.0,0.0,0.3944176214839903,True
2026-07-20,Instagram,STATEMENT_CATEGORY_RISK_FOR_PUBLIC_SECURITY,15611,0,13632,1979,14888,723,0,0,0,723,0.0,0.8732304144513484,0.1267695855486516,0.9536865031067837,0.04631349689321632,0.0,0.0,0.0,0.04631349689321632,True
2026-07-20,Instagram,STATEMENT_CATEGORY_SCAMS_AND_FRAUD,332293,0,326652,5641,53918,278339,0,0,0,278339,0.0,0.9830240179600533,0.016975982039946675,0.16226041475444863,0.8376312471222686,0.0,0.0,0.0,0.8376312471222686,True
2026-07-20,Instagram,STATEMENT_CATEGORY_SELF_HARM,5200,0,4631,569,5187,13,0,0,0,13,0.0,0.890576923076923,0.10942307692307693,0.9975,0.0025,0.0,0.0,0.0,0.0025,True
2026-07-20,Instagram,STATEMENT_CATEGORY_UNSAFE_AND_PROHIBITED_PRODUCTS,6273,0,5465,808,5828,445,0,0,0,445,0.0,0.8711940060577076,0.12880599394229236,0.9290610553164356,0.07093894468356449,0.0,0.0,0.0,0.07093894468356449,True
2026-07-20,Instagram,STATEMENT_CATEGORY_VIOLENCE,7256,0,4519,2737,5474,1782,0,0,0,1782,0.0,0.6227949283351709,0.3772050716648291,0.7544101433296582,0.24558985667034178,0.0,0.0,0.0,0.24558985667034178,True
2026-07-20,LinkedIn,STATEMENT_CATEGORY_CONSUMER_INFORMATION,1,0,0,1,1,0,0,0,0,0,0.0,0.0,1.0,1.0,0.0,0.0,0.0,0.0,0.0,True
2026-07-20,LinkedIn,STATEMENT_CATEGORY_CYBER_VIOLENCE,777,14,0,763,777,0,0,0,0,0,0.018018018018018018,0.0,0.9819819819819819,1.0,0.0,0.0,0.0,0.0,0.0,True
2026-07-20,LinkedIn,STATEMENT_CATEGORY_ILLEGAL_OR_HARMFUL_SPEECH,562,6,0,556,559,0,0,3,0,3,0.010676156583629894,0.0,0.9893238434163701,0.994661921708185,0.0,0.0,0.005338078291814947,0.0,0.005338078291814947,True
2026-07-20,LinkedIn,STATEMENT_CATEGORY_INTELLECTUAL_PROPERTY_INFRINGEMENTS,3,0,0,3,3,0,0,0,0,0,0.0,0.0,1.0,1.0,0.0,0.0,0.0,0.0,0.0,True
2026-07-20,LinkedIn,STATEMENT_CATEGORY_NEGATIVE_EFFECTS_ON_CIVIC_DISCOURSE_OR_ELECTIONS,43,6,0,37,25,0,0,0,0,0,0.13953488372093023,0.0,0.8604651162790697,0.5813953488372093,0.0,0.0,0.0,0.0,0.0,True
2026-07-20,LinkedIn,STATEMENT_CATEGORY_OTHER_VIOLATION_TC,4040,1953,0,2087,3151,0,19,1,0,20,0.4834158415841584,0.0,0.5165841584158416,0.779950495049505,0.0,0.004702970297029703,0.00024752475247524753,0.0,0.0049504950495049506,True
2026-07-20,LinkedIn,STATEMENT_CATEGORY_SCAMS_AND_FRAUD,185,1,0,184,185,0,0,0,0,0,0.005405405405405406,0.0,0.9945945945945946,1.0,0.0,0.0,0.0,0.0,0.0,True
2026-07-20,LinkedIn,STATEMENT_CATEGORY_SELF_HARM,2,0,0,2,2,0,0,0,0,0,0.0,0.0,1.0,1.0,0.0,0.0,0.0,0.0,0.0,True
2026-07-20,LinkedIn,STATEMENT_CATEGORY_UNSAFE_AND_PROHIBITED_PRODUCTS,840,342,0,498,840,0,0,0,0,0,0.40714285714285714,0.0,0.5928571428571429,1.0,0.0,0.0,0.0,0.0,0.0,True
2026-07-20,LinkedIn,STATEMENT_CATEGORY_VIOLENCE,105,2,0,103,105,0,0,0,0,0,0.01904761904761905,0.0,0.9809523809523809,1.0,0.0,0.0,0.0,0.0,0.0,True
2026-07-20,Roblox,STATEMENT_CATEGORY_CONSUMER_INFORMATION,3,0,0,3,3,0,0,0,0,0,0.0,0.0,1.0,1.0,0.0,0.0,0.0,0.0,0.0,True
2026-07-20,Roblox,STATEMENT_CATEGORY_CYBER_VIOLENCE,57461,47105,0,10356,2412,283,25882,0,0,26165,0.8197734115312995,0.0,0.18022658846870052,0.041976296966638245,0.004925079619219993,0.4504272463061903,0.0,0.0,0.45535232592541025,True
2026-07-20,Roblox,STATEMENT_CATEGORY_DATA_PROTECTION_AND_PRIVACY_VIOLATIONS,36270,35624,0,646,28206,31,791,0,0,822,0.9821891370278467,0.0,0.017810862972153296,0.777667493796526,0.0008547008547008547,0.02180865729252826,0.0,0.0,0.022663358147229116,True
2026-07-20,Roblox,STATEMENT_CATEGORY_ILLEGAL_OR_HARMFUL_SPEECH,37452,32765,0,4687,11548,1112,13544,0,0,14656,0.8748531453593934,0.0,0.12514685464060665,0.3083413435864573,0.029691338246288584,0.3616362277047955,0.0,0.0,0.39132756595108403,True
2026-07-20,Roblox,STATEMENT_CATEGORY_INTELLECTUAL_PROPERTY_INFRINGEMENTS,258,136,0,122,5,45,46,0,0,91,0.5271317829457365,0.0,0.4728682170542636,0.01937984496124031,0.1744186046511628,0.17829457364341086,0.0,0.0,0.35271317829457366,True
2026-07-20,Roblox,STATEMENT_CATEGORY_NEGATIVE_EFFECTS_ON_CIVIC_DISCOURSE_OR_ELECTIONS,613,576,0,37,520,1,13,0,0,14,0.9396411092985318,0.0,0.06035889070146819,0.8482871125611745,0.0016313213703099511,0.021207177814029365,0.0,0.0,0.022838499184339316,True
2026-07-20,Roblox,STATEMENT_CATEGORY_OTHER_VIOLATION_TC,830344,820519,0,9825,180302,584272,36925,0,0,621197,0.9881675546520479,0.0,0.011832445347952174,0.21714132937674024,0.703650535199869,0.04446952106596784,0.0,0.0,0.7481200562658368,True
2026-07-20,Roblox,STATEMENT_CATEGORY_PROTECTION_OF_MINORS,2413,1416,0,997,113,2023,83,0,0,2106,0.5868213841690841,0.0,0.41317861583091586,0.04682967260671363,0.8383754662246167,0.03439701616245338,0.0,0.0,0.8727724823870701,True
2026-07-20,Roblox,STATEMENT_CATEGORY_RISK_FOR_PUBLIC_SECURITY,1200,827,0,373,235,189,395,0,0,584,0.6891666666666667,0.0,0.31083333333333335,0.19583333333333333,0.1575,0.32916666666666666,0.0,0.0,0.4866666666666667,True
2026-07-20,Roblox,STATEMENT_CATEGORY_SCAMS_AND_FRAUD,28034,26317,0,1717,7211,475,3003,0,0,3478,0.9387529428551045,0.0,0.061247057144895485,0.2572233716201755,0.016943711207819078,0.1071199258043804,0.0,0.0,0.12406363701219947,True
2026-07-20,Roblox,STATEMENT_CATEGORY_SELF_HARM,657,243,0,414,404,0,0,0,0,0,0.3698630136986301,0.0,0.6301369863013698,0.6149162861491628,0.0,0.0,0.0,0.0,0.0,True
2026-07-20,Roblox,STATEMENT_CATEGORY_UNSAFE_AND_PROHIBITED_PRODUCTS,9215,8671,0,544,7446,14,387,0,0,401,0.9409658166033641,0.0,0.05903418339663592,0.8080303852414541,0.001519262072707542,0.041996744438415626,0.0,0.0,0.04351600651112317,True
2026-07-20,Roblox,STATEMENT_CATEGORY_VIOLENCE,12483,7541,0,4942,1850,1107,1854,0,0,2961,0.604101578146279,0.0,0.39589842185372104,0.14820155411359448,0.08868060562364816,0.14852198990627252,0.0,0.0,0.23720259552992068,True
2026-07-20,Snapchat,STATEMENT_CATEGORY_CYBER_VIOLENCE,8407,843,0,7564,7199,0,1208,0,0,1208,0.10027358153919352,0.0,0.8997264184608065,0.8563102176757464,0.0,0.14368978232425358,0.0,0.0,0.14368978232425358,True
2026-07-20,Snapchat,STATEMENT_CATEGORY_DATA_PROTECTION_AND_PRIVACY_VIOLATIONS,3,0,0,3,3,0,0,0,0,0,0.0,0.0,1.0,1.0,0.0,0.0,0.0,0.0,0.0,True
2026-07-20,Snapchat,STATEMENT_CATEGORY_ILLEGAL_OR_HARMFUL_SPEECH,1940,41,0,1899,1882,0,58,0,0,58,0.021134020618556702,0.0,0.9788659793814433,0.9701030927835051,0.0,0.029896907216494847,0.0,0.0,0.029896907216494847,True
2026-07-20,Snapchat,STATEMENT_CATEGORY_INTELLECTUAL_PROPERTY_INFRINGEMENTS,79,0,0,79,79,0,0,0,0,0,0.0,0.0,1.0,1.0,0.0,0.0,0.0,0.0,0.0,True
2026-07-20,Snapchat,STATEMENT_CATEGORY_OTHER_VIOLATION_TC,58819,19247,0,39572,32933,0,12036,0,0,12036,0.3272241962631123,0.0,0.6727758037368877,0.5599041126166715,0.0,0.20462775633723795,0.0,0.0,0.20462775633723795,True
2026-07-20,Snapchat,STATEMENT_CATEGORY_PROTECTION_OF_MINORS,2794,1268,0,1526,684,0,2110,0,0,2110,0.45382963493199713,0.0,0.5461703650680029,0.2448103078024338,0.0,0.7551896921975663,0.0,0.0,0.7551896921975663,True
2026-07-20,Snapchat,STATEMENT_CATEGORY_RISK_FOR_PUBLIC_SECURITY,248,2,0,246,241,0,7,0,0,7,0.008064516129032258,0.0,0.9919354838709677,0.9717741935483871,0.0,0.028225806451612902,0.0,0.0,0.028225806451612902,True
2026-07-20,Snapchat,STATEMENT_CATEGORY_SCAMS_AND_FRAUD,4735,157,0,4578,4172,0,563,0,0,563,0.03315733896515311,0.0,0.9668426610348468,0.8810982048574446,0.0,0.11890179514255544,0.0,0.0,0.11890179514255544,True
2026-07-20,Snapchat,STATEMENT_CATEGORY_SELF_HARM,64,11,0,53,58,0,6,0,0,6,0.171875,0.0,0.828125,0.90625,0.0,0.09375,0.0,0.0,0.09375,True
2026-07-20,Snapchat,STATEMENT_CATEGORY_UNSAFE_AND_PROHIBITED_PRODUCTS,18312,5662,0,12650,11874,0,6438,0,0,6438,0.30919615552643076,0.0,0.6908038444735692,0.648427260812582,0.0,0.3515727391874181,0.0,0.0,0.3515727391874181,True
2026-07-20,Snapchat,STATEMENT_CATEGORY_VIOLENCE,1757,77,0,1680,1599,0,158,0,0,158,0.043824701195219126,0.0,0.9561752988047809,0.9100739897552647,0.0,0.08992601024473534,0.0,0.0,0.08992601024473534,True
2026-07-20,TikTok,STATEMENT_CATEGORY_ANIMAL_WELFARE,3487,3066,0,421,2346,0,0,0,0,0,0.8792658445655291,0.0,0.12073415543447089,0.6727846286205907,0.0,0.0,0.0,0.0,0.0,True
2026-07-20,TikTok,STATEMENT_CATEGORY_CYBER_VIOLENCE,401,1,0,400,111,0,0,0,0,0,0.0024937655860349127,0.0,0.9975062344139651,0.27680798004987534,0.0,0.0,0.0,0.0,0.0,True
2026-07-20,TikTok,STATEMENT_CATEGORY_DATA_PROTECTION_AND_PRIVACY_VIOLATIONS,29674,28985,0,689,29041,0,0,0,0,0,0.9767810204219182,0.0,0.023218979578081823,0.9786681943789176,0.0,0.0,0.0,0.0,0.0,True
2026-07-20,TikTok,STATEMENT_CATEGORY_ILLEGAL_OR_HARMFUL_SPEECH,976785,793100,0,183685,852146,0,0,0,0,0,0.8119494054474629,0.0,0.18805059455253714,0.8723987366718366,0.0,0.0,0.0,0.0,0.0,True
2026-07-20,TikTok,STATEMENT_CATEGORY_INTELLECTUAL_PROPERTY_INFRINGEMENTS,4547,1860,0,2687,0,0,0,0,0,0,0.40906091928744226,0.0,0.5909390807125577,0.0,0.0,0.0,0.0,0.0,0.0,True
2026-07-20,TikTok,STATEMENT_CATEGORY_NEGATIVE_EFFECTS_ON_CIVIC_DISCOURSE_OR_ELECTIONS,107677,107045,0,632,55108,0,0,0,0,0,0.9941305942773294,0.0,0.00586940572267058,0.5117898901343834,0.0,0.0,0.0,0.0,0.0,True
2026-07-20,TikTok,STATEMENT_CATEGORY_OTHER_VIOLATION_TC,5052428,4861929,0,190499,2070626,0,0,0,0,0,0.9622955537416862,0.0,0.037704446258313824,0.40982790848281264,0.0,0.0,0.0,0.0,0.0,True
2026-07-20,TikTok,STATEMENT_CATEGORY_PROTECTION_OF_MINORS,33370,28932,0,4438,10611,0,0,0,0,0,0.8670062930776147,0.0,0.13299370692238538,0.3179802217560683,0.0,0.0,0.0,0.0,0.0,True
2026-07-20,TikTok,STATEMENT_CATEGORY_RISK_FOR_PUBLIC_SECURITY,7105,0,0,7105,3341,0,0,0,0,0,0.0,0.0,1.0,0.47023223082336385,0.0,0.0,0.0,0.0,0.0,True
2026-07-20,TikTok,STATEMENT_CATEGORY_SCAMS_AND_FRAUD,704151,702883,0,1268,550162,0,0,0,0,0,0.998199249876802,0.0,0.0018007501231980072,0.7813125309770206,0.0,0.0,0.0,0.0,0.0,True
2026-07-20,TikTok,STATEMENT_CATEGORY_SELF_HARM,155892,153032,0,2860,63963,0,0,0,0,0,0.9816539655659046,0.0,0.0183460344340954,0.4103032868909245,0.0,0.0,0.0,0.0,0.0,True
2026-07-20,TikTok,STATEMENT_CATEGORY_UNSAFE_AND_PROHIBITED_PRODUCTS,78,0,0,78,0,0,0,0,0,0,0.0,0.0,1.0,0.0,0.0,0.0,0.0,0.0,0.0,True
2026-07-20,TikTok,STATEMENT_CATEGORY_VIOLENCE,2790740,2779099,0,11641,302741,0,0,0,0,0,0.9958287049313086,0.0,0.004171295068691458,0.10848054637837992,0.0,0.0,0.0,0.0,0.0,True
2026-07-20,X,STATEMENT_CATEGORY_ANIMAL_WELFARE,1,0,0,1,0,0,1,0,0,1,0.0,0.0,1.0,0.0,0.0,1.0,0.0,0.0,1.0,True
2026-07-20,X,STATEMENT_CATEGORY_CYBER_VIOLENCE,939,78,0,861,0,0,2,0,0,2,0.08306709265175719,0.0,0.9169329073482428,0.0,0.0,0.002129925452609159,0.0,0.0,0.002129925452609159,True
2026-07-20,X,STATEMENT_CATEGORY_DATA_PROTECTION_AND_PRIVACY_VIOLATIONS,17,0,0,17,0,0,1,0,0,1,0.0,0.0,1.0,0.0,0.0,0.058823529411764705,0.0,0.0,0.058823529411764705,True
2026-07-20,X,STATEMENT_CATEGORY_INTELLECTUAL_PROPERTY_INFRINGEMENTS,404,248,0,156,0,0,201,0,0,201,0.6138613861386139,0.0,0.38613861386138615,0.0,0.0,0.4975247524752475,0.0,0.0,0.4975247524752475,True
2026-07-20,X,STATEMENT_CATEGORY_OTHER_VIOLATION_TC,5095,3731,0,1364,0,3,8,3,0,11,0.7322865554465162,0.0,0.2677134445534838,0.0,0.0005888125613346418,0.0015701668302257115,0.0005888125613346418,0.0,0.0021589793915603533,True
2026-07-20,X,STATEMENT_CATEGORY_PROTECTION_OF_MINORS,26515,23770,0,2745,0,0,26503,0,0,26503,0.896473694135395,0.0,0.10352630586460494,0.0,0.0,0.9995474259852913,0.0,0.0,0.9995474259852913,True
2026-07-20,X,STATEMENT_CATEGORY_SCAMS_AND_FRAUD,40588,39221,0,1367,0,0,39166,0,0,39166,0.9663200946092441,0.0,0.03367990539075589,0.0,0.0,0.9649650142899379,0.0,0.0,0.9649650142899379,True
2026-07-20,X,STATEMENT_CATEGORY_SELF_HARM,1110,752,0,358,0,0,53,0,0,53,0.6774774774774774,0.0,0.3225225225225225,0.0,0.0,0.047747747747747746,0.0,0.0,0.047747747747747746,True
2026-07-20,X,STATEMENT_CATEGORY_UNSAFE_AND_PROHIBITED_PRODUCTS,1233,0,0,1233,0,0,1233,0,0,1233,0.0,0.0,1.0,0.0,0.0,1.0,0.0,0.0,1.0,True
2026-07-20,X,STATEMENT_CATEGORY_VIOLENCE,1819,1425,0,394,0,0,42,0,0,42,0.7833974711379879,0.0,0.2166025288620121,0.0,0.0,0.02308960967564596,0.0,0.0,0.02308960967564596,True
2026-07-20,YouTube,STATEMENT_CATEGORY_ANIMAL_WELFARE,2,0,0,2,2,0,0,0,0,0,0.0,0.0,1.0,1.0,0.0,0.0,0.0,0.0,0.0,True
2026-07-20,YouTube,STATEMENT_CATEGORY_CONSUMER_INFORMATION,54971,33655,0,21316,53431,0,0,1536,0,1536,0.6122319040948864,0.0,0.38776809590511363,0.9719852285750669,0.0,0.0,0.027942005784868384,0.0,0.027942005784868384,True
2026-07-20,YouTube,STATEMENT_CATEGORY_CYBER_VIOLENCE,31,0,0,31,20,0,0,0,0,0,0.0,0.0,1.0,0.6451612903225806,0.0,0.0,0.0,0.0,0.0,True
2026-07-20,YouTube,STATEMENT_CATEGORY_DATA_PROTECTION_AND_PRIVACY_VIOLATIONS,2457,0,1872,585,2322,0,0,39,0,39,0.0,0.7619047619047619,0.23809523809523808,0.945054945054945,0.0,0.0,0.015873015873015872,0.0,0.015873015873015872,True
2026-07-20,YouTube,STATEMENT_CATEGORY_ILLEGAL_OR_HARMFUL_SPEECH,672,3,600,69,606,0,0,52,0,52,0.004464285714285714,0.8928571428571429,0.10267857142857142,0.9017857142857143,0.0,0.0,0.07738095238095238,0.0,0.07738095238095238,True
2026-07-20,YouTube,STATEMENT_CATEGORY_INTELLECTUAL_PROPERTY_INFRINGEMENTS,5804,3,5276,525,5487,0,0,94,0,94,0.0005168849069607167,0.9090282563749138,0.09045485871812543,0.9453824948311509,0.0,0.0,0.016195727084769126,0.0,0.016195727084769126,True
2026-07-20,YouTube,STATEMENT_CATEGORY_NEGATIVE_EFFECTS_ON_CIVIC_DISCOURSE_OR_ELECTIONS,3549,1250,0,2299,69,0,0,0,0,0,0.3522118906734291,0.0,0.6477881093265708,0.01944209636517329,0.0,0.0,0.0,0.0,0.0,True
2026-07-20,YouTube,STATEMENT_CATEGORY_OTHER_VIOLATION_TC,499298,431064,51415,16819,464678,0,0,8673,0,8673,0.8633401295418768,0.1029745763051324,0.0336852941529908,0.930662650361107,0.0,0.0,0.0173703880247868,0.0,0.0173703880247868,True
2026-07-20,YouTube,STATEMENT_CATEGORY_PROTECTION_OF_MINORS,25715,189,25524,2,25688,0,0,1,0,1,0.007349795839004472,0.9925724285436516,7.777561734396267e-05,0.9989500291658565,0.0,0.0,3.8887808671981336e-05,0.0,3.8887808671981336e-05,True
2026-07-20,YouTube,STATEMENT_CATEGORY_RISK_FOR_PUBLIC_SECURITY,53,0,0,53,53,0,0,22,0,22,0.0,0.0,1.0,1.0,0.0,0.0,0.41509433962264153,0.0,0.41509433962264153,True
2026-07-20,YouTube,STATEMENT_CATEGORY_SCAMS_AND_FRAUD,204486,822,0,203664,199239,0,0,5299,0,5299,0.004019835098735366,0.0,0.9959801649012646,0.9743405416507731,0.0,0.0,0.025913754486859737,0.0,0.025913754486859737,True
2026-07-20,YouTube,STATEMENT_CATEGORY_UNSAFE_AND_PROHIBITED_PRODUCTS,97503,88575,0,8928,34227,0,0,0,0,0,0.9084335866588721,0.0,0.09156641334112796,0.35103535275837666,0.0,0.0,0.0,0.0,0.0,True
2026-07-20,YouTube,STATEMENT_CATEGORY_VIOLENCE,749,421,0,328,749,0,0,0,0,0,0.562082777036048,0.0,0.4379172229639519,1.0,0.0,0.0,0.0,0.0,0.0,True
2026-07-27,Instagram,STATEMENT_CATEGORY_CYBER_VIOLENCE,4501,0,585,3916,4496,5,0,0,0,5,0.0,0.1299711175294379,0.8700288824705621,0.9988891357476116,0.001110864252388358,0.0,0.0,0.0,0.001110864252388358,True
2026-07-27,Instagram,STATEMENT_CATEGORY_DATA_PROTECTION_AND_PRIVACY_VIOLATIONS,53358,0,53157,201,220,53138,0,0,0,53138,0.0,0.9962329922410885,0.0037670077589115033,0.004123093069455377,0.9958769069305446,0.0,0.0,0.0,0.9958769069305446,True
2026-07-27,Instagram,STATEMENT_CATEGORY_ILLEGAL_OR_HARMFUL_SPEECH,5416,0,4070,1346,5411,0,1,0,0,1,0.0,0.7514771048744461,0.24852289512555392,0.9990768094534712,0.0,0.00018463810930576072,0.0,0.0,0.00018463810930576072,True
2026-07-27,Instagram,STATEMENT_CATEGORY_INTELLECTUAL_PROPERTY_INFRINGEMENTS,13718,0,8707,5011,13026,692,0,0,0,692,0.0,0.6347135150896632,0.3652864849103368,0.9495553287651262,0.05044467123487389,0.0,0.0,0.0,0.05044467123487389,True
2026-07-27,Instagram,STATEMENT_CATEGORY_NEGATIVE_EFFECTS_ON_CIVIC_DISCOURSE_OR_ELECTIONS,780,0,779,1,1,0,0,0,0,0,0.0,0.9987179487179487,0.001282051282051282,0.001282051282051282,0.0,0.0,0.0,0.0,0.0,True
2026-07-27,Instagram,STATEMENT_CATEGORY_OTHER_VIOLATION_TC,1372442,0,1295096,77346,135040,1237402,0,0,0,1237402,0.0,0.9436435200904665,0.05635647990953352,0.09839395763172505,0.9016060423682749,0.0,0.0,0.0,0.9016060423682749,True
2026-07-27,Instagram,STATEMENT_CATEGORY_PROTECTION_OF_MINORS,48881,0,39273,9608,24684,24197,0,0,0,24197,0.0,0.8034410097993085,0.19655899020069148,0.5049814856488206,0.4950185143511794,0.0,0.0,0.0,0.4950185143511794,True
2026-07-27,Instagram,STATEMENT_CATEGORY_RISK_FOR_PUBLIC_SECURITY,21713,0,19432,2281,20755,958,0,0,0,958,0.0,0.894947727168056,0.105052272831944,0.9558789665177544,0.04412103348224566,0.0,0.0,0.0,0.04412103348224566,True
2026-07-27,Instagram,STATEMENT_CATEGORY_SCAMS_AND_FRAUD,353122,0,348001,5121,49441,303628,0,0,0,303628,0.0,0.9854979298939177,0.014502070106082317,0.14001110097926495,0.8598388092500608,0.0,0.0,0.0,0.8598388092500608,True
2026-07-27,Instagram,STATEMENT_CATEGORY_SELF_HARM,5662,0,4810,852,5648,14,0,0,0,14,0.0,0.8495231367008125,0.15047686329918758,0.9975273754856941,0.002472624514305899,0.0,0.0,0.0,0.002472624514305899,True
2026-07-27,Instagram,STATEMENT_CATEGORY_UNSAFE_AND_PROHIBITED_PRODUCTS,6298,0,5415,883,5940,353,0,0,0,353,0.0,0.8597967608764687,0.14020323912353128,0.9431565576373452,0.05604953953636075,0.0,0.0,0.0,0.05604953953636075,True
2026-07-27,Instagram,STATEMENT_CATEGORY_VIOLENCE,7362,0,4484,2878,5583,1779,0,0,0,1779,0.0,0.6090736212985601,0.3909263787014398,0.7583537082314589,0.24164629176854116,0.0,0.0,0.0,0.24164629176854116,True
2026-07-27,LinkedIn,STATEMENT_CATEGORY_CYBER_VIOLENCE,592,11,0,581,592,0,0,0,0,0,0.018581081081081082,0.0,0.981418918918919,1.0,0.0,0.0,0.0,0.0,0.0,True
2026-07-27,LinkedIn,STATEMENT_CATEGORY_ILLEGAL_OR_HARMFUL_SPEECH,518,10,0,508,518,0,0,0,0,0,0.019305019305019305,0.0,0.9806949806949807,1.0,0.0,0.0,0.0,0.0,0.0,True
2026-07-27,LinkedIn,STATEMENT_CATEGORY_INTELLECTUAL_PROPERTY_INFRINGEMENTS,5,0,0,5,5,0,0,0,0,0,0.0,0.0,1.0,1.0,0.0,0.0,0.0,0.0,0.0,True
2026-07-27,LinkedIn,STATEMENT_CATEGORY_NEGATIVE_EFFECTS_ON_CIVIC_DISCOURSE_OR_ELECTIONS,69,12,0,57,50,0,0,0,0,0,0.17391304347826086,0.0,0.8260869565217391,0.7246376811594203,0.0,0.0,0.0,0.0,0.0,True
2026-07-27,LinkedIn,STATEMENT_CATEGORY_OTHER_VIOLATION_TC,4095,1934,0,2161,3258,0,20,6,0,26,0.47228327228327227,0.0,0.5277167277167277,0.7956043956043956,0.0,0.004884004884004884,0.0014652014652014652,0.0,0.006349206349206349,True
2026-07-27,LinkedIn,STATEMENT_CATEGORY_SCAMS_AND_FRAUD,188,0,0,188,188,0,0,0,0,0,0.0,0.0,1.0,1.0,0.0,0.0,0.0,0.0,0.0,True
2026-07-27,LinkedIn,STATEMENT_CATEGORY_SELF_HARM,1,0,0,1,1,0,0,0,0,0,0.0,0.0,1.0,1.0,0.0,0.0,0.0,0.0,0.0,True
2026-07-27,LinkedIn,STATEMENT_CATEGORY_UNSAFE_AND_PROHIBITED_PRODUCTS,696,362,0,334,696,0,0,0,0,0,0.5201149425287356,0.0,0.47988505747126436,1.0,0.0,0.0,0.0,0.0,0.0,True
2026-07-27,LinkedIn,STATEMENT_CATEGORY_VIOLENCE,74,2,0,72,74,0,0,0,0,0,0.02702702702702703,0.0,0.972972972972973,1.0,0.0,0.0,0.0,0.0,0.0,True
2026-07-27,Roblox,STATEMENT_CATEGORY_CONSUMER_INFORMATION,15,0,0,15,13,0,0,0,0,0,0.0,0.0,1.0,0.8666666666666667,0.0,0.0,0.0,0.0,0.0,True
2026-07-27,Roblox,STATEMENT_CATEGORY_CYBER_VIOLENCE,54358,44147,0,10211,2541,272,25688,0,0,25960,0.8121527650023915,0.0,0.18784723499760844,0.04674564921446705,0.005003863276794584,0.47257073475845324,0.0,0.0,0.4775745980352478,True
2026-07-27,Roblox,STATEMENT_CATEGORY_DATA_PROTECTION_AND_PRIVACY_VIOLATIONS,202271,201647,0,624,194319,29,770,0,0,799,0.9969150298362098,0.0,0.0030849701637901627,0.9606864058614433,0.00014337201081717103,0.0038067740803179894,0.0,0.0,0.00395014609113516,True
2026-07-27,Roblox,STATEMENT_CATEGORY_ILLEGAL_OR_HARMFUL_SPEECH,27955,23887,0,4068,6750,1539,12011,0,0,13550,0.8544804149526024,0.0,0.1455195850473976,0.2414594884636022,0.05505276336970131,0.4296548023609372,0.0,0.0,0.4847075657306385,True
2026-07-27,Roblox,STATEMENT_CATEGORY_INTELLECTUAL_PROPERTY_INFRINGEMENTS,378,92,0,286,148,30,43,0,0,73,0.24338624338624337,0.0,0.7566137566137566,0.3915343915343915,0.07936507936507936,0.11375661375661375,0.0,0.0,0.1931216931216931,True
2026-07-27,Roblox,STATEMENT_CATEGORY_NEGATIVE_EFFECTS_ON_CIVIC_DISCOURSE_OR_ELECTIONS,496,455,0,41,379,3,7,0,0,10,0.9173387096774194,0.0,0.08266129032258064,0.7641129032258065,0.006048387096774193,0.014112903225806451,0.0,0.0,0.020161290322580645,True
2026-07-27,Roblox,STATEMENT_CATEGORY_OTHER_VIOLATION_TC,806565,795280,0,11285,483863,262196,33792,0,0,295988,0.9860085671954523,0.0,0.01399143280454768,0.5999057732482813,0.32507733412682177,0.04189618939577096,0.0,0.0,0.3669735235225927,True
2026-07-27,Roblox,STATEMENT_CATEGORY_PROTECTION_OF_MINORS,3930,2458,0,1472,682,2391,153,0,0,2544,0.6254452926208651,0.0,0.3745547073791349,0.17353689567430025,0.6083969465648855,0.038931297709923665,0.0,0.0,0.6473282442748092,True
2026-07-27,Roblox,STATEMENT_CATEGORY_RISK_FOR_PUBLIC_SECURITY,2119,1856,0,263,92,758,480,0,0,1238,0.8758848513449741,0.0,0.12411514865502596,0.04341670599339311,0.3577159037281737,0.22652194431335534,0.0,0.0,0.584237848041529,True
2026-07-27,Roblox,STATEMENT_CATEGORY_SCAMS_AND_FRAUD,30118,27995,0,2123,5815,714,5337,0,0,6051,0.9295105916727538,0.0,0.07048940832724616,0.1930739092901255,0.023706753436483166,0.17720300152732585,0.0,0.0,0.20090975496380903,True
2026-07-27,Roblox,STATEMENT_CATEGORY_SELF_HARM,1057,236,0,821,806,0,0,0,0,0,0.22327341532639547,0.0,0.7767265846736046,0.7625354777672658,0.0,0.0,0.0,0.0,0.0,True
2026-07-27,Roblox,STATEMENT_CATEGORY_UNSAFE_AND_PROHIBITED_PRODUCTS,9530,8897,0,633,7642,11,287,0,0,298,0.9335781741867786,0.0,0.06642182581322141,0.8018887722980063,0.001154249737670514,0.03011542497376705,0.0,0.0,0.031269674711437566,True
2026-07-27,Roblox,STATEMENT_CATEGORY_VIOLENCE,5314,4633,0,681,1763,45,491,0,0,536,0.8718479488144524,0.0,0.12815205118554762,0.33176514866390666,0.008468197214904027,0.09239744072261949,0.0,0.0,0.10086563793752353,True
2026-07-27,Snapchat,STATEMENT_CATEGORY_CYBER_VIOLENCE,7837,750,0,7087,6669,0,1168,0,0,1168,0.0956998851601378,0.0,0.9043001148398622,0.8509633788439454,0.0,0.14903662115605462,0.0,0.0,0.14903662115605462,True
2026-07-27,Snapchat,STATEMENT_CATEGORY_ILLEGAL_OR_HARMFUL_SPEECH,1905,34,0,1871,1865,0,40,0,0,40,0.01784776902887139,0.0,0.9821522309711286,0.979002624671916,0.0,0.02099737532808399,0.0,0.0,0.02099737532808399,True
2026-07-27,Snapchat,STATEMENT_CATEGORY_INTELLECTUAL_PROPERTY_INFRINGEMENTS,278,0,0,278,277,0,1,0,0,1,0.0,0.0,1.0,0.9964028776978417,0.0,0.0035971223021582736,0.0,0.0,0.0035971223021582736,True
2026-07-27,Snapchat,STATEMENT_CATEGORY_OTHER_VIOLATION_TC,54762,18391,0,36371,32192,0,9143,0,0,9143,0.335835068112925,0.0,0.6641649318870749,0.5878528906906249,0.0,0.1669588400715825,0.0,0.0,0.1669588400715825,True
2026-07-27,Snapchat,STATEMENT_CATEGORY_PROTECTION_OF_MINORS,2892,1254,0,1638,719,0,2173,0,0,2173,0.4336099585062241,0.0,0.5663900414937759,0.24861687413554634,0.0,0.7513831258644537,0.0,0.0,0.7513831258644537,True
2026-07-27,Snapchat,STATEMENT_CATEGORY_RISK_FOR_PUBLIC_SECURITY,49,3,0,46,40,0,9,0,0,9,0.061224489795918366,0.0,0.9387755102040817,0.8163265306122449,0.0,0.1836734693877551,0.0,0.0,0.1836734693877551,True
2026-07-27,Snapchat,STATEMENT_CATEGORY_SCAMS_AND_FRAUD,4281,105,0,4176,3734,0,547,0,0,547,0.02452697967764541,0.0,0.9754730203223546,0.8722261153935996,0.0,0.12777388460640038,0.0,0.0,0.12777388460640038,True
2026-07-27,Snapchat,STATEMENT_CATEGORY_SELF_HARM,33,2,0,31,29,0,4,0,0,4,0.06060606060606061,0.0,0.9393939393939394,0.8787878787878788,0.0,0.12121212121212122,0.0,0.0,0.12121212121212122,True
2026-07-27,Snapchat,STATEMENT_CATEGORY_UNSAFE_AND_PROHIBITED_PRODUCTS,18245,5723,0,12522,11907,0,6338,0,0,6338,0.3136749794464237,0.0,0.6863250205535764,0.652617155385037,0.0,0.347382844614963,0.0,0.0,0.347382844614963,True
2026-07-27,Snapchat,STATEMENT_CATEGORY_VIOLENCE,1509,40,0,1469,1412,0,97,0,0,97,0.026507620941020542,0.0,0.9734923790589795,0.9357190192180251,0.0,0.06428098078197482,0.0,0.0,0.06428098078197482,True
2026-07-27,TikTok,STATEMENT_CATEGORY_ANIMAL_WELFARE,3684,3218,0,466,2483,0,0,0,0,0,0.8735070575461455,0.0,0.1264929424538545,0.6739956568946797,0.0,0.0,0.0,0.0,0.0,True
2026-07-27,TikTok,STATEMENT_CATEGORY_CYBER_VIOLENCE,385,0,0,385,85,0,0,0,0,0,0.0,0.0,1.0,0.22077922077922077,0.0,0.0,0.0,0.0,0.0,True
2026-07-27,TikTok,STATEMENT_CATEGORY_DATA_PROTECTION_AND_PRIVACY_VIOLATIONS,26934,26110,0,824,26270,0,0,0,0,0,0.9694066978540136,0.0,0.030593302145986486,0.9753471448726516,0.0,0.0,0.0,0.0,0.0,True
2026-07-27,TikTok,STATEMENT_CATEGORY_ILLEGAL_OR_HARMFUL_SPEECH,1125106,902029,0,223077,965959,0,0,0,0,0,0.8017280149603682,0.0,0.1982719850396318,0.8585493277966698,0.0,0.0,0.0,0.0,0.0,True
2026-07-27,TikTok,STATEMENT_CATEGORY_INTELLECTUAL_PROPERTY_INFRINGEMENTS,4194,1169,0,3025,0,0,0,0,0,0,0.2787315212207916,0.0,0.7212684787792084,0.0,0.0,0.0,0.0,0.0,0.0,True
2026-07-27,TikTok,STATEMENT_CATEGORY_NEGATIVE_EFFECTS_ON_CIVIC_DISCOURSE_OR_ELECTIONS,208140,207506,0,634,115705,0,0,0,0,0,0.9969539732872106,0.0,0.003046026712789469,0.555899875084078,0.0,0.0,0.0,0.0,0.0,True
2026-07-27,TikTok,STATEMENT_CATEGORY_OTHER_VIOLATION_TC,5070504,4858026,0,212478,2021423,0,0,0,0,0,0.958095289935675,0.0,0.04190471006432497,0.3986631309234743,0.0,0.0,0.0,0.0,0.0,True
2026-07-27,TikTok,STATEMENT_CATEGORY_PROTECTION_OF_MINORS,34071,25756,0,8315,15341,0,0,0,0,0,0.755950808605559,0.0,0.24404919139444103,0.4502656217897919,0.0,0.0,0.0,0.0,0.0,True
2026-07-27,TikTok,STATEMENT_CATEGORY_RISK_FOR_PUBLIC_SECURITY,13811,1,0,13810,6247,0,0,0,0,0,7.240605314604301e-05,0.0,0.9999275939468539,0.4523206140033307,0.0,0.0,0.0,0.0,0.0,True
2026-07-27,TikTok,STATEMENT_CATEGORY_SCAMS_AND_FRAUD,584997,583111,0,1886,441347,0,0,0,0,0,0.9967760518430009,0.0,0.003223948156999096,0.7544431851787274,0.0,0.0,0.0,0.0,0.0,True
2026-07-27,TikTok,STATEMENT_CATEGORY_SELF_HARM,159676,155434,0,4242,70768,0,0,0,0,0,0.9734337032490794,0.0,0.026566296750920614,0.44319747488664546,0.0,0.0,0.0,0.0,0.0,True
2026-07-27,TikTok,STATEMENT_CATEGORY_UNSAFE_AND_PROHIBITED_PRODUCTS,54,0,0,54,0,0,0,0,0,0,0.0,0.0,1.0,0.0,0.0,0.0,0.0,0.0,0.0,True
2026-07-27,TikTok,STATEMENT_CATEGORY_VIOLENCE,2786076,2773397,0,12679,314896,0,0,0,0,0,0.9954491550122825,0.0,0.004550844987717492,0.11302491389323191,0.0,0.0,0.0,0.0,0.0,True
2026-07-27,X,STATEMENT_CATEGORY_ANIMAL_WELFARE,1,0,0,1,0,0,1,0,0,1,0.0,0.0,1.0,0.0,0.0,1.0,0.0,0.0,1.0,True
2026-07-27,X,STATEMENT_CATEGORY_CYBER_VIOLENCE,824,126,0,698,0,0,4,0,0,4,0.1529126213592233,0.0,0.8470873786407767,0.0,0.0,0.0048543689320388345,0.0,0.0,0.0048543689320388345,True
2026-07-27,X,STATEMENT_CATEGORY_DATA_PROTECTION_AND_PRIVACY_VIOLATIONS,9,0,0,9,0,0,2,0,0,2,0.0,0.0,1.0,0.0,0.0,0.2222222222222222,0.0,0.0,0.2222222222222222,True
2026-07-27,X,STATEMENT_CATEGORY_INTELLECTUAL_PROPERTY_INFRINGEMENTS,368,228,0,140,0,0,185,0,0,185,0.6195652173913043,0.0,0.3804347826086957,0.0,0.0,0.5027173913043478,0.0,0.0,0.5027173913043478,True
2026-07-27,X,STATEMENT_CATEGORY_OTHER_VIOLATION_TC,4103,2860,0,1243,0,17,2,17,0,19,0.6970509383378016,0.0,0.30294906166219837,0.0,0.004143309773336583,0.0004874482086278333,0.004143309773336583,0.0,0.004630757981964416,True
2026-07-27,X,STATEMENT_CATEGORY_PROTECTION_OF_MINORS,33393,30560,0,2833,0,0,33386,0,0,33386,0.9151618602701165,0.0,0.08483813972988351,0.0,0.0,0.9997903752283412,0.0,0.0,0.9997903752283412,True
2026-07-27,X,STATEMENT_CATEGORY_RISK_FOR_PUBLIC_SECURITY,2,0,0,2,0,0,2,0,0,2,0.0,0.0,1.0,0.0,0.0,1.0,0.0,0.0,1.0,True
2026-07-27,X,STATEMENT_CATEGORY_SCAMS_AND_FRAUD,43065,41950,0,1115,0,0,42052,0,0,42052,0.9741089051433879,0.0,0.025891094856612097,0.0,0.0,0.9764774178567281,0.0,0.0,0.9764774178567281,True
2026-07-27,X,STATEMENT_CATEGORY_SELF_HARM,1045,640,0,405,0,0,32,0,0,32,0.6124401913875598,0.0,0.3875598086124402,0.0,0.0,0.03062200956937799,0.0,0.0,0.03062200956937799,True
2026-07-27,X,STATEMENT_CATEGORY_UNSAFE_AND_PROHIBITED_PRODUCTS,1112,0,0,1112,0,0,1112,0,0,1112,0.0,0.0,1.0,0.0,0.0,1.0,0.0,0.0,1.0,True
2026-07-27,X,STATEMENT_CATEGORY_VIOLENCE,1858,1462,0,396,0,0,44,0,0,44,0.7868675995694295,0.0,0.2131324004305705,0.0,0.0,0.023681377825618945,0.0,0.0,0.023681377825618945,True
2026-07-27,YouTube,STATEMENT_CATEGORY_ANIMAL_WELFARE,8,0,0,8,8,0,0,0,0,0,0.0,0.0,1.0,1.0,0.0,0.0,0.0,0.0,0.0,True
2026-07-27,YouTube,STATEMENT_CATEGORY_CONSUMER_INFORMATION,45007,22911,0,22096,43491,0,0,1497,0,1497,0.5090541471326683,0.0,0.4909458528673317,0.9663163507898771,0.0,0.0,0.033261492656697846,0.0,0.033261492656697846,True
2026-07-27,YouTube,STATEMENT_CATEGORY_CYBER_VIOLENCE,10,0,0,10,7,0,0,0,0,0,0.0,0.0,1.0,0.7,0.0,0.0,0.0,0.0,0.0,True
2026-07-27,YouTube,STATEMENT_CATEGORY_DATA_PROTECTION_AND_PRIVACY_VIOLATIONS,2084,0,1507,577,1932,0,0,34,0,34,0.0,0.7231285988483686,0.2768714011516315,0.927063339731286,0.0,0.0,0.016314779270633396,0.0,0.016314779270633396,True
2026-07-27,YouTube,STATEMENT_CATEGORY_ILLEGAL_OR_HARMFUL_SPEECH,527,6,444,77,455,0,0,35,0,35,0.011385199240986717,0.8425047438330171,0.1461100569259962,0.8633776091081594,0.0,0.0,0.06641366223908918,0.0,0.06641366223908918,True
2026-07-27,YouTube,STATEMENT_CATEGORY_INTELLECTUAL_PROPERTY_INFRINGEMENTS,4945,3,4347,595,4569,0,0,72,0,72,0.0006066734074823053,0.8790697674418605,0.12032355915065723,0.9239635995955511,0.0,0.0,0.014560161779575328,0.0,0.014560161779575328,True
2026-07-27,YouTube,STATEMENT_CATEGORY_NEGATIVE_EFFECTS_ON_CIVIC_DISCOURSE_OR_ELECTIONS,3913,1074,0,2839,42,0,0,0,0,0,0.27446971633018147,0.0,0.7255302836698185,0.01073345259391771,0.0,0.0,0.0,0.0,0.0,True
2026-07-27,YouTube,STATEMENT_CATEGORY_OTHER_VIOLATION_TC,549360,479690,47211,22459,515269,0,0,8386,0,8386,0.8731797000145624,0.08593818261249454,0.04088211737294306,0.9379441531964468,0.0,0.0,0.015265035677879714,0.0,0.015265035677879714,True
2026-07-27,YouTube,STATEMENT_CATEGORY_PROTECTION_OF_MINORS,23698,124,23571,3,23666,0,0,0,0,0,0.005232509072495569,0.9946408979660731,0.00012659296143134442,0.9986496750780657,0.0,0.0,0.0,0.0,0.0,True
2026-07-27,YouTube,STATEMENT_CATEGORY_RISK_FOR_PUBLIC_SECURITY,43,0,0,43,43,0,0,12,0,12,0.0,0.0,1.0,1.0,0.0,0.0,0.27906976744186046,0.0,0.27906976744186046,True
2026-07-27,YouTube,STATEMENT_CATEGORY_SCAMS_AND_FRAUD,411942,735,0,411207,406829,0,0,5133,0,5133,0.0017842317607818577,0.0,0.9982157682392181,0.9875880585130916,0.0,0.0,0.01246049201101126,0.0,0.01246049201101126,True
2026-07-27,YouTube,STATEMENT_CATEGORY_UNSAFE_AND_PROHIBITED_PRODUCTS,78229,68823,0,9406,16120,0,0,0,0,0,0.8797632591494203,0.0,0.12023674085057971,0.2060616906773703,0.0,0.0,0.0,0.0,0.0,True
2026-07-27,YouTube,STATEMENT_CATEGORY_VIOLENCE,1026,660,0,366,1026,0,0,0,0,0,0.6432748538011696,0.0,0.3567251461988304,1.0,0.0,0.0,0.0,0.0,0.0,True
2026-08-03,Instagram,STATEMENT_CATEGORY_CYBER_VIOLENCE,3027,0,443,2584,3022,5,0,0,0,5,0.0,0.14634952097786588,0.8536504790221341,0.9983481995374959,0.0016518004625041295,0.0,0.0,0.0,0.0016518004625041295,True
2026-08-03,Instagram,STATEMENT_CATEGORY_DATA_PROTECTION_AND_PRIVACY_VIOLATIONS,27637,0,27484,153,158,27479,0,0,0,27479,0.0,0.9944639432644643,0.005536056735535695,0.0057169736223179075,0.9942830263776821,0.0,0.0,0.0,0.9942830263776821,True
2026-08-03,Instagram,STATEMENT_CATEGORY_ILLEGAL_OR_HARMFUL_SPEECH,5000,0,4359,641,4968,1,25,0,0,26,0.0,0.8718,0.1282,0.9936,0.0002,0.005,0.0,0.0,0.0052,True
2026-08-03,Instagram,STATEMENT_CATEGORY_INTELLECTUAL_PROPERTY_INFRINGEMENTS,7024,0,3526,3498,6430,594,0,0,0,594,0.0,0.501993166287016,0.49800683371298404,0.9154328018223234,0.08456719817767654,0.0,0.0,0.0,0.08456719817767654,True
2026-08-03,Instagram,STATEMENT_CATEGORY_NEGATIVE_EFFECTS_ON_CIVIC_DISCOURSE_OR_ELECTIONS,890,0,890,0,0,0,0,0,0,0,0.0,1.0,0.0,0.0,0.0,0.0,0.0,0.0,0.0,True
2026-08-03,Instagram,STATEMENT_CATEGORY_OTHER_VIOLATION_TC,1634578,0,1561395,73183,195535,1439043,0,0,0,1439043,0.0,0.9552281995719997,0.04477180042800038,0.11962414763932953,0.8803758523606705,0.0,0.0,0.0,0.8803758523606705,True
2026-08-03,Instagram,STATEMENT_CATEGORY_PROTECTION_OF_MINORS,46859,0,37215,9644,29662,17197,0,0,0,17197,0.0,0.7941910838899677,0.20580891611003221,0.6330053991762522,0.36699460082374785,0.0,0.0,0.0,0.36699460082374785,True
2026-08-03,Instagram,STATEMENT_CATEGORY_RISK_FOR_PUBLIC_SECURITY,21390,0,18473,2917,20689,701,0,0,0,701,0.0,0.863627863487611,0.13637213651238897,0.9672276764843385,0.032772323515661526,0.0,0.0,0.0,0.032772323515661526,True
2026-08-03,Instagram,STATEMENT_CATEGORY_SCAMS_AND_FRAUD,324333,0,318982,5351,26582,297678,6,0,0,297684,0.0,0.9835015246675485,0.016498475332451523,0.0819589742641051,0.9178159484233797,1.849950513823755e-05,0.0,0.0,0.9178344479285179,True
2026-08-03,Instagram,STATEMENT_CATEGORY_SELF_HARM,5612,0,5097,515,5602,10,0,0,0,10,0.0,0.9082323592302209,0.09176764076977904,0.9982181040627227,0.001781895937277263,0.0,0.0,0.0,0.001781895937277263,True
2026-08-03,Instagram,STATEMENT_CATEGORY_UNSAFE_AND_PROHIBITED_PRODUCTS,6108,0,5182,926,5607,499,0,0,0,499,0.0,0.8483955468238376,0.15160445317616242,0.9179764243614931,0.08169613621480026,0.0,0.0,0.0,0.08169613621480026,True
2026-08-03,Instagram,STATEMENT_CATEGORY_VIOLENCE,6274,0,3905,2369,4687,1587,0,0,0,1587,0.0,0.6224099458080969,0.3775900541919031,0.7470513229199872,0.25294867708001273,0.0,0.0,0.0,0.25294867708001273,True
2026-08-03,LinkedIn,STATEMENT_CATEGORY_CYBER_VIOLENCE,526,10,0,516,526,0,0,0,0,0,0.019011406844106463,0.0,0.9809885931558935,1.0,0.0,0.0,0.0,0.0,0.0,True
2026-08-03,LinkedIn,STATEMENT_CATEGORY_ILLEGAL_OR_HARMFUL_SPEECH,427,15,0,412,424,0,0,3,0,3,0.0351288056206089,0.0,0.9648711943793911,0.9929742388758782,0.0,0.0,0.00702576112412178,0.0,0.00702576112412178,True
2026-08-03,LinkedIn,STATEMENT_CATEGORY_INTELLECTUAL_PROPERTY_INFRINGEMENTS,6,0,0,6,6,0,0,0,0,0,0.0,0.0,1.0,1.0,0.0,0.0,0.0,0.0,0.0,True
2026-08-03,LinkedIn,STATEMENT_CATEGORY_NEGATIVE_EFFECTS_ON_CIVIC_DISCOURSE_OR_ELECTIONS,80,8,0,72,58,0,0,0,0,0,0.1,0.0,0.9,0.725,0.0,0.0,0.0,0.0,0.0,True
2026-08-03,LinkedIn,STATEMENT_CATEGORY_OTHER_VIOLATION_TC,3792,1654,0,2138,3056,0,18,4,0,22,0.4361814345991561,0.0,0.5638185654008439,0.8059071729957806,0.0,0.004746835443037975,0.0010548523206751054,0.0,0.0058016877637130804,True
2026-08-03,LinkedIn,STATEMENT_CATEGORY_SCAMS_AND_FRAUD,148,2,0,146,148,0,0,0,0,0,0.013513513513513514,0.0,0.9864864864864865,1.0,0.0,0.0,0.0,0.0,0.0,True
2026-08-03,LinkedIn,STATEMENT_CATEGORY_SELF_HARM,2,0,0,2,2,0,0,0,0,0,0.0,0.0,1.0,1.0,0.0,0.0,0.0,0.0,0.0,True
2026-08-03,LinkedIn,STATEMENT_CATEGORY_UNSAFE_AND_PROHIBITED_PRODUCTS,664,324,0,340,664,0,0,0,0,0,0.4879518072289157,0.0,0.5120481927710844,1.0,0.0,0.0,0.0,0.0,0.0,True
2026-08-03,LinkedIn,STATEMENT_CATEGORY_VIOLENCE,75,3,0,72,75,0,0,0,0,0,0.04,0.0,0.96,1.0,0.0,0.0,0.0,0.0,0.0,True
2026-08-03,Roblox,STATEMENT_CATEGORY_CONSUMER_INFORMATION,9,0,0,9,7,0,1,0,0,1,0.0,0.0,1.0,0.7777777777777778,0.0,0.1111111111111111,0.0,0.0,0.1111111111111111,True
2026-08-03,Roblox,STATEMENT_CATEGORY_CYBER_VIOLENCE,59776,48492,0,11284,2946,245,27767,0,0,28012,0.8112285867237687,0.0,0.18877141327623126,0.04928399357601713,0.004098634903640257,0.46451753211991437,0.0,0.0,0.46861616702355463,True
2026-08-03,Roblox,STATEMENT_CATEGORY_DATA_PROTECTION_AND_PRIVACY_VIOLATIONS,213300,212677,0,623,205244,84,765,0,0,849,0.9970792311298641,0.0,0.0029207688701359587,0.9622315986872949,0.0003938115330520394,0.003586497890295359,0.0,0.0,0.003980309423347398,True
2026-08-03,Roblox,STATEMENT_CATEGORY_ILLEGAL_OR_HARMFUL_SPEECH,34982,30342,0,4640,12225,1315,13176,0,0,14491,0.8673603567549025,0.0,0.13263964324509747,0.34946543936881824,0.037590760962780856,0.3766508490080613,0.0,0.0,0.41424160997084214,True
2026-08-03,Roblox,STATEMENT_CATEGORY_INTELLECTUAL_PROPERTY_INFRINGEMENTS,1162,112,0,1050,935,38,37,0,0,75,0.0963855421686747,0.0,0.9036144578313253,0.8046471600688468,0.03270223752151463,0.031841652323580036,0.0,0.0,0.06454388984509467,True
2026-08-03,Roblox,STATEMENT_CATEGORY_NEGATIVE_EFFECTS_ON_CIVIC_DISCOURSE_OR_ELECTIONS,626,599,0,27,521,1,8,0,0,9,0.9568690095846646,0.0,0.04313099041533546,0.8322683706070287,0.001597444089456869,0.012779552715654952,0.0,0.0,0.01437699680511182,True
2026-08-03,Roblox,STATEMENT_CATEGORY_OTHER_VIOLATION_TC,1282380,1273117,0,9263,524693,687705,34978,0,0,722683,0.9927767120510301,0.0,0.0072232879489698846,0.4091556324958281,0.5362723997567024,0.02727584647296433,0.0,0.0,0.5635482462296667,True
2026-08-03,Roblox,STATEMENT_CATEGORY_PROTECTION_OF_MINORS,4166,1549,0,2617,1440,2231,286,0,0,2517,0.371819491118579,0.0,0.6281805088814211,0.3456553048487758,0.5355256841094576,0.06865098415746519,0.0,0.0,0.6041766682669227,True
2026-08-03,Roblox,STATEMENT_CATEGORY_RISK_FOR_PUBLIC_SECURITY,1535,1180,0,355,127,364,480,0,0,844,0.7687296416938111,0.0,0.23127035830618892,0.08273615635179153,0.23713355048859935,0.3127035830618892,0.0,0.0,0.5498371335504886,True
2026-08-03,Roblox,STATEMENT_CATEGORY_SCAMS_AND_FRAUD,79602,77919,0,1683,5526,874,43797,0,0,44671,0.9788573151428356,0.0,0.021142684857164393,0.06942036632245421,0.010979623627547046,0.550199743725032,0.0,0.0,0.5611793673525791,True
2026-08-03,Roblox,STATEMENT_CATEGORY_SELF_HARM,3094,621,0,2473,2456,0,0,0,0,0,0.20071105365223013,0.0,0.7992889463477699,0.7937944408532643,0.0,0.0,0.0,0.0,0.0,True
2026-08-03,Roblox,STATEMENT_CATEGORY_UNSAFE_AND_PROHIBITED_PRODUCTS,31192,30648,0,544,29489,44,315,0,0,359,0.9825596306745319,0.0,0.01744036932546807,0.9454026673506027,0.0014106181072069761,0.010098743267504488,0.0,0.0,0.011509361374711464,True
2026-08-03,Roblox,STATEMENT_CATEGORY_VIOLENCE,7310,6079,0,1231,2527,146,612,0,0,758,0.8316005471956225,0.0,0.16839945280437757,0.3456908344733242,0.01997264021887825,0.08372093023255814,0.0,0.0,0.10369357045143639,True
2026-08-03,Snapchat,STATEMENT_CATEGORY_CYBER_VIOLENCE,8242,772,0,7470,7072,0,1170,0,0,1170,0.09366658578015045,0.0,0.9063334142198496,0.8580441640378549,0.0,0.14195583596214512,0.0,0.0,0.14195583596214512,True
2026-08-03,Snapchat,STATEMENT_CATEGORY_DATA_PROTECTION_AND_PRIVACY_VIOLATIONS,3,0,0,3,3,0,0,0,0,0,0.0,0.0,1.0,1.0,0.0,0.0,0.0,0.0,0.0,True
2026-08-03,Snapchat,STATEMENT_CATEGORY_ILLEGAL_OR_HARMFUL_SPEECH,2096,43,0,2053,2041,0,55,0,0,55,0.02051526717557252,0.0,0.9794847328244275,0.9737595419847328,0.0,0.026240458015267174,0.0,0.0,0.026240458015267174,True
2026-08-03,Snapchat,STATEMENT_CATEGORY_INTELLECTUAL_PROPERTY_INFRINGEMENTS,8,0,0,8,6,0,2,0,0,2,0.0,0.0,1.0,0.75,0.0,0.25,0.0,0.0,0.25,True
2026-08-03,Snapchat,STATEMENT_CATEGORY_OTHER_VIOLATION_TC,60512,22064,0,38448,31289,0,8754,0,0,8754,0.3646218931782126,0.0,0.6353781068217874,0.517070994182972,0.0,0.14466552088841883,0.0,0.0,0.14466552088841883,True
2026-08-03,Snapchat,STATEMENT_CATEGORY_PROTECTION_OF_MINORS,2846,1616,0,1230,1055,0,1791,0,0,1791,0.567814476458187,0.0,0.43218552354181305,0.370695713281799,0.0,0.6293042867182009,0.0,0.0,0.6293042867182009,True
2026-08-03,Snapchat,STATEMENT_CATEGORY_RISK_FOR_PUBLIC_SECURITY,50,0,0,50,42,0,8,0,0,8,0.0,0.0,1.0,0.84,0.0,0.16,0.0,0.0,0.16,True
2026-08-03,Snapchat,STATEMENT_CATEGORY_SCAMS_AND_FRAUD,4270,135,0,4135,3696,0,574,0,0,574,0.03161592505854801,0.0,0.968384074941452,0.8655737704918033,0.0,0.13442622950819672,0.0,0.0,0.13442622950819672,True
2026-08-03,Snapchat,STATEMENT_CATEGORY_SELF_HARM,60,0,0,60,51,0,9,0,0,9,0.0,0.0,1.0,0.85,0.0,0.15,0.0,0.0,0.15,True
2026-08-03,Snapchat,STATEMENT_CATEGORY_UNSAFE_AND_PROHIBITED_PRODUCTS,17513,6148,0,11365,12222,0,5291,0,0,5291,0.351053503111974,0.0,0.6489464968880261,0.6978815736881174,0.0,0.3021184263118826,0.0,0.0,0.3021184263118826,True
2026-08-03,Snapchat,STATEMENT_CATEGORY_VIOLENCE,2643,143,0,2500,2517,0,126,0,0,126,0.0541051835035944,0.0,0.9458948164964056,0.9523269012485811,0.0,0.04767309875141884,0.0,0.0,0.04767309875141884,True
2026-08-03,TikTok,STATEMENT_CATEGORY_ANIMAL_WELFARE,4909,4297,0,612,3332,0,0,0,0,0,0.8753310246486046,0.0,0.1246689753513954,0.678753310246486,0.0,0.0,0.0,0.0,0.0,True
2026-08-03,TikTok,STATEMENT_CATEGORY_CYBER_VIOLENCE,554,2,0,552,111,0,0,0,0,0,0.0036101083032490976,0.0,0.9963898916967509,0.2003610108303249,0.0,0.0,0.0,0.0,0.0,True
2026-08-03,TikTok,STATEMENT_CATEGORY_DATA_PROTECTION_AND_PRIVACY_VIOLATIONS,30736,30126,0,610,30221,0,0,0,0,0,0.9801535658511192,0.0,0.019846434148880793,0.9832444039562728,0.0,0.0,0.0,0.0,0.0,True
2026-08-03,TikTok,STATEMENT_CATEGORY_ILLEGAL_OR_HARMFUL_SPEECH,1100951,864223,0,236728,929073,0,0,0,0,0,0.7849786230268195,0.0,0.21502137697318047,0.8438822436239215,0.0,0.0,0.0,0.0,0.0,True
2026-08-03,TikTok,STATEMENT_CATEGORY_INTELLECTUAL_PROPERTY_INFRINGEMENTS,3097,1089,0,2008,0,0,0,0,0,0,0.3516306102680013,0.0,0.6483693897319988,0.0,0.0,0.0,0.0,0.0,0.0,True
2026-08-03,TikTok,STATEMENT_CATEGORY_NEGATIVE_EFFECTS_ON_CIVIC_DISCOURSE_OR_ELECTIONS,250449,250035,0,414,128177,0,0,0,0,0,0.9983469688439562,0.0,0.0016530311560437455,0.5117888272662299,0.0,0.0,0.0,0.0,0.0,True
2026-08-03,TikTok,STATEMENT_CATEGORY_OTHER_VIOLATION_TC,5100051,4858554,0,241497,2124934,0,0,0,0,0,0.9526481205776177,0.0,0.04735187942238225,0.41664955899460615,0.0,0.0,0.0,0.0,0.0,True
2026-08-03,TikTok,STATEMENT_CATEGORY_PROTECTION_OF_MINORS,26338,21424,0,4914,10924,0,0,0,0,0,0.8134254689042448,0.0,0.18657453109575517,0.41476194092186197,0.0,0.0,0.0,0.0,0.0,True
2026-08-03,TikTok,STATEMENT_CATEGORY_RISK_FOR_PUBLIC_SECURITY,15306,0,0,15306,6792,0,0,0,0,0,0.0,0.0,1.0,0.44374754998039984,0.0,0.0,0.0,0.0,0.0,True
2026-08-03,TikTok,STATEMENT_CATEGORY_SCAMS_AND_FRAUD,555096,552784,0,2312,417785,0,0,0,0,0,0.9958349546745068,0.0,0.004165045325493248,0.7526355801519017,0.0,0.0,0.0,0.0,0.0,True
2026-08-03,TikTok,STATEMENT_CATEGORY_SELF_HARM,166080,161606,0,4474,76028,0,0,0,0,0,0.973061175337187,0.0,0.026938824662813103,0.45777938342967245,0.0,0.0,0.0,0.0,0.0,True
2026-08-03,TikTok,STATEMENT_CATEGORY_UNSAFE_AND_PROHIBITED_PRODUCTS,57,0,0,57,0,0,0,0,0,0,0.0,0.0,1.0,0.0,0.0,0.0,0.0,0.0,0.0,True
2026-08-03,TikTok,STATEMENT_CATEGORY_VIOLENCE,2637348,2624819,0,12529,296444,0,0,0,0,0,0.9952493944674726,0.0,0.004750605532527372,0.11240230716613811,0.0,0.0,0.0,0.0,0.0,True
2026-08-03,X,STATEMENT_CATEGORY_CYBER_VIOLENCE,757,104,0,653,0,0,5,0,0,5,0.13738441215323646,0.0,0.8626155878467635,0.0,0.0,0.0066050198150594455,0.0,0.0,0.0066050198150594455,True
2026-08-03,X,STATEMENT_CATEGORY_DATA_PROTECTION_AND_PRIVACY_VIOLATIONS,19,0,0,19,0,1,1,1,0,2,0.0,0.0,1.0,0.0,0.05263157894736842,0.05263157894736842,0.05263157894736842,0.0,0.10526315789473684,True
2026-08-03,X,STATEMENT_CATEGORY_INTELLECTUAL_PROPERTY_INFRINGEMENTS,493,371,0,122,0,0,191,0,0,191,0.7525354969574036,0.0,0.24746450304259635,0.0,0.0,0.38742393509127787,0.0,0.0,0.38742393509127787,True
2026-08-03,X,STATEMENT_CATEGORY_OTHER_VIOLATION_TC,4622,3199,0,1423,0,9,3,9,0,12,0.6921246213760277,0.0,0.3078753786239723,0.0,0.0019472090004327132,0.0006490696668109044,0.0019472090004327132,0.0,0.0025962786672436176,True
2026-08-03,X,STATEMENT_CATEGORY_PROTECTION_OF_MINORS,35721,33337,0,2384,0,0,35718,0,0,35718,0.9332605470171608,0.0,0.06673945298283923,0.0,0.0,0.9999160157890317,0.0,0.0,0.9999160157890317,True
2026-08-03,X,STATEMENT_CATEGORY_RISK_FOR_PUBLIC_SECURITY,1,0,0,1,0,0,1,0,0,1,0.0,0.0,1.0,0.0,0.0,1.0,0.0,0.0,1.0,True
2026-08-03,X,STATEMENT_CATEGORY_SCAMS_AND_FRAUD,40636,39839,0,797,0,0,39935,0,0,39935,0.9803868490993208,0.0,0.0196131509006792,0.0,0.0,0.9827492863470814,0.0,0.0,0.9827492863470814,True
2026-08-03,X,STATEMENT_CATEGORY_SELF_HARM,1199,825,0,374,0,0,18,0,0,18,0.6880733944954128,0.0,0.3119266055045872,0.0,0.0,0.015012510425354461,0.0,0.0,0.015012510425354461,True
2026-08-03,X,STATEMENT_CATEGORY_UNSAFE_AND_PROHIBITED_PRODUCTS,1292,0,0,1292,0,0,1292,0,0,1292,0.0,0.0,1.0,0.0,0.0,1.0,0.0,0.0,1.0,True
2026-08-03,X,STATEMENT_CATEGORY_VIOLENCE,2102,1659,0,443,0,0,38,0,0,38,0.7892483349191246,0.0,0.21075166508087537,0.0,0.0,0.01807802093244529,0.0,0.0,0.01807802093244529,True
2026-08-03,YouTube,STATEMENT_CATEGORY_ANIMAL_WELFARE,2,0,0,2,2,0,0,0,0,0,0.0,0.0,1.0,1.0,0.0,0.0,0.0,0.0,0.0,True
2026-08-03,YouTube,STATEMENT_CATEGORY_CONSUMER_INFORMATION,42317,26569,0,15748,40702,0,0,1614,0,1614,0.627856417042796,0.0,0.37214358295720396,0.9618356688801191,0.0,0.0,0.03814069995510079,0.0,0.03814069995510079,True
2026-08-03,YouTube,STATEMENT_CATEGORY_CYBER_VIOLENCE,49,0,0,49,41,0,0,2,0,2,0.0,0.0,1.0,0.8367346938775511,0.0,0.0,0.04081632653061224,0.0,0.04081632653061224,True
2026-08-03,YouTube,STATEMENT_CATEGORY_DATA_PROTECTION_AND_PRIVACY_VIOLATIONS,2122,0,1398,724,1953,0,0,40,0,40,0.0,0.6588124410933082,0.3411875589066918,0.9203581526861452,0.0,0.0,0.01885014137606032,0.0,0.01885014137606032,True
2026-08-03,YouTube,STATEMENT_CATEGORY_ILLEGAL_OR_HARMFUL_SPEECH,678,1,617,60,633,0,0,21,0,21,0.0014749262536873156,0.9100294985250738,0.08849557522123894,0.9336283185840708,0.0,0.0,0.030973451327433628,0.0,0.030973451327433628,True
2026-08-03,YouTube,STATEMENT_CATEGORY_INTELLECTUAL_PROPERTY_INFRINGEMENTS,5527,2,4935,590,5235,0,0,118,0,118,0.0003618599601954044,0.8928894517821603,0.10674868825764429,0.947168445811471,0.0,0.0,0.02134973765152886,0.0,0.02134973765152886,True
2026-08-03,YouTube,STATEMENT_CATEGORY_NEGATIVE_EFFECTS_ON_CIVIC_DISCOURSE_OR_ELECTIONS,3426,542,0,2884,23,0,0,0,0,0,0.1582019848219498,0.0,0.8417980151780502,0.006713368359603036,0.0,0.0,0.0,0.0,0.0,True
2026-08-03,YouTube,STATEMENT_CATEGORY_OTHER_VIOLATION_TC,820081,462115,344852,13114,498447,0,0,9621,0,9621,0.5634992153214133,0.4205096813607436,0.015991103317842995,0.60780215612848,0.0,0.0,0.011731767959506438,0.0,0.011731767959506438,True
2026-08-03,YouTube,STATEMENT_CATEGORY_PROTECTION_OF_MINORS,34868,0,34866,2,34830,0,0,1,0,1,0.0,0.9999426408167947,5.7359183205231155e-05,0.9989101755191007,0.0,0.0,2.8679591602615577e-05,0.0,2.8679591602615577e-05,True
2026-08-03,YouTube,STATEMENT_CATEGORY_RISK_FOR_PUBLIC_SECURITY,59,0,0,59,52,0,0,37,0,37,0.0,0.0,1.0,0.8813559322033898,0.0,0.0,0.6271186440677966,0.0,0.6271186440677966,True
2026-08-03,YouTube,STATEMENT_CATEGORY_SCAMS_AND_FRAUD,397484,1006,0,396478,392356,0,0,5311,0,5311,0.002530919483551539,0.0,0.9974690805164484,0.9870988517776816,0.0,0.0,0.01336154411246742,0.0,0.01336154411246742,True
2026-08-03,YouTube,STATEMENT_CATEGORY_UNSAFE_AND_PROHIBITED_PRODUCTS,74723,70610,0,4113,20025,0,0,2,0,2,0.9449567067703385,0.0,0.05504329322966155,0.2679897755711093,0.0,0.0,2.6765520656290568e-05,0.0,2.6765520656290568e-05,True
2026-08-03,YouTube,STATEMENT_CATEGORY_VIOLENCE,1086,728,0,358,1086,0,0,0,0,0,0.6703499079189686,0.0,0.3296500920810313,1.0,0.0,0.0,0.0,0.0,0.0,True
2026-08-10,Instagram,STATEMENT_CATEGORY_CYBER_VIOLENCE,4391,0,827,3564,4378,13,0,0,0,13,0.0,0.18833978592575723,0.8116602140742427,0.9970393987702117,0.002960601229788203,0.0,0.0,0.0,0.002960601229788203,True
2026-08-10,Instagram,STATEMENT_CATEGORY_DATA_PROTECTION_AND_PRIVACY_VIOLATIONS,11278,0,11051,227,236,11042,0,0,0,11042,0.0,0.9798723177868416,0.02012768221315836,0.02092569604539812,0.9790743039546019,0.0,0.0,0.0,0.9790743039546019,True
2026-08-10,Instagram,STATEMENT_CATEGORY_ILLEGAL_OR_HARMFUL_SPEECH,8916,0,8100,816,8908,2,1,0,0,3,0.0,0.9084791386271871,0.09152086137281291,0.9991027366532077,0.00022431583669807088,0.00011215791834903544,0.0,0.0,0.00033647375504710633,True
2026-08-10,Instagram,STATEMENT_CATEGORY_INTELLECTUAL_PROPERTY_INFRINGEMENTS,7736,0,5452,2284,7249,487,0,0,0,487,0.0,0.704756980351603,0.2952430196483971,0.937047569803516,0.06295243019648397,0.0,0.0,0.0,0.06295243019648397,True
2026-08-10,Instagram,STATEMENT_CATEGORY_NEGATIVE_EFFECTS_ON_CIVIC_DISCOURSE_OR_ELECTIONS,695,0,695,0,0,0,0,0,0,0,0.0,1.0,0.0,0.0,0.0,0.0,0.0,0.0,0.0,True
2026-08-10,Instagram,STATEMENT_CATEGORY_OTHER_VIOLATION_TC,1680503,0,1614506,65997,370119,1310384,0,0,0,1310384,0.0,0.9607278297033686,0.03927217029663142,0.22024298677241277,0.7797570132275872,0.0,0.0,0.0,0.7797570132275872,True
2026-08-10,Instagram,STATEMENT_CATEGORY_PROTECTION_OF_MINORS,48106,0,37930,10176,28993,19113,0,0,0,19113,0.0,0.7884671350767056,0.2115328649232944,0.6026898931526213,0.3973101068473787,0.0,0.0,0.0,0.3973101068473787,True
2026-08-10,Instagram,STATEMENT_CATEGORY_RISK_FOR_PUBLIC_SECURITY,22063,0,18155,3908,21600,463,0,0,0,463,0.0,0.822870869781988,0.17712913021801205,0.9790146398948466,0.020985360105153426,0.0,0.0,0.0,0.020985360105153426,True
2026-08-10,Instagram,STATEMENT_CATEGORY_SCAMS_AND_FRAUD,337029,0,332971,4058,23593,313382,0,0,0,313382,0.0,0.9879594931000003,0.012040506899999703,0.07000287809060941,0.9298368983084542,0.0,0.0,0.0,0.9298368983084542,True
2026-08-10,Instagram,STATEMENT_CATEGORY_SELF_HARM,5090,0,4543,547,5083,7,0,0,0,7,0.0,0.8925343811394892,0.1074656188605108,0.9986247544204322,0.00137524557956778,0.0,0.0,0.0,0.00137524557956778,True
2026-08-10,Instagram,STATEMENT_CATEGORY_UNSAFE_AND_PROHIBITED_PRODUCTS,5859,0,5011,848,5385,474,0,0,0,474,0.0,0.8552654036525005,0.14473459634749958,0.9190988223246288,0.08090117767537122,0.0,0.0,0.0,0.08090117767537122,True
2026-08-10,Instagram,STATEMENT_CATEGORY_VIOLENCE,6034,0,3668,2366,4493,1541,0,0,0,1541,0.0,0.6078886310904872,0.39211136890951276,0.7446138548226715,0.2553861451773285,0.0,0.0,0.0,0.2553861451773285,True
2026-08-10,LinkedIn,STATEMENT_CATEGORY_CYBER_VIOLENCE,532,31,0,501,532,0,0,0,0,0,0.05827067669172932,0.0,0.9417293233082706,1.0,0.0,0.0,0.0,0.0,0.0,True
2026-08-10,LinkedIn,STATEMENT_CATEGORY_ILLEGAL_OR_HARMFUL_SPEECH,347,14,0,333,344,0,0,3,0,3,0.040345821325648415,0.0,0.9596541786743515,0.9913544668587896,0.0,0.0,0.008645533141210375,0.0,0.008645533141210375,True
2026-08-10,LinkedIn,STATEMENT_CATEGORY_INTELLECTUAL_PROPERTY_INFRINGEMENTS,6,0,0,6,6,0,0,0,0,0,0.0,0.0,1.0,1.0,0.0,0.0,0.0,0.0,0.0,True
2026-08-10,LinkedIn,STATEMENT_CATEGORY_NEGATIVE_EFFECTS_ON_CIVIC_DISCOURSE_OR_ELECTIONS,72,9,0,63,56,0,0,0,0,0,0.125,0.0,0.875,0.7777777777777778,0.0,0.0,0.0,0.0,0.0,True
2026-08-10,LinkedIn,STATEMENT_CATEGORY_OTHER_VIOLATION_TC,4326,2089,0,2237,3638,0,23,3,0,26,0.4828941285251965,0.0,0.5171058714748035,0.8409616273693944,0.0,0.0053166897827092,0.0006934812760055479,0.0,0.006010171058714748,True
2026-08-10,LinkedIn,STATEMENT_CATEGORY_SCAMS_AND_FRAUD,165,4,0,161,165,0,0,0,0,0,0.024242424242424242,0.0,0.9757575757575757,1.0,0.0,0.0,0.0,0.0,0.0,True
2026-08-10,LinkedIn,STATEMENT_CATEGORY_SELF_HARM,2,0,0,2,2,0,0,0,0,0,0.0,0.0,1.0,1.0,0.0,0.0,0.0,0.0,0.0,True
2026-08-10,LinkedIn,STATEMENT_CATEGORY_UNSAFE_AND_PROHIBITED_PRODUCTS,704,366,0,338,704,0,0,0,0,0,0.5198863636363636,0.0,0.48011363636363635,1.0,0.0,0.0,0.0,0.0,0.0,True
2026-08-10,LinkedIn,STATEMENT_CATEGORY_VIOLENCE,65,1,0,64,65,0,0,0,0,0,0.015384615384615385,0.0,0.9846153846153847,1.0,0.0,0.0,0.0,0.0,0.0,True
2026-08-10,Roblox,STATEMENT_CATEGORY_CONSUMER_INFORMATION,12,0,0,12,11,0,0,0,0,0,0.0,0.0,1.0,0.9166666666666666,0.0,0.0,0.0,0.0,0.0,True
2026-08-10,Roblox,STATEMENT_CATEGORY_CYBER_VIOLENCE,60201,47781,0,12420,2553,705,28049,0,0,28754,0.7936911346987592,0.0,0.20630886530124085,0.04240793342303284,0.011710768924104251,0.4659224929818442,0.0,0.0,0.4776332619059484,True
2026-08-10,Roblox,STATEMENT_CATEGORY_DATA_PROTECTION_AND_PRIVACY_VIOLATIONS,103605,103022,0,583,95913,32,880,0,0,912,0.9943728584527773,0.0,0.005627141547222624,0.9257564789344144,0.0003088654022489262,0.008493798561845472,0.0,0.0,0.008802663964094397,True
2026-08-10,Roblox,STATEMENT_CATEGORY_ILLEGAL_OR_HARMFUL_SPEECH,29041,24079,0,4962,6554,1576,12956,0,0,14532,0.8291381150786818,0.0,0.17086188492131812,0.22568093385214008,0.0542681037154368,0.44612788815812127,0.0,0.0,0.5003959918735581,True
2026-08-10,Roblox,STATEMENT_CATEGORY_INTELLECTUAL_PROPERTY_INFRINGEMENTS,5523,4854,0,669,535,30,23,0,0,53,0.8788701792504073,0.0,0.12112982074959261,0.09686764439616151,0.005431830526887561,0.00416440340394713,0.0,0.0,0.009596233930834691,True
2026-08-10,Roblox,STATEMENT_CATEGORY_NEGATIVE_EFFECTS_ON_CIVIC_DISCOURSE_OR_ELECTIONS,570,532,0,38,448,4,9,0,0,13,0.9333333333333333,0.0,0.06666666666666667,0.7859649122807018,0.007017543859649123,0.015789473684210527,0.0,0.0,0.02280701754385965,True
2026-08-10,Roblox,STATEMENT_CATEGORY_OTHER_VIOLATION_TC,1506980,1485405,0,21575,441135,977987,48159,0,0,1026146,0.9856832871040093,0.0,0.014316712895990657,0.29272783978553135,0.6489714528394538,0.031957292067578864,0.0,0.0,0.6809287449070326,True
2026-08-10,Roblox,STATEMENT_CATEGORY_PROTECTION_OF_MINORS,3725,1635,0,2090,1275,2088,121,0,0,2209,0.4389261744966443,0.0,0.5610738255033557,0.3422818791946309,0.5605369127516778,0.03248322147651007,0.0,0.0,0.5930201342281879,True
2026-08-10,Roblox,STATEMENT_CATEGORY_RISK_FOR_PUBLIC_SECURITY,4413,2281,0,2132,1686,866,1062,0,0,1928,0.5168819397235441,0.0,0.48311806027645593,0.3820530251529572,0.19623838658508952,0.2406526172671652,0.0,0.0,0.4368910038522547,True
2026-08-10,Roblox,STATEMENT_CATEGORY_SCAMS_AND_FRAUD,48050,46091,0,1959,19325,864,13105,0,0,13969,0.9592299687825182,0.0,0.04077003121748179,0.40218522372528615,0.01798126951092612,0.27273673257023934,0.0,0.0,0.29071800208116544,True
2026-08-10,Roblox,STATEMENT_CATEGORY_SELF_HARM,1003,213,0,790,782,0,0,0,0,0,0.2123629112662014,0.0,0.7876370887337986,0.7796610169491526,0.0,0.0,0.0,0.0,0.0,True
2026-08-10,Roblox,STATEMENT_CATEGORY_UNSAFE_AND_PROHIBITED_PRODUCTS,11022,10417,0,605,9343,8,302,0,0,310,0.9451097804391217,0.0,0.054890219560878244,0.8476682997641082,0.0007258210851025222,0.027399745962620216,0.0,0.0,0.028125567047722736,True
2026-08-10,Roblox,STATEMENT_CATEGORY_VIOLENCE,12449,11011,0,1438,7640,288,975,0,0,1263,0.8844887139529279,0.0,0.11551128604707206,0.6137039119608001,0.023134388304281467,0.07831954373845289,0.0,0.0,0.10145393204273435,True
2026-08-10,Snapchat,STATEMENT_CATEGORY_CYBER_VIOLENCE,7599,782,0,6817,6441,0,1158,0,0,1158,0.1029082774049217,0.0,0.8970917225950783,0.8476115278326095,0.0,0.15238847216739046,0.0,0.0,0.15238847216739046,True
2026-08-10,Snapchat,STATEMENT_CATEGORY_DATA_PROTECTION_AND_PRIVACY_VIOLATIONS,2,0,0,2,2,0,0,0,0,0,0.0,0.0,1.0,1.0,0.0,0.0,0.0,0.0,0.0,True
2026-08-10,Snapchat,STATEMENT_CATEGORY_ILLEGAL_OR_HARMFUL_SPEECH,1749,37,0,1712,1701,0,47,0,0,47,0.02115494568324757,0.0,0.9788450543167524,0.9725557461406518,0.0,0.026872498570611778,0.0,0.0,0.026872498570611778,True
2026-08-10,Snapchat,STATEMENT_CATEGORY_INTELLECTUAL_PROPERTY_INFRINGEMENTS,9,0,0,9,7,0,2,0,0,2,0.0,0.0,1.0,0.7777777777777778,0.0,0.2222222222222222,0.0,0.0,0.2222222222222222,True
2026-08-10,Snapchat,STATEMENT_CATEGORY_OTHER_VIOLATION_TC,66336,28805,0,37531,31878,0,9203,0,0,9203,0.4342287747226242,0.0,0.5657712252773758,0.4805535455861071,0.0,0.1387331162566329,0.0,0.0,0.1387331162566329,True
2026-08-10,Snapchat,STATEMENT_CATEGORY_PROTECTION_OF_MINORS,2650,1394,0,1256,810,0,1840,0,0,1840,0.5260377358490566,0.0,0.4739622641509434,0.30566037735849055,0.0,0.6943396226415094,0.0,0.0,0.6943396226415094,True
2026-08-10,Snapchat,STATEMENT_CATEGORY_RISK_FOR_PUBLIC_SECURITY,54,1,0,53,47,0,7,0,0,7,0.018518518518518517,0.0,0.9814814814814815,0.8703703703703703,0.0,0.12962962962962962,0.0,0.0,0.12962962962962962,True
2026-08-10,Snapchat,STATEMENT_CATEGORY_SCAMS_AND_FRAUD,4425,111,0,4314,3858,0,567,0,0,567,0.025084745762711864,0.0,0.9749152542372881,0.871864406779661,0.0,0.128135593220339,0.0,0.0,0.128135593220339,True
2026-08-10,Snapchat,STATEMENT_CATEGORY_SELF_HARM,52,2,0,50,51,0,1,0,0,1,0.038461538461538464,0.0,0.9615384615384616,0.9807692307692307,0.0,0.019230769230769232,0.0,0.0,0.019230769230769232,True
2026-08-10,Snapchat,STATEMENT_CATEGORY_UNSAFE_AND_PROHIBITED_PRODUCTS,18249,6030,0,12219,12312,0,5937,0,0,5937,0.3304290646062798,0.0,0.6695709353937203,0.6746671050468519,0.0,0.3253328949531481,0.0,0.0,0.3253328949531481,True
2026-08-10,Snapchat,STATEMENT_CATEGORY_VIOLENCE,2331,111,0,2220,2204,0,126,0,0,126,0.047619047619047616,0.0,0.9523809523809523,0.9455169455169455,0.0,0.05405405405405406,0.0,0.0,0.05405405405405406,True
2026-08-10,TikTok,STATEMENT_CATEGORY_ANIMAL_WELFARE,6092,5357,0,735,4358,0,0,0,0,0,0.8793499671700591,0.0,0.12065003282994091,0.7153644123440578,0.0,0.0,0.0,0.0,0.0,True
2026-08-10,TikTok,STATEMENT_CATEGORY_CYBER_VIOLENCE,505,3,0,502,120,0,0,0,0,0,0.005940594059405941,0.0,0.994059405940594,0.2376237623762376,0.0,0.0,0.0,0.0,0.0,True
2026-08-10,TikTok,STATEMENT_CATEGORY_DATA_PROTECTION_AND_PRIVACY_VIOLATIONS,52791,52326,0,465,52432,0,0,0,0,0,0.9911916804000682,0.0,0.008808319599931806,0.9931995984163967,0.0,0.0,0.0,0.0,0.0,True
2026-08-10,TikTok,STATEMENT_CATEGORY_ILLEGAL_OR_HARMFUL_SPEECH,1484316,1240661,0,243655,1307661,0,0,0,0,0,0.8358469490324163,0.0,0.16415305096758373,0.8809855852796844,0.0,0.0,0.0,0.0,0.0,True
2026-08-10,TikTok,STATEMENT_CATEGORY_INTELLECTUAL_PROPERTY_INFRINGEMENTS,2818,1008,0,1810,0,0,0,0,0,0,0.35770049680624555,0.0,0.6422995031937544,0.0,0.0,0.0,0.0,0.0,0.0,True
2026-08-10,TikTok,STATEMENT_CATEGORY_NEGATIVE_EFFECTS_ON_CIVIC_DISCOURSE_OR_ELECTIONS,248746,248303,0,443,129430,0,0,0,0,0,0.9982190668392658,0.0,0.001780933160734243,0.5203299751553794,0.0,0.0,0.0,0.0,0.0,True
2026-08-10,TikTok,STATEMENT_CATEGORY_OTHER_VIOLATION_TC,5528148,5303733,0,224415,2239232,0,0,0,0,0,0.959405030400778,0.0,0.04059496959922202,0.40506006713279025,0.0,0.0,0.0,0.0,0.0,True
2026-08-10,TikTok,STATEMENT_CATEGORY_PROTECTION_OF_MINORS,30531,25671,0,4860,19423,0,0,0,0,0,0.8408175297238872,0.0,0.1591824702761128,0.6361730699944319,0.0,0.0,0.0,0.0,0.0,True
2026-08-10,TikTok,STATEMENT_CATEGORY_RISK_FOR_PUBLIC_SECURITY,15087,0,0,15087,6664,0,0,0,0,0,0.0,0.0,1.0,0.4417047789487638,0.0,0.0,0.0,0.0,0.0,True
2026-08-10,TikTok,STATEMENT_CATEGORY_SCAMS_AND_FRAUD,629705,627684,0,2021,480356,0,0,0,0,0,0.9967905606593563,0.0,0.0032094393406436345,0.7628270380575031,0.0,0.0,0.0,0.0,0.0,True
2026-08-10,TikTok,STATEMENT_CATEGORY_SELF_HARM,195087,190676,0,4411,100903,0,0,0,0,0,0.9773895749076054,0.0,0.022610425092394675,0.5172205221260259,0.0,0.0,0.0,0.0,0.0,True
2026-08-10,TikTok,STATEMENT_CATEGORY_UNSAFE_AND_PROHIBITED_PRODUCTS,60,0,0,60,0,0,0,0,0,0,0.0,0.0,1.0,0.0,0.0,0.0,0.0,0.0,0.0,True
2026-08-10,TikTok,STATEMENT_CATEGORY_VIOLENCE,2431566,2419151,0,12415,312530,0,0,0,0,0,0.9948942368827332,0.0,0.0051057631172668145,0.12853033806197323,0.0,0.0,0.0,0.0,0.0,True
2026-08-10,X,STATEMENT_CATEGORY_ANIMAL_WELFARE,2,0,0,2,0,0,2,0,0,2,0.0,0.0,1.0,0.0,0.0,1.0,0.0,0.0,1.0,True
2026-08-10,X,STATEMENT_CATEGORY_CYBER_VIOLENCE,654,106,0,548,0,0,2,0,0,2,0.1620795107033639,0.0,0.8379204892966361,0.0,0.0,0.0030581039755351682,0.0,0.0,0.0030581039755351682,True
2026-08-10,X,STATEMENT_CATEGORY_DATA_PROTECTION_AND_PRIVACY_VIOLATIONS,16,0,0,16,0,0,3,0,0,3,0.0,0.0,1.0,0.0,0.0,0.1875,0.0,0.0,0.1875,True
2026-08-10,X,STATEMENT_CATEGORY_INTELLECTUAL_PROPERTY_INFRINGEMENTS,719,394,0,325,0,0,361,0,0,361,0.5479833101529903,0.0,0.4520166898470097,0.0,0.0,0.502086230876217,0.0,0.0,0.502086230876217,True
2026-08-10,X,STATEMENT_CATEGORY_OTHER_VIOLATION_TC,4568,3273,0,1295,0,14,8,14,0,22,0.716506129597198,0.0,0.2834938704028021,0.0,0.003064798598949212,0.0017513134851138354,0.003064798598949212,0.0,0.004816112084063047,True
2026-08-10,X,STATEMENT_CATEGORY_PROTECTION_OF_MINORS,32095,29275,0,2820,0,0,32090,0,0,32090,0.9121358467050943,0.0,0.08786415329490575,0.0,0.0,0.999844212494158,0.0,0.0,0.999844212494158,True
2026-08-10,X,STATEMENT_CATEGORY_SCAMS_AND_FRAUD,74494,73380,0,1114,0,0,73547,0,0,73547,0.9850457754986979,0.0,0.014954224501302118,0.0,0.0,0.9872875667839021,0.0,0.0,0.9872875667839021,True
2026-08-10,X,STATEMENT_CATEGORY_SELF_HARM,1011,684,0,327,0,0,15,0,0,15,0.6765578635014837,0.0,0.32344213649851633,0.0,0.0,0.01483679525222552,0.0,0.0,0.01483679525222552,True
2026-08-10,X,STATEMENT_CATEGORY_UNSAFE_AND_PROHIBITED_PRODUCTS,1027,0,0,1027,0,0,1027,0,0,1027,0.0,0.0,1.0,0.0,0.0,1.0,0.0,0.0,1.0,True
2026-08-10,X,STATEMENT_CATEGORY_VIOLENCE,1745,1420,0,325,0,0,34,0,0,34,0.8137535816618912,0.0,0.18624641833810887,0.0,0.0,0.019484240687679084,0.0,0.0,0.019484240687679084,True
2026-08-10,YouTube,STATEMENT_CATEGORY_ANIMAL_WELFARE,8,0,0,8,8,0,0,0,0,0,0.0,0.0,1.0,1.0,0.0,0.0,0.0,0.0,0.0,True
2026-08-10,YouTube,STATEMENT_CATEGORY_CONSUMER_INFORMATION,1279639,25618,0,1254021,1277592,0,0,2046,0,2046,0.020019708683464633,0.0,0.9799802913165354,0.9984003300930966,0.0,0.0,0.001598888436504358,0.0,0.001598888436504358,True
2026-08-10,YouTube,STATEMENT_CATEGORY_CYBER_VIOLENCE,160,0,0,160,143,0,0,1,0,1,0.0,0.0,1.0,0.89375,0.0,0.0,0.00625,0.0,0.00625,True
2026-08-10,YouTube,STATEMENT_CATEGORY_DATA_PROTECTION_AND_PRIVACY_VIOLATIONS,1969,0,1354,615,1831,0,0,23,0,23,0.0,0.6876587100050787,0.3123412899949213,0.9299136617572372,0.0,0.0,0.011681056373793804,0.0,0.011681056373793804,True
2026-08-10,YouTube,STATEMENT_CATEGORY_ILLEGAL_OR_HARMFUL_SPEECH,415,0,372,43,379,0,0,18,0,18,0.0,0.8963855421686747,0.10361445783132531,0.9132530120481928,0.0,0.0,0.043373493975903614,0.0,0.043373493975903614,True
2026-08-10,YouTube,STATEMENT_CATEGORY_INTELLECTUAL_PROPERTY_INFRINGEMENTS,6290,2,4333,1955,5700,0,0,96,0,96,0.0003179650238473768,0.6888712241653419,0.3108108108108108,0.9062003179650239,0.0,0.0,0.015262321144674086,0.0,0.015262321144674086,True
2026-08-10,YouTube,STATEMENT_CATEGORY_NEGATIVE_EFFECTS_ON_CIVIC_DISCOURSE_OR_ELECTIONS,3016,681,0,2335,27,0,0,0,0,0,0.22579575596816975,0.0,0.7742042440318302,0.008952254641909815,0.0,0.0,0.0,0.0,0.0,True
2026-08-10,YouTube,STATEMENT_CATEGORY_OTHER_VIOLATION_TC,635062,564563,58631,11868,595202,0,0,8358,0,8358,0.8889887916455401,0.09232326922410725,0.01868793913035263,0.9372344747441982,0.0,0.0,0.01316091972122407,0.0,0.01316091972122407,True
2026-08-10,YouTube,STATEMENT_CATEGORY_PROTECTION_OF_MINORS,30565,0,30562,3,30531,0,0,0,0,0,0.0,0.9999018485195486,9.815148045149681e-05,0.998887616554883,0.0,0.0,0.0,0.0,0.0,True
2026-08-10,YouTube,STATEMENT_CATEGORY_RISK_FOR_PUBLIC_SECURITY,29,0,0,29,29,0,0,10,0,10,0.0,0.0,1.0,1.0,0.0,0.0,0.3448275862068966,0.0,0.3448275862068966,True
2026-08-10,YouTube,STATEMENT_CATEGORY_SCAMS_AND_FRAUD,229177,947,0,228230,223661,0,0,5524,0,5524,0.004132177312732081,0.0,0.9958678226872679,0.975931267099229,0.0,0.0,0.02410364041766844,0.0,0.02410364041766844,True
2026-08-10,YouTube,STATEMENT_CATEGORY_UNSAFE_AND_PROHIBITED_PRODUCTS,129021,118675,0,10346,24788,0,0,1,0,1,0.919811503553685,0.0,0.08018849644631494,0.19212376279830415,0.0,0.0,7.750676246502508e-06,0.0,7.750676246502508e-06,True
2026-08-10,YouTube,STATEMENT_CATEGORY_VIOLENCE,2805,897,0,1908,2805,0,0,0,0,0,0.31978609625668447,0.0,0.6802139037433155,1.0,0.0,0.0,0.0,0.0,0.0,True
2026-08-17,Instagram,STATEMENT_CATEGORY_CYBER_VIOLENCE,3141,0,1030,2111,3135,3,0,0,0,3,0.0,0.3279210442534225,0.6720789557465775,0.9980897803247374,0.0009551098376313276,0.0,0.0,0.0,0.0009551098376313276,True
2026-08-17,Instagram,STATEMENT_CATEGORY_DATA_PROTECTION_AND_PRIVACY_VIOLATIONS,21534,0,21232,302,310,21224,0,0,0,21224,0.0,0.9859756663880376,0.014024333611962477,0.014395839138107179,0.9856041608618928,0.0,0.0,0.0,0.9856041608618928,True
2026-08-17,Instagram,STATEMENT_CATEGORY_ILLEGAL_OR_HARMFUL_SPEECH,8187,0,7572,615,8174,5,0,0,0,5,0.0,0.9248809087577867,0.07511909124221326,0.9984121167704898,0.0006107243190423843,0.0,0.0,0.0,0.0006107243190423843,True
2026-08-17,Instagram,STATEMENT_CATEGORY_INTELLECTUAL_PROPERTY_INFRINGEMENTS,8228,0,4674,3554,7448,780,0,0,0,780,0.0,0.5680602819640252,0.4319397180359747,0.9052017501215363,0.09479824987846379,0.0,0.0,0.0,0.09479824987846379,True
2026-08-17,Instagram,STATEMENT_CATEGORY_NEGATIVE_EFFECTS_ON_CIVIC_DISCOURSE_OR_ELECTIONS,889,0,885,4,0,0,4,0,0,4,0.0,0.9955005624296963,0.0044994375703037125,0.0,0.0,0.0044994375703037125,0.0,0.0,0.0044994375703037125,True
2026-08-17,Instagram,STATEMENT_CATEGORY_OTHER_VIOLATION_TC,1921557,0,1858082,63475,588762,1332795,0,0,0,1332795,0.0,0.9669668919527238,0.033033108047276244,0.3063984050434101,0.6936015949565899,0.0,0.0,0.0,0.6936015949565899,True
2026-08-17,Instagram,STATEMENT_CATEGORY_PROTECTION_OF_MINORS,70589,0,60569,10020,54155,16434,0,0,0,16434,0.0,0.8580515377750074,0.14194846222499255,0.7671875221351768,0.23281247786482312,0.0,0.0,0.0,0.23281247786482312,True
2026-08-17,Instagram,STATEMENT_CATEGORY_RISK_FOR_PUBLIC_SECURITY,27264,0,22118,5146,26596,668,0,0,0,668,0.0,0.8112529342723005,0.18874706572769953,0.9754988262910798,0.024501173708920188,0.0,0.0,0.0,0.024501173708920188,True
2026-08-17,Instagram,STATEMENT_CATEGORY_SCAMS_AND_FRAUD,359931,0,356840,3091,37539,322243,0,0,0,322243,0.0,0.9914122429021118,0.008587757097888206,0.104294989873059,0.8952910418941408,0.0,0.0,0.0,0.8952910418941408,True
2026-08-17,Instagram,STATEMENT_CATEGORY_SELF_HARM,5144,0,4564,580,5123,21,0,0,0,21,0.0,0.8872472783825817,0.11275272161741835,0.9959175738724728,0.004082426127527216,0.0,0.0,0.0,0.004082426127527216,True
2026-08-17,Instagram,STATEMENT_CATEGORY_UNSAFE_AND_PROHIBITED_PRODUCTS,5969,0,5398,571,5617,352,0,0,0,352,0.0,0.9043390852739153,0.09566091472608478,0.9410286480147428,0.05897135198525716,0.0,0.0,0.0,0.05897135198525716,True
2026-08-17,Instagram,STATEMENT_CATEGORY_VIOLENCE,8645,0,6238,2407,6941,1704,0,0,0,1704,0.0,0.7215731636784268,0.27842683632157317,0.8028918449971082,0.19710815500289183,0.0,0.0,0.0,0.19710815500289183,True
2026-08-17,LinkedIn,STATEMENT_CATEGORY_CONSUMER_INFORMATION,1,0,0,1,1,0,0,0,0,0,0.0,0.0,1.0,1.0,0.0,0.0,0.0,0.0,0.0,True
2026-08-17,LinkedIn,STATEMENT_CATEGORY_CYBER_VIOLENCE,474,17,0,457,474,0,0,0,0,0,0.035864978902953586,0.0,0.9641350210970464,1.0,0.0,0.0,0.0,0.0,0.0,True
2026-08-17,LinkedIn,STATEMENT_CATEGORY_ILLEGAL_OR_HARMFUL_SPEECH,352,14,0,338,349,0,0,3,0,3,0.03977272727272727,0.0,0.9602272727272727,0.9914772727272727,0.0,0.0,0.008522727272727272,0.0,0.008522727272727272,True
2026-08-17,LinkedIn,STATEMENT_CATEGORY_INTELLECTUAL_PROPERTY_INFRINGEMENTS,4,0,0,4,4,0,0,0,0,0,0.0,0.0,1.0,1.0,0.0,0.0,0.0,0.0,0.0,True
2026-08-17,LinkedIn,STATEMENT_CATEGORY_NEGATIVE_EFFECTS_ON_CIVIC_DISCOURSE_OR_ELECTIONS,69,10,0,59,47,0,0,0,0,0,0.14492753623188406,0.0,0.855072463768116,0.6811594202898551,0.0,0.0,0.0,0.0,0.0,True
2026-08-17,LinkedIn,STATEMENT_CATEGORY_OTHER_VIOLATION_TC,3916,1776,0,2140,3251,0,21,4,0,25,0.45352400408580185,0.0,0.5464759959141982,0.8301838610827375,0.0,0.005362614913176711,0.0010214504596527069,0.0,0.006384065372829418,True
2026-08-17,LinkedIn,STATEMENT_CATEGORY_SCAMS_AND_FRAUD,249,1,0,248,249,0,0,0,0,0,0.004016064257028112,0.0,0.9959839357429718,1.0,0.0,0.0,0.0,0.0,0.0,True
2026-08-17,LinkedIn,STATEMENT_CATEGORY_SELF_HARM,2,0,0,2,2,0,0,0,0,0,0.0,0.0,1.0,1.0,0.0,0.0,0.0,0.0,0.0,True
2026-08-17,LinkedIn,STATEMENT_CATEGORY_UNSAFE_AND_PROHIBITED_PRODUCTS,890,338,0,552,890,0,0,0,0,0,0.3797752808988764,0.0,0.6202247191011236,1.0,0.0,0.0,0.0,0.0,0.0,True
2026-08-17,LinkedIn,STATEMENT_CATEGORY_VIOLENCE,81,2,0,79,81,0,0,0,0,0,0.024691358024691357,0.0,0.9753086419753086,1.0,0.0,0.0,0.0,0.0,0.0,True
2026-08-17,Roblox,STATEMENT_CATEGORY_CONSUMER_INFORMATION,4,0,0,4,1,0,0,0,0,0,0.0,0.0,1.0,0.25,0.0,0.0,0.0,0.0,0.0,True
2026-08-17,Roblox,STATEMENT_CATEGORY_CYBER_VIOLENCE,62830,48523,0,14307,5624,3670,23063,0,0,26733,0.7722903071780997,0.0,0.22770969282190037,0.08951137991405379,0.05841158682158205,0.36706987108069394,0.0,0.0,0.425481457902276,True
2026-08-17,Roblox,STATEMENT_CATEGORY_DATA_PROTECTION_AND_PRIVACY_VIOLATIONS,2303941,2303136,0,805,2292986,32,958,0,0,990,0.9996505986915464,0.0,0.0003494013084536453,0.995245103932783,1.3889244559648012e-05,0.00041580925900446236,0.0,0.0,0.0004296985035641104,True
2026-08-17,Roblox,STATEMENT_CATEGORY_ILLEGAL_OR_HARMFUL_SPEECH,115495,109923,0,5572,60874,13172,27275,0,0,40447,0.9517554872505303,0.0,0.04824451274946968,0.5270704359496082,0.11404822719598251,0.23615740941166286,0.0,0.0,0.35020563660764537,True
2026-08-17,Roblox,STATEMENT_CATEGORY_INTELLECTUAL_PROPERTY_INFRINGEMENTS,6465,5627,0,838,769,24,20,0,0,44,0.8703789636504253,0.0,0.12962103634957464,0.11894818252126836,0.0037122969837587007,0.0030935808197989174,0.0,0.0,0.006805877803557618,True
2026-08-17,Roblox,STATEMENT_CATEGORY_NEGATIVE_EFFECTS_ON_CIVIC_DISCOURSE_OR_ELECTIONS,1231,1107,0,124,630,257,45,0,0,302,0.8992688870836718,0.0,0.10073111291632819,0.511779041429732,0.20877335499593827,0.036555645816409424,0.0,0.0,0.24532900081234768,True
2026-08-17,Roblox,STATEMENT_CATEGORY_OTHER_VIOLATION_TC,384505,355762,0,28743,165641,127819,31687,0,0,159506,0.9252467458160492,0.0,0.07475325418395079,0.430790236797961,0.33242480591929885,0.08240985162741707,0.0,0.0,0.4148346575467159,True
2026-08-17,Roblox,STATEMENT_CATEGORY_PROTECTION_OF_MINORS,6429,5509,0,920,4327,1853,59,0,0,1912,0.8568984289936227,0.0,0.14310157100637735,0.673044019287603,0.2882252294291492,0.00917716596671333,0.0,0.0,0.2974023953958625,True
2026-08-17,Roblox,STATEMENT_CATEGORY_RISK_FOR_PUBLIC_SECURITY,3901,3309,0,592,985,1374,443,0,0,1817,0.8482440399897462,0.0,0.1517559600102538,0.2524993591386824,0.3522173801589336,0.113560625480646,0.0,0.0,0.4657780056395796,True
2026-08-17,Roblox,STATEMENT_CATEGORY_SCAMS_AND_FRAUD,181890,179828,0,2062,156425,1199,7357,0,0,8556,0.9886634779262191,0.0,0.011336522073780856,0.8599978008686568,0.006591896201000605,0.04044752322832481,0.0,0.0,0.047039419429325414,True
2026-08-17,Roblox,STATEMENT_CATEGORY_SELF_HARM,8224,4663,0,3561,7976,0,0,0,0,0,0.5669990272373541,0.0,0.43300097276264593,0.9698443579766537,0.0,0.0,0.0,0.0,0.0,True
2026-08-17,Roblox,STATEMENT_CATEGORY_UNSAFE_AND_PROHIBITED_PRODUCTS,30418,29835,0,583,28594,10,310,0,0,320,0.9808337168781642,0.0,0.019166283121835756,0.9400355052929187,0.00032875271220987574,0.010191334078506148,0.0,0.0,0.010520086790716024,True
2026-08-17,Roblox,STATEMENT_CATEGORY_VIOLENCE,13675,11790,0,1885,5946,1133,844,0,0,1977,0.8621572212065813,0.0,0.13784277879341864,0.43480804387568556,0.08285191956124315,0.06171846435100548,0.0,0.0,0.14457038391224863,True
2026-08-17,Snapchat,STATEMENT_CATEGORY_CYBER_VIOLENCE,8725,844,0,7881,7460,0,1265,0,0,1265,0.09673352435530086,0.0,0.9032664756446991,0.8550143266475645,0.0,0.14498567335243553,0.0,0.0,0.14498567335243553,True
2026-08-17,Snapchat,STATEMENT_CATEGORY_DATA_PROTECTION_AND_PRIVACY_VIOLATIONS,4,0,0,4,4,0,0,0,0,0,0.0,0.0,1.0,1.0,0.0,0.0,0.0,0.0,0.0,True
2026-08-17,Snapchat,STATEMENT_CATEGORY_ILLEGAL_OR_HARMFUL_SPEECH,1823,27,0,1796,1788,0,35,0,0,35,0.014810751508502468,0.0,0.9851892484914976,0.9808008776741635,0.0,0.019199122325836534,0.0,0.0,0.019199122325836534,True
2026-08-17,Snapchat,STATEMENT_CATEGORY_INTELLECTUAL_PROPERTY_INFRINGEMENTS,70,0,0,70,70,0,0,0,0,0,0.0,0.0,1.0,1.0,0.0,0.0,0.0,0.0,0.0,True
2026-08-17,Snapchat,STATEMENT_CATEGORY_OTHER_VIOLATION_TC,65264,29368,0,35896,32458,0,8796,0,0,8796,0.4499877420936504,0.0,0.5500122579063496,0.497333905368963,0.0,0.1347756803138024,0.0,0.0,0.1347756803138024,True
2026-08-17,Snapchat,STATEMENT_CATEGORY_PROTECTION_OF_MINORS,6998,5206,0,1792,3208,0,3790,0,0,3790,0.7439268362389254,0.0,0.2560731637610746,0.45841669048299516,0.0,0.5415833095170048,0.0,0.0,0.5415833095170048,True
2026-08-17,Snapchat,STATEMENT_CATEGORY_RISK_FOR_PUBLIC_SECURITY,98,0,0,98,92,0,6,0,0,6,0.0,0.0,1.0,0.9387755102040817,0.0,0.061224489795918366,0.0,0.0,0.061224489795918366,True
2026-08-17,Snapchat,STATEMENT_CATEGORY_SCAMS_AND_FRAUD,4872,112,0,4760,4304,0,568,0,0,568,0.022988505747126436,0.0,0.9770114942528736,0.8834154351395731,0.0,0.11658456486042693,0.0,0.0,0.11658456486042693,True
2026-08-17,Snapchat,STATEMENT_CATEGORY_SELF_HARM,27,1,0,26,24,0,3,0,0,3,0.037037037037037035,0.0,0.9629629629629629,0.8888888888888888,0.0,0.1111111111111111,0.0,0.0,0.1111111111111111,True
2026-08-17,Snapchat,STATEMENT_CATEGORY_UNSAFE_AND_PROHIBITED_PRODUCTS,18636,6570,0,12066,13042,0,5594,0,0,5594,0.3525434642627173,0.0,0.6474565357372827,0.6998282893324748,0.0,0.30017171066752524,0.0,0.0,0.30017171066752524,True
2026-08-17,Snapchat,STATEMENT_CATEGORY_VIOLENCE,1987,89,0,1898,1843,0,144,0,0,144,0.04479114242576749,0.0,0.9552088575742325,0.9275289380976346,0.0,0.07247106190236538,0.0,0.0,0.07247106190236538,True
2026-08-17,TikTok,STATEMENT_CATEGORY_ANIMAL_WELFARE,6346,5637,0,709,4638,0,0,0,0,0,0.8882760794201071,0.0,0.11172392057989285,0.7308540813110621,0.0,0.0,0.0,0.0,0.0,True
2026-08-17,TikTok,STATEMENT_CATEGORY_CYBER_VIOLENCE,999,3,0,996,364,0,0,0,0,0,0.003003003003003003,0.0,0.996996996996997,0.36436436436436437,0.0,0.0,0.0,0.0,0.0,True
2026-08-17,TikTok,STATEMENT_CATEGORY_DATA_PROTECTION_AND_PRIVACY_VIOLATIONS,75049,74658,0,391,74761,0,0,0,0,0,0.9947900704872816,0.0,0.005209929512718358,0.9961625071619875,0.0,0.0,0.0,0.0,0.0,True
2026-08-17,TikTok,STATEMENT_CATEGORY_ILLEGAL_OR_HARMFUL_SPEECH,1780608,1541050,0,239558,1606615,0,0,0,0,0,0.8654628082093307,0.0,0.13453719179066925,0.9022845005750845,0.0,0.0,0.0,0.0,0.0,True
2026-08-17,TikTok,STATEMENT_CATEGORY_INTELLECTUAL_PROPERTY_INFRINGEMENTS,2693,1159,0,1534,0,0,0,0,0,0,0.4303750464166357,0.0,0.5696249535833643,0.0,0.0,0.0,0.0,0.0,0.0,True
2026-08-17,TikTok,STATEMENT_CATEGORY_NEGATIVE_EFFECTS_ON_CIVIC_DISCOURSE_OR_ELECTIONS,259656,259346,0,310,136220,0,0,0,0,0,0.9988061127029608,0.0,0.0011938872970391596,0.5246171858150784,0.0,0.0,0.0,0.0,0.0,True
2026-08-17,TikTok,STATEMENT_CATEGORY_OTHER_VIOLATION_TC,6886326,6659766,0,226560,2480239,0,0,0,0,0,0.9671000182100005,0.0,0.032899981789999484,0.3601686879186376,0.0,0.0,0.0,0.0,0.0,True
2026-08-17,TikTok,STATEMENT_CATEGORY_PROTECTION_OF_MINORS,37231,32542,0,4689,25804,0,0,0,0,0,0.8740565657650883,0.0,0.12594343423491178,0.6930783486879214,0.0,0.0,0.0,0.0,0.0,True
2026-08-17,TikTok,STATEMENT_CATEGORY_RISK_FOR_PUBLIC_SECURITY,14690,1,0,14689,6330,0,0,0,0,0,6.807351940095303e-05,0.0,0.999931926480599,0.4309053778080327,0.0,0.0,0.0,0.0,0.0,True
2026-08-17,TikTok,STATEMENT_CATEGORY_SCAMS_AND_FRAUD,816329,813633,0,2696,669538,0,0,0,0,0,0.9966974099903347,0.0,0.0033025900096652207,0.8201815689507539,0.0,0.0,0.0,0.0,0.0,True
2026-08-17,TikTok,STATEMENT_CATEGORY_SELF_HARM,211269,208340,0,2929,117520,0,0,0,0,0,0.9861361581680228,0.0,0.013863841831977242,0.5562576620327639,0.0,0.0,0.0,0.0,0.0,True
2026-08-17,TikTok,STATEMENT_CATEGORY_UNSAFE_AND_PROHIBITED_PRODUCTS,57,0,0,57,0,0,0,0,0,0,0.0,0.0,1.0,0.0,0.0,0.0,0.0,0.0,0.0,True
2026-08-17,TikTok,STATEMENT_CATEGORY_VIOLENCE,2335846,2323080,0,12766,318724,0,0,0,0,0,0.9945347424444934,0.0,0.005465257555506656,0.13644906385095593,0.0,0.0,0.0,0.0,0.0,True
2026-08-17,X,STATEMENT_CATEGORY_ANIMAL_WELFARE,1,0,0,1,0,0,1,0,0,1,0.0,0.0,1.0,0.0,0.0,1.0,0.0,0.0,1.0,True
2026-08-17,X,STATEMENT_CATEGORY_CYBER_VIOLENCE,973,152,0,821,0,0,4,0,0,4,0.15621788283658788,0.0,0.8437821171634121,0.0,0.0,0.0041109969167523125,0.0,0.0,0.0041109969167523125,True
2026-08-17,X,STATEMENT_CATEGORY_DATA_PROTECTION_AND_PRIVACY_VIOLATIONS,11,0,0,11,0,0,1,0,0,1,0.0,0.0,1.0,0.0,0.0,0.09090909090909091,0.0,0.0,0.09090909090909091,True
2026-08-17,X,STATEMENT_CATEGORY_INTELLECTUAL_PROPERTY_INFRINGEMENTS,644,341,0,303,0,0,374,0,0,374,0.5295031055900621,0.0,0.4704968944099379,0.0,0.0,0.5807453416149069,0.0,0.0,0.5807453416149069,True
2026-08-17,X,STATEMENT_CATEGORY_OTHER_VIOLATION_TC,4892,3375,0,1517,0,3,12,3,0,15,0.6899018806214228,0.0,0.3100981193785773,0.0,0.0006132461161079313,0.0024529844644317253,0.0006132461161079313,0.0,0.003066230580539657,True
2026-08-17,X,STATEMENT_CATEGORY_PROTECTION_OF_MINORS,38423,35102,0,3321,0,1,38413,1,0,38414,0.9135673945293183,0.0,0.08643260547068163,0.0,2.6026078130286547e-05,0.9997397392186972,2.6026078130286547e-05,0.0,0.9997657652968274,True
2026-08-17,X,STATEMENT_CATEGORY_RISK_FOR_PUBLIC_SECURITY,1,0,0,1,0,0,1,0,0,1,0.0,0.0,1.0,0.0,0.0,1.0,0.0,0.0,1.0,True
2026-08-17,X,STATEMENT_CATEGORY_SCAMS_AND_FRAUD,91814,90628,0,1186,0,0,90825,0,0,90825,0.987082579998693,0.0,0.01291742000130699,0.0,0.0,0.98922822227547,0.0,0.0,0.98922822227547,True
2026-08-17,X,STATEMENT_CATEGORY_SELF_HARM,905,614,0,291,0,0,30,0,0,30,0.6784530386740332,0.0,0.32154696132596683,0.0,0.0,0.03314917127071823,0.0,0.0,0.03314917127071823,True
2026-08-17,X,STATEMENT_CATEGORY_UNSAFE_AND_PROHIBITED_PRODUCTS,1113,0,0,1113,0,0,1113,0,0,1113,0.0,0.0,1.0,0.0,0.0,1.0,0.0,0.0,1.0,True
2026-08-17,X,STATEMENT_CATEGORY_VIOLENCE,2096,1718,0,378,0,0,38,0,0,38,0.8196564885496184,0.0,0.1803435114503817,0.0,0.0,0.01812977099236641,0.0,0.0,0.01812977099236641,True
2026-08-17,YouTube,STATEMENT_CATEGORY_CONSUMER_INFORMATION,473901,31034,0,442867,472333,0,0,1562,0,1562,0.06548625134785535,0.0,0.9345137486521446,0.9966912920631102,0.0,0.0,0.003296047064682286,0.0,0.003296047064682286,True
2026-08-17,YouTube,STATEMENT_CATEGORY_CYBER_VIOLENCE,156,0,0,156,135,0,0,0,0,0,0.0,0.0,1.0,0.8653846153846154,0.0,0.0,0.0,0.0,0.0,True
2026-08-17,YouTube,STATEMENT_CATEGORY_DATA_PROTECTION_AND_PRIVACY_VIOLATIONS,2028,0,1437,591,1873,0,0,36,0,36,0.0,0.7085798816568047,0.29142011834319526,0.9235700197238659,0.0,0.0,0.01775147928994083,0.0,0.01775147928994083,True
2026-08-17,YouTube,STATEMENT_CATEGORY_ILLEGAL_OR_HARMFUL_SPEECH,1067,0,384,683,479,0,0,9,0,9,0.0,0.3598875351452671,0.6401124648547329,0.44892221180880976,0.0,0.0,0.008434864104967198,0.0,0.008434864104967198,True
2026-08-17,YouTube,STATEMENT_CATEGORY_INTELLECTUAL_PROPERTY_INFRINGEMENTS,6082,2,5127,953,5908,0,0,107,0,107,0.0003288391976323578,0.8429792831305492,0.15669187767181847,0.9713909898059849,0.0,0.0,0.01759289707333114,0.0,0.01759289707333114,True
2026-08-17,YouTube,STATEMENT_CATEGORY_NEGATIVE_EFFECTS_ON_CIVIC_DISCOURSE_OR_ELECTIONS,1894,469,0,1425,20,0,0,0,0,0,0.24762407602956704,0.0,0.752375923970433,0.010559662090813094,0.0,0.0,0.0,0.0,0.0,True
2026-08-17,YouTube,STATEMENT_CATEGORY_OTHER_VIOLATION_TC,480106,411884,54461,13761,443683,0,0,9231,0,9231,0.8579022132612382,0.11343536635659625,0.028662420382165606,0.9241355034096637,0.0,0.0,0.019227004036608583,0.0,0.019227004036608583,True
2026-08-17,YouTube,STATEMENT_CATEGORY_PROTECTION_OF_MINORS,32050,0,32050,0,32016,0,0,0,0,0,0.0,1.0,0.0,0.9989391575663027,0.0,0.0,0.0,0.0,0.0,True
2026-08-17,YouTube,STATEMENT_CATEGORY_RISK_FOR_PUBLIC_SECURITY,37,1,0,36,36,0,0,31,0,31,0.02702702702702703,0.0,0.972972972972973,0.972972972972973,0.0,0.0,0.8378378378378378,0.0,0.8378378378378378,True
2026-08-17,YouTube,STATEMENT_CATEGORY_SCAMS_AND_FRAUD,226873,1071,0,225802,220333,0,0,6569,0,6569,0.004720702772035456,0.0,0.9952792972279646,0.9711732995993353,0.0,0.0,0.0289545252189551,0.0,0.0289545252189551,True
2026-08-17,YouTube,STATEMENT_CATEGORY_UNSAFE_AND_PROHIBITED_PRODUCTS,77572,70501,0,7071,12461,0,0,0,0,0,0.9088459753519311,0.0,0.09115402464806889,0.16063785902129635,0.0,0.0,0.0,0.0,0.0,True
2026-08-17,YouTube,STATEMENT_CATEGORY_VIOLENCE,1832,1171,0,661,1832,0,0,0,0,0,0.6391921397379913,0.0,0.36080786026200873,1.0,0.0,0.0,0.0,0.0,0.0,True
2026-08-24,Instagram,STATEMENT_CATEGORY_CYBER_VIOLENCE,2640,0,208,2432,2633,5,0,0,0,5,0.0,0.07878787878787878,0.9212121212121213,0.9973484848484848,0.001893939393939394,0.0,0.0,0.0,0.001893939393939394,True
2026-08-24,Instagram,STATEMENT_CATEGORY_DATA_PROTECTION_AND_PRIVACY_VIOLATIONS,30744,0,30590,154,187,30557,0,0,0,30557,0.0,0.9949908925318761,0.005009107468123861,0.006082487639864689,0.9939175123601353,0.0,0.0,0.0,0.9939175123601353,True
2026-08-24,Instagram,STATEMENT_CATEGORY_ILLEGAL_OR_HARMFUL_SPEECH,4033,0,3496,537,4027,1,0,0,0,1,0.0,0.8668484998760229,0.1331515001239772,0.9985122737416315,0.0002479543763947434,0.0,0.0,0.0,0.0002479543763947434,True
2026-08-24,Instagram,STATEMENT_CATEGORY_INTELLECTUAL_PROPERTY_INFRINGEMENTS,6646,0,3443,3203,6060,586,0,0,0,586,0.0,0.5180559735179056,0.4819440264820945,0.9118266626542281,0.08817333734577189,0.0,0.0,0.0,0.08817333734577189,True
2026-08-24,Instagram,STATEMENT_CATEGORY_NEGATIVE_EFFECTS_ON_CIVIC_DISCOURSE_OR_ELECTIONS,1996,0,1995,1,1,0,0,0,0,0,0.0,0.999498997995992,0.000501002004008016,0.000501002004008016,0.0,0.0,0.0,0.0,0.0,True
2026-08-24,Instagram,STATEMENT_CATEGORY_OTHER_VIOLATION_TC,1933608,0,1870588,63020,551676,1381932,0,0,0,1381932,0.0,0.967408078576423,0.032591921423577065,0.28530912160065536,0.7146908783993446,0.0,0.0,0.0,0.7146908783993446,True
2026-08-24,Instagram,STATEMENT_CATEGORY_PROTECTION_OF_MINORS,62617,0,49426,13191,46593,16024,0,0,0,16024,0.0,0.7893383585927144,0.21066164140728555,0.7440950540588019,0.25590494594119806,0.0,0.0,0.0,0.25590494594119806,True
2026-08-24,Instagram,STATEMENT_CATEGORY_RISK_FOR_PUBLIC_SECURITY,19410,0,16562,2848,18944,466,0,0,0,466,0.0,0.8532715095311695,0.1467284904688305,0.9759917568263782,0.024008243173621845,0.0,0.0,0.0,0.024008243173621845,True
2026-08-24,Instagram,STATEMENT_CATEGORY_SCAMS_AND_FRAUD,378600,0,373156,5444,62825,315748,1,0,0,315749,0.0,0.9856207078711041,0.014379292128895932,0.1659403063919704,0.8339883782356049,2.641310089804543e-06,0.0,0.0,0.8339910195456947,True
2026-08-24,Instagram,STATEMENT_CATEGORY_SELF_HARM,4967,0,4348,619,4962,5,0,0,0,5,0.0,0.8753774914435273,0.12462250855647272,0.9989933561505939,0.0010066438494060802,0.0,0.0,0.0,0.0010066438494060802,True
2026-08-24,Instagram,STATEMENT_CATEGORY_UNSAFE_AND_PROHIBITED_PRODUCTS,6546,0,5746,800,6203,343,0,0,0,343,0.0,0.8777879621142682,0.12221203788573175,0.9476015887564925,0.052398411243507484,0.0,0.0,0.0,0.052398411243507484,True
2026-08-24,Instagram,STATEMENT_CATEGORY_VIOLENCE,11350,0,9016,2334,9707,1643,0,0,0,1643,0.0,0.7943612334801762,0.2056387665198238,0.8552422907488987,0.14475770925110132,0.0,0.0,0.0,0.14475770925110132,True
2026-08-24,LinkedIn,STATEMENT_CATEGORY_CYBER_VIOLENCE,432,7,0,425,432,0,0,0,0,0,0.016203703703703703,0.0,0.9837962962962963,1.0,0.0,0.0,0.0,0.0,0.0,True
2026-08-24,LinkedIn,STATEMENT_CATEGORY_ILLEGAL_OR_HARMFUL_SPEECH,338,2,0,336,337,0,0,1,0,1,0.005917159763313609,0.0,0.9940828402366864,0.9970414201183432,0.0,0.0,0.0029585798816568047,0.0,0.0029585798816568047,True
2026-08-24,LinkedIn,STATEMENT_CATEGORY_INTELLECTUAL_PROPERTY_INFRINGEMENTS,16,0,0,16,16,0,0,0,0,0,0.0,0.0,1.0,1.0,0.0,0.0,0.0,0.0,0.0,True
2026-08-24,LinkedIn,STATEMENT_CATEGORY_NEGATIVE_EFFECTS_ON_CIVIC_DISCOURSE_OR_ELECTIONS,42,6,0,36,34,0,0,0,0,0,0.14285714285714285,0.0,0.8571428571428571,0.8095238095238095,0.0,0.0,0.0,0.0,0.0,True
2026-08-24,LinkedIn,STATEMENT_CATEGORY_OTHER_VIOLATION_TC,4382,2090,0,2292,3597,0,28,2,0,30,0.47695116385212233,0.0,0.5230488361478777,0.8208580556823368,0.0,0.006389776357827476,0.00045641259698767686,0.0,0.006846188954815153,True
2026-08-24,LinkedIn,STATEMENT_CATEGORY_RISK_FOR_PUBLIC_SECURITY,1,0,0,1,1,0,0,0,0,0,0.0,0.0,1.0,1.0,0.0,0.0,0.0,0.0,0.0,True
2026-08-24,LinkedIn,STATEMENT_CATEGORY_SCAMS_AND_FRAUD,512,3,0,509,512,0,0,0,0,0,0.005859375,0.0,0.994140625,1.0,0.0,0.0,0.0,0.0,0.0,True
2026-08-24,LinkedIn,STATEMENT_CATEGORY_SELF_HARM,1,0,0,1,1,0,0,0,0,0,0.0,0.0,1.0,1.0,0.0,0.0,0.0,0.0,0.0,True
2026-08-24,LinkedIn,STATEMENT_CATEGORY_UNSAFE_AND_PROHIBITED_PRODUCTS,718,302,0,416,718,0,0,0,0,0,0.4206128133704735,0.0,0.5793871866295265,1.0,0.0,0.0,0.0,0.0,0.0,True
2026-08-24,LinkedIn,STATEMENT_CATEGORY_VIOLENCE,47,1,0,46,47,0,0,0,0,0,0.02127659574468085,0.0,0.9787234042553191,1.0,0.0,0.0,0.0,0.0,0.0,True
2026-08-24,Roblox,STATEMENT_CATEGORY_CONSUMER_INFORMATION,2,0,0,2,1,0,0,0,0,0,0.0,0.0,1.0,0.5,0.0,0.0,0.0,0.0,0.0,True
2026-08-24,Roblox,STATEMENT_CATEGORY_CYBER_VIOLENCE,198115,187180,0,10935,143178,779,21704,0,0,22483,0.9448047850995633,0.0,0.055195214900436614,0.7227014612724932,0.003932059662317341,0.10955253261994297,0.0,0.0,0.11348459228226031,True
2026-08-24,Roblox,STATEMENT_CATEGORY_DATA_PROTECTION_AND_PRIVACY_VIOLATIONS,8842975,8842064,0,911,8828812,493,3361,0,0,3854,0.9998969803714248,0.0,0.00010301962857522496,0.9983983896822054,5.575046859230067e-05,0.000380075709814853,0.0,0.0,0.0004358261784071537,True
2026-08-24,Roblox,STATEMENT_CATEGORY_ILLEGAL_OR_HARMFUL_SPEECH,258377,248489,0,9888,149244,50821,22489,0,0,73310,0.9617303397748251,0.0,0.03826966022517484,0.5776210730831305,0.1966932041164655,0.08703948106836135,0.0,0.0,0.2837326851848268,True
2026-08-24,Roblox,STATEMENT_CATEGORY_INTELLECTUAL_PROPERTY_INFRINGEMENTS,1089,77,0,1012,732,37,31,0,0,68,0.0707070707070707,0.0,0.9292929292929293,0.6721763085399449,0.03397612488521579,0.028466483011937556,0.0,0.0,0.06244260789715335,True
2026-08-24,Roblox,STATEMENT_CATEGORY_NEGATIVE_EFFECTS_ON_CIVIC_DISCOURSE_OR_ELECTIONS,22682,22618,0,64,22196,226,28,0,0,254,0.9971783793316286,0.0,0.002821620668371396,0.9785733180495547,0.009963847985186491,0.0012344590424124857,0.0,0.0,0.011198307027598978,True
2026-08-24,Roblox,STATEMENT_CATEGORY_OTHER_VIOLATION_TC,3836571,3810570,0,26001,553087,3162064,60175,0,0,3222239,0.9932228544708283,0.0,0.0067771455291717525,0.14416180490338898,0.824190142708163,0.01568457875535211,0.0,0.0,0.8398747214635152,True
2026-08-24,Roblox,STATEMENT_CATEGORY_PROTECTION_OF_MINORS,117885,115940,0,1945,114776,2444,170,0,0,2614,0.9835008694914535,0.0,0.016499130508546466,0.9736268397166731,0.020732069389659415,0.0014420833863511048,0.0,0.0,0.02217415277601052,True
2026-08-24,Roblox,STATEMENT_CATEGORY_RISK_FOR_PUBLIC_SECURITY,34110,32520,0,1590,24290,5280,420,0,0,5700,0.9533861037818822,0.0,0.04661389621811785,0.7121078862503665,0.1547933157431838,0.012313104661389622,0.0,0.0,0.16710642040457344,True
2026-08-24,Roblox,STATEMENT_CATEGORY_SCAMS_AND_FRAUD,637413,634537,0,2876,550388,1899,4162,0,0,6061,0.9954880116972826,0.0,0.004511988302717391,0.8634715639624545,0.002979230106696914,0.006529518538216195,0.0,0.0,0.00950874864491311,True
2026-08-24,Roblox,STATEMENT_CATEGORY_SELF_HARM,204392,203989,0,403,204078,0,0,0,0,0,0.9980282985635446,0.0,0.0019717014364554384,0.9984637363497593,0.0,0.0,0.0,0.0,0.0,True
2026-08-24,Roblox,STATEMENT_CATEGORY_UNSAFE_AND_PROHIBITED_PRODUCTS,53334,52597,0,737,51570,14,307,0,0,321,0.9861814227322159,0.0,0.013818577267784153,0.9669254134323321,0.00026249671879101513,0.005756178047774403,0.0,0.0,0.006018674766565418,True
2026-08-24,Roblox,STATEMENT_CATEGORY_VIOLENCE,27887,25838,0,2049,19153,2085,843,0,0,2928,0.9265249040771686,0.0,0.07347509592283143,0.6868074730161007,0.07476602000932334,0.030229139025352316,0.0,0.0,0.10499515903467566,True
2026-08-24,Snapchat,STATEMENT_CATEGORY_CYBER_VIOLENCE,8085,834,0,7251,6879,0,1206,0,0,1206,0.10315398886827458,0.0,0.8968460111317255,0.850834879406308,0.0,0.14916512059369202,0.0,0.0,0.14916512059369202,True
2026-08-24,Snapchat,STATEMENT_CATEGORY_DATA_PROTECTION_AND_PRIVACY_VIOLATIONS,8,0,0,8,8,0,0,0,0,0,0.0,0.0,1.0,1.0,0.0,0.0,0.0,0.0,0.0,True
2026-08-24,Snapchat,STATEMENT_CATEGORY_ILLEGAL_OR_HARMFUL_SPEECH,1751,29,0,1722,1713,0,38,0,0,38,0.01656196459166191,0.0,0.9834380354083381,0.9782981153626499,0.0,0.021701884637350087,0.0,0.0,0.021701884637350087,True
2026-08-24,Snapchat,STATEMENT_CATEGORY_INTELLECTUAL_PROPERTY_INFRINGEMENTS,146,0,0,146,143,0,3,0,0,3,0.0,0.0,1.0,0.9794520547945206,0.0,0.02054794520547945,0.0,0.0,0.02054794520547945,True
2026-08-24,Snapchat,STATEMENT_CATEGORY_OTHER_VIOLATION_TC,61207,26903,0,34304,30471,0,7573,0,0,7573,0.4395412289444018,0.0,0.5604587710555983,0.4978352149263973,0.0,0.12372767820674106,0.0,0.0,0.12372767820674106,True
2026-08-24,Snapchat,STATEMENT_CATEGORY_PROTECTION_OF_MINORS,4369,2823,0,1546,1966,0,2403,0,0,2403,0.64614328221561,0.0,0.35385671778439004,0.4499885557335775,0.0,0.5500114442664226,0.0,0.0,0.5500114442664226,True
2026-08-24,Snapchat,STATEMENT_CATEGORY_RISK_FOR_PUBLIC_SECURITY,72,0,0,72,67,0,5,0,0,5,0.0,0.0,1.0,0.9305555555555556,0.0,0.06944444444444445,0.0,0.0,0.06944444444444445,True
2026-08-24,Snapchat,STATEMENT_CATEGORY_SCAMS_AND_FRAUD,4295,95,0,4200,3762,0,533,0,0,533,0.02211874272409779,0.0,0.9778812572759022,0.8759022118742724,0.0,0.1240977881257276,0.0,0.0,0.1240977881257276,True
2026-08-24,Snapchat,STATEMENT_CATEGORY_SELF_HARM,46,3,0,43,43,0,3,0,0,3,0.06521739130434782,0.0,0.9347826086956522,0.9347826086956522,0.0,0.06521739130434782,0.0,0.0,0.06521739130434782,True
2026-08-24,Snapchat,STATEMENT_CATEGORY_UNSAFE_AND_PROHIBITED_PRODUCTS,18124,6476,0,11648,12602,0,5522,0,0,5522,0.3573162657250055,0.0,0.6426837342749945,0.6953211211653056,0.0,0.30467887883469436,0.0,0.0,0.30467887883469436,True
2026-08-24,Snapchat,STATEMENT_CATEGORY_VIOLENCE,1765,40,0,1725,1623,0,142,0,0,142,0.0226628895184136,0.0,0.9773371104815864,0.9195467422096317,0.0,0.08045325779036827,0.0,0.0,0.08045325779036827,True
2026-08-24,TikTok,STATEMENT_CATEGORY_ANIMAL_WELFARE,6472,5862,0,610,4674,0,0,0,0,0,0.9057478368355995,0.0,0.0942521631644005,0.7221878862793573,0.0,0.0,0.0,0.0,0.0,True
2026-08-24,TikTok,STATEMENT_CATEGORY_CYBER_VIOLENCE,1004,1,0,1003,346,0,0,0,0,0,0.00099601593625498,0.0,0.999003984063745,0.34462151394422313,0.0,0.0,0.0,0.0,0.0,True
2026-08-24,TikTok,STATEMENT_CATEGORY_DATA_PROTECTION_AND_PRIVACY_VIOLATIONS,64384,64005,0,379,64086,0,0,0,0,0,0.9941134443339961,0.0,0.005886555666003976,0.9953715208747514,0.0,0.0,0.0,0.0,0.0,True
2026-08-24,TikTok,STATEMENT_CATEGORY_ILLEGAL_OR_HARMFUL_SPEECH,1678835,1440525,0,238310,1499974,0,0,0,0,0,0.8580503742178356,0.0,0.1419496257821644,0.89346123949048,0.0,0.0,0.0,0.0,0.0,True
2026-08-24,TikTok,STATEMENT_CATEGORY_INTELLECTUAL_PROPERTY_INFRINGEMENTS,2915,1162,0,1753,0,0,0,0,0,0,0.3986277873070326,0.0,0.6013722126929674,0.0,0.0,0.0,0.0,0.0,0.0,True
2026-08-24,TikTok,STATEMENT_CATEGORY_NEGATIVE_EFFECTS_ON_CIVIC_DISCOURSE_OR_ELECTIONS,296095,295793,0,302,163371,0,0,0,0,0,0.9989800570762762,0.0,0.001019942923723805,0.5517519714956348,0.0,0.0,0.0,0.0,0.0,True
2026-08-24,TikTok,STATEMENT_CATEGORY_OTHER_VIOLATION_TC,6873153,6606389,0,266764,2399027,0,0,0,0,0,0.9611875364916218,0.0,0.03881246350837818,0.34904315384802287,0.0,0.0,0.0,0.0,0.0,True
2026-08-24,TikTok,STATEMENT_CATEGORY_PROTECTION_OF_MINORS,32296,28117,0,4179,20502,0,0,0,0,0,0.8706031706712906,0.0,0.12939682932870944,0.6348154570225415,0.0,0.0,0.0,0.0,0.0,True
2026-08-24,TikTok,STATEMENT_CATEGORY_RISK_FOR_PUBLIC_SECURITY,14212,0,0,14212,5830,0,0,0,0,0,0.0,0.0,1.0,0.4102167182662539,0.0,0.0,0.0,0.0,0.0,True
2026-08-24,TikTok,STATEMENT_CATEGORY_SCAMS_AND_FRAUD,671089,669156,0,1933,535453,0,0,0,0,0,0.9971196070863925,0.0,0.002880392913607584,0.7978867184531411,0.0,0.0,0.0,0.0,0.0,True
2026-08-24,TikTok,STATEMENT_CATEGORY_SELF_HARM,201467,199072,0,2395,116405,0,0,0,0,0,0.9881121970347501,0.0,0.011887802965249892,0.5777869328475631,0.0,0.0,0.0,0.0,0.0,True
2026-08-24,TikTok,STATEMENT_CATEGORY_UNSAFE_AND_PROHIBITED_PRODUCTS,48,0,0,48,0,0,0,0,0,0,0.0,0.0,1.0,0.0,0.0,0.0,0.0,0.0,0.0,True
2026-08-24,TikTok,STATEMENT_CATEGORY_VIOLENCE,2352140,2340644,0,11496,308323,0,0,0,0,0,0.9951125358184462,0.0,0.004887464181553819,0.13108190838980674,0.0,0.0,0.0,0.0,0.0,True
2026-08-24,X,STATEMENT_CATEGORY_ANIMAL_WELFARE,5,0,0,5,0,0,5,0,0,5,0.0,0.0,1.0,0.0,0.0,1.0,0.0,0.0,1.0,True
2026-08-24,X,STATEMENT_CATEGORY_CYBER_VIOLENCE,793,105,0,688,0,0,0,0,0,0,0.13240857503152584,0.0,0.8675914249684742,0.0,0.0,0.0,0.0,0.0,0.0,True
2026-08-24,X,STATEMENT_CATEGORY_DATA_PROTECTION_AND_PRIVACY_VIOLATIONS,28,0,0,28,0,0,2,0,0,2,0.0,0.0,1.0,0.0,0.0,0.07142857142857142,0.0,0.0,0.07142857142857142,True
2026-08-24,X,STATEMENT_CATEGORY_INTELLECTUAL_PROPERTY_INFRINGEMENTS,701,399,0,302,0,0,361,0,0,361,0.5691868758915835,0.0,0.43081312410841655,0.0,0.0,0.514978601997147,0.0,0.0,0.514978601997147,True
2026-08-24,X,STATEMENT_CATEGORY_OTHER_VIOLATION_TC,4887,3387,0,1500,0,10,22,10,0,32,0.6930632289748312,0.0,0.3069367710251688,0.0,0.0020462451401677922,0.004501739308369143,0.0020462451401677922,0.0,0.006547984448536935,True
2026-08-24,X,STATEMENT_CATEGORY_PROTECTION_OF_MINORS,36865,34045,0,2820,0,1,36857,1,0,36858,0.9235046792350468,0.0,0.0764953207649532,0.0,2.712600027126e-05,0.9997829919978299,2.712600027126e-05,0.0,0.9998101179981012,True
2026-08-24,X,STATEMENT_CATEGORY_RISK_FOR_PUBLIC_SECURITY,2,0,0,2,0,0,2,0,0,2,0.0,0.0,1.0,0.0,0.0,1.0,0.0,0.0,1.0,True
2026-08-24,X,STATEMENT_CATEGORY_SCAMS_AND_FRAUD,95025,93997,0,1028,0,0,94186,0,0,94186,0.9891817942646672,0.0,0.010818205735332808,0.0,0.0,0.9911707445409103,0.0,0.0,0.9911707445409103,True
2026-08-24,X,STATEMENT_CATEGORY_SELF_HARM,941,643,0,298,0,0,21,0,0,21,0.6833156216790648,0.0,0.31668437832093516,0.0,0.0,0.022316684378320937,0.0,0.0,0.022316684378320937,True
2026-08-24,X,STATEMENT_CATEGORY_UNSAFE_AND_PROHIBITED_PRODUCTS,485,0,0,485,0,0,485,0,0,485,0.0,0.0,1.0,0.0,0.0,1.0,0.0,0.0,1.0,True
2026-08-24,X,STATEMENT_CATEGORY_VIOLENCE,1977,1541,0,436,0,0,32,0,0,32,0.7794638340920587,0.0,0.2205361659079413,0.0,0.0,0.01618614061709661,0.0,0.0,0.01618614061709661,True
2026-08-24,YouTube,STATEMENT_CATEGORY_CONSUMER_INFORMATION,122437,106926,0,15511,120755,0,0,1203,0,1203,0.8733144392626412,0.0,0.12668556073735882,0.9862623226639006,0.0,0.0,0.00982546125762637,0.0,0.00982546125762637,True
2026-08-24,YouTube,STATEMENT_CATEGORY_CYBER_VIOLENCE,63,0,0,63,47,0,0,0,0,0,0.0,0.0,1.0,0.746031746031746,0.0,0.0,0.0,0.0,0.0,True
2026-08-24,YouTube,STATEMENT_CATEGORY_DATA_PROTECTION_AND_PRIVACY_VIOLATIONS,1952,0,1381,571,1810,0,0,32,0,32,0.0,0.7074795081967213,0.2925204918032787,0.9272540983606558,0.0,0.0,0.01639344262295082,0.0,0.01639344262295082,True
2026-08-24,YouTube,STATEMENT_CATEGORY_ILLEGAL_OR_HARMFUL_SPEECH,538,0,482,56,504,0,0,9,0,9,0.0,0.895910780669145,0.10408921933085502,0.9368029739776952,0.0,0.0,0.016728624535315983,0.0,0.016728624535315983,True
2026-08-24,YouTube,STATEMENT_CATEGORY_INTELLECTUAL_PROPERTY_INFRINGEMENTS,11432,0,5901,5531,10559,0,0,92,0,92,0.0,0.5161826452064381,0.4838173547935619,0.9236354093771868,0.0,0.0,0.008047585724282715,0.0,0.008047585724282715,True
2026-08-24,YouTube,STATEMENT_CATEGORY_NEGATIVE_EFFECTS_ON_CIVIC_DISCOURSE_OR_ELECTIONS,1790,408,0,1382,24,0,0,0,0,0,0.22793296089385476,0.0,0.7720670391061453,0.013407821229050279,0.0,0.0,0.0,0.0,0.0,True
2026-08-24,YouTube,STATEMENT_CATEGORY_OTHER_VIOLATION_TC,519707,447984,56625,15098,481477,0,0,9512,0,9512,0.861993392430735,0.10895562307223108,0.029050984497033906,0.9264393206171939,0.0,0.0,0.018302620515020965,0.0,0.018302620515020965,True
2026-08-24,YouTube,STATEMENT_CATEGORY_PROTECTION_OF_MINORS,31296,0,31294,2,31255,0,0,0,0,0,0.0,0.9999360940695297,6.390593047034765e-05,0.9986899284253579,0.0,0.0,0.0,0.0,0.0,True
2026-08-24,YouTube,STATEMENT_CATEGORY_RISK_FOR_PUBLIC_SECURITY,47,0,0,47,34,0,0,28,0,28,0.0,0.0,1.0,0.723404255319149,0.0,0.0,0.5957446808510638,0.0,0.5957446808510638,True
2026-08-24,YouTube,STATEMENT_CATEGORY_SCAMS_AND_FRAUD,126469,904,0,125565,121587,0,0,4899,0,4899,0.007147996742284671,0.0,0.9928520032577153,0.9613976547612458,0.0,0.0,0.038736765531474114,0.0,0.038736765531474114,True
2026-08-24,YouTube,STATEMENT_CATEGORY_UNSAFE_AND_PROHIBITED_PRODUCTS,93128,87536,0,5592,15629,0,0,0,0,0,0.9399536122326261,0.0,0.060046387767373935,0.16782278154797697,0.0,0.0,0.0,0.0,0.0,True
2026-08-24,YouTube,STATEMENT_CATEGORY_VIOLENCE,744,588,0,156,744,0,0,0,0,0,0.7903225806451613,0.0,0.20967741935483872,1.0,0.0,0.0,0.0,0.0,0.0,True
2026-08-31,Instagram,STATEMENT_CATEGORY_CYBER_VIOLENCE,442,0,17,425,441,1,0,0,0,1,0.0,0.038461538461538464,0.9615384615384616,0.997737556561086,0.0022624434389140274,0.0,0.0,0.0,0.0022624434389140274,False
2026-08-31,Instagram,STATEMENT_CATEGORY_DATA_PROTECTION_AND_PRIVACY_VIOLATIONS,1542,0,1517,25,25,1517,0,0,0,1517,0.0,0.98378728923476,0.01621271076523995,0.01621271076523995,0.98378728923476,0.0,0.0,0.0,0.98378728923476,False
2026-08-31,Instagram,STATEMENT_CATEGORY_ILLEGAL_OR_HARMFUL_SPEECH,554,0,456,98,554,0,0,0,0,0,0.0,0.8231046931407943,0.17689530685920576,1.0,0.0,0.0,0.0,0.0,0.0,False
2026-08-31,Instagram,STATEMENT_CATEGORY_INTELLECTUAL_PROPERTY_INFRINGEMENTS,728,0,223,505,650,78,0,0,0,78,0.0,0.30631868131868134,0.6936813186813187,0.8928571428571429,0.10714285714285714,0.0,0.0,0.0,0.10714285714285714,False
2026-08-31,Instagram,STATEMENT_CATEGORY_NEGATIVE_EFFECTS_ON_CIVIC_DISCOURSE_OR_ELECTIONS,92,0,92,0,0,0,0,0,0,0,0.0,1.0,0.0,0.0,0.0,0.0,0.0,0.0,0.0,False
2026-08-31,Instagram,STATEMENT_CATEGORY_OTHER_VIOLATION_TC,308268,0,299421,8847,98571,209697,0,0,0,209697,0.0,0.9713009459301647,0.028699054069835337,0.3197574837479077,0.6802425162520923,0.0,0.0,0.0,0.6802425162520923,False
2026-08-31,Instagram,STATEMENT_CATEGORY_PROTECTION_OF_MINORS,7120,0,5578,1542,4903,2217,0,0,0,2217,0.0,0.7834269662921348,0.21657303370786518,0.688623595505618,0.31137640449438203,0.0,0.0,0.0,0.31137640449438203,False
2026-08-31,Instagram,STATEMENT_CATEGORY_RISK_FOR_PUBLIC_SECURITY,3273,0,2894,379,3216,57,0,0,0,57,0.0,0.8842040941032692,0.11579590589673083,0.9825847846012832,0.017415215398716773,0.0,0.0,0.0,0.017415215398716773,False
2026-08-31,Instagram,STATEMENT_CATEGORY_SCAMS_AND_FRAUD,51620,0,50918,702,6616,44996,0,0,0,44996,0.0,0.9864006199147617,0.01359938008523828,0.12816737698566447,0.8716776443239055,0.0,0.0,0.0,0.8716776443239055,False
2026-08-31,Instagram,STATEMENT_CATEGORY_SELF_HARM,688,0,597,91,687,1,0,0,0,1,0.0,0.8677325581395349,0.13226744186046513,0.998546511627907,0.0014534883720930232,0.0,0.0,0.0,0.0014534883720930232,False
2026-08-31,Instagram,STATEMENT_CATEGORY_UNSAFE_AND_PROHIBITED_PRODUCTS,898,0,820,78,875,23,0,0,0,23,0.0,0.9131403118040089,0.08685968819599109,0.9743875278396437,0.025612472160356347,0.0,0.0,0.0,0.025612472160356347,False
2026-08-31,Instagram,STATEMENT_CATEGORY_VIOLENCE,1483,0,1197,286,1283,200,0,0,0,200,0.0,0.8071476736345247,0.1928523263654754,0.8651382333108564,0.13486176668914363,0.0,0.0,0.0,0.13486176668914363,False
2026-08-31,LinkedIn,STATEMENT_CATEGORY_CYBER_VIOLENCE,71,4,0,67,71,0,0,0,0,0,0.056338028169014086,0.0,0.9436619718309859,1.0,0.0,0.0,0.0,0.0,0.0,False
2026-08-31,LinkedIn,STATEMENT_CATEGORY_ILLEGAL_OR_HARMFUL_SPEECH,60,0,0,60,60,0,0,0,0,0,0.0,0.0,1.0,1.0,0.0,0.0,0.0,0.0,0.0,False
2026-08-31,LinkedIn,STATEMENT_CATEGORY_INTELLECTUAL_PROPERTY_INFRINGEMENTS,1,0,0,1,1,0,0,0,0,0,0.0,0.0,1.0,1.0,0.0,0.0,0.0,0.0,0.0,False
2026-08-31,LinkedIn,STATEMENT_CATEGORY_NEGATIVE_EFFECTS_ON_CIVIC_DISCOURSE_OR_ELECTIONS,9,0,0,9,7,0,0,0,0,0,0.0,0.0,1.0,0.7777777777777778,0.0,0.0,0.0,0.0,0.0,False
2026-08-31,LinkedIn,STATEMENT_CATEGORY_OTHER_VIOLATION_TC,1018,584,0,434,914,0,4,0,0,4,0.5736738703339882,0.0,0.4263261296660118,0.8978388998035364,0.0,0.003929273084479371,0.0,0.0,0.003929273084479371,False
2026-08-31,LinkedIn,STATEMENT_CATEGORY_SCAMS_AND_FRAUD,25,0,0,25,25,0,0,0,0,0,0.0,0.0,1.0,1.0,0.0,0.0,0.0,0.0,0.0,False
2026-08-31,LinkedIn,STATEMENT_CATEGORY_UNSAFE_AND_PROHIBITED_PRODUCTS,133,67,0,66,133,0,0,0,0,0,0.5037593984962406,0.0,0.49624060150375937,1.0,0.0,0.0,0.0,0.0,0.0,False
2026-08-31,LinkedIn,STATEMENT_CATEGORY_VIOLENCE,21,0,0,21,21,0,0,0,0,0,0.0,0.0,1.0,1.0,0.0,0.0,0.0,0.0,0.0,False
2026-08-31,Roblox,STATEMENT_CATEGORY_CONSUMER_INFORMATION,1,0,0,1,1,0,0,0,0,0,0.0,0.0,1.0,1.0,0.0,0.0,0.0,0.0,0.0,False
2026-08-31,Roblox,STATEMENT_CATEGORY_CYBER_VIOLENCE,118075,116218,0,1857,109807,185,2877,0,0,3062,0.9842727080245607,0.0,0.015727291975439338,0.9299767097183993,0.0015668007622273979,0.024365869150963372,0.0,0.0,0.025932669913190768,False
2026-08-31,Roblox,STATEMENT_CATEGORY_DATA_PROTECTION_AND_PRIVACY_VIOLATIONS,940748,937742,0,3006,935429,2083,879,0,0,2962,0.996804670326166,0.0,0.003195329673834013,0.9943459885112698,0.002214195512507069,0.0009343628686959739,0.0,0.0,0.0031485583812030427,False
2026-08-31,Roblox,STATEMENT_CATEGORY_ILLEGAL_OR_HARMFUL_SPEECH,111306,110614,0,692,108427,66,1445,0,0,1511,0.9937829047850071,0.0,0.0062170952149929026,0.9741343683179703,0.0005929599482507682,0.012982229170035758,0.0,0.0,0.013575189118286526,False
2026-08-31,Roblox,STATEMENT_CATEGORY_INTELLECTUAL_PROPERTY_INFRINGEMENTS,113,8,0,105,81,1,5,0,0,6,0.07079646017699115,0.0,0.9292035398230089,0.7168141592920354,0.008849557522123894,0.04424778761061947,0.0,0.0,0.05309734513274336,False
2026-08-31,Roblox,STATEMENT_CATEGORY_NEGATIVE_EFFECTS_ON_CIVIC_DISCOURSE_OR_ELECTIONS,14139,14132,0,7,14122,0,2,0,0,2,0.9995049154820002,0.0,0.0004950845179998585,0.9987976518848575,0.0,0.00014145271942853102,0.0,0.0,0.00014145271942853102,False
2026-08-31,Roblox,STATEMENT_CATEGORY_OTHER_VIOLATION_TC,468101,463147,0,4954,447372,10324,2847,0,0,13171,0.9894168138927283,0.0,0.01058318610727172,0.9557168217970053,0.022055069311964725,0.006082020760476906,0.0,0.0,0.028137090072441633,False
2026-08-31,Roblox,STATEMENT_CATEGORY_PROTECTION_OF_MINORS,70426,70190,0,236,70083,286,19,0,0,305,0.9966489648709284,0.0,0.0033510351290716497,0.9951296396217306,0.00406100019879022,0.0002697867264930565,0.0,0.0,0.004330786925283276,False
2026-08-31,Roblox,STATEMENT_CATEGORY_RISK_FOR_PUBLIC_SECURITY,15016,14911,0,105,14862,14,50,0,0,64,0.9930074587107086,0.0,0.006992541289291422,0.9897442727757059,0.0009323388385721897,0.0033297815663292487,0.0,0.0,0.004262120404901438,False
2026-08-31,Roblox,STATEMENT_CATEGORY_SCAMS_AND_FRAUD,236776,236394,0,382,234318,112,361,0,0,473,0.9983866608102172,0.0,0.0016133391897827482,0.9896188802919215,0.0004730209142818529,0.0015246477683549008,0.0,0.0,0.0019976686826367537,False
2026-08-31,Roblox,STATEMENT_CATEGORY_SELF_HARM,115812,115776,0,36,115780,0,0,0,0,0,0.9996891513832763,0.0,0.00031084861672365556,0.9997236901184678,0.0,0.0,0.0,0.0,0.0,False
2026-08-31,Roblox,STATEMENT_CATEGORY_UNSAFE_AND_PROHIBITED_PRODUCTS,34849,34788,0,61,34597,0,45,0,0,45,0.9982495910930013,0.0,0.0017504089069987662,0.9927688025481363,0.0,0.0012912852592613848,0.0,0.0,0.0012912852592613848,False
2026-08-31,Roblox,STATEMENT_CATEGORY_VIOLENCE,13292,13193,0,99,12719,23,84,0,0,107,0.992551910923864,0.0,0.007448089076136022,0.9568913632260005,0.0017303641287992777,0.006319590731266927,0.0,0.0,0.008049954860066206,False
2026-08-31,Snapchat,STATEMENT_CATEGORY_CYBER_VIOLENCE,1221,128,0,1093,1041,0,180,0,0,180,0.10483210483210484,0.0,0.8951678951678952,0.8525798525798526,0.0,0.14742014742014742,0.0,0.0,0.14742014742014742,False
2026-08-31,Snapchat,STATEMENT_CATEGORY_ILLEGAL_OR_HARMFUL_SPEECH,235,4,0,231,228,0,7,0,0,7,0.01702127659574468,0.0,0.9829787234042553,0.9702127659574468,0.0,0.029787234042553193,0.0,0.0,0.029787234042553193,False
2026-08-31,Snapchat,STATEMENT_CATEGORY_OTHER_VIOLATION_TC,9177,4240,0,4937,5215,0,1028,0,0,1028,0.4620246267843522,0.0,0.5379753732156478,0.5682684973302822,0.0,0.11201917838073444,0.0,0.0,0.11201917838073444,False
2026-08-31,Snapchat,STATEMENT_CATEGORY_PROTECTION_OF_MINORS,456,240,0,216,143,0,313,0,0,313,0.5263157894736842,0.0,0.47368421052631576,0.31359649122807015,0.0,0.6864035087719298,0.0,0.0,0.6864035087719298,False
2026-08-31,Snapchat,STATEMENT_CATEGORY_RISK_FOR_PUBLIC_SECURITY,11,0,0,11,9,0,2,0,0,2,0.0,0.0,1.0,0.8181818181818182,0.0,0.18181818181818182,0.0,0.0,0.18181818181818182,False
2026-08-31,Snapchat,STATEMENT_CATEGORY_SCAMS_AND_FRAUD,542,18,0,524,468,0,74,0,0,74,0.033210332103321034,0.0,0.966789667896679,0.8634686346863468,0.0,0.13653136531365315,0.0,0.0,0.13653136531365315,False
2026-08-31,Snapchat,STATEMENT_CATEGORY_SELF_HARM,10,2,0,8,10,0,0,0,0,0,0.2,0.0,0.8,1.0,0.0,0.0,0.0,0.0,0.0,False
2026-08-31,Snapchat,STATEMENT_CATEGORY_UNSAFE_AND_PROHIBITED_PRODUCTS,2653,945,0,1708,1889,0,764,0,0,764,0.3562005277044855,0.0,0.6437994722955145,0.7120241236336223,0.0,0.28797587636637767,0.0,0.0,0.28797587636637767,False
2026-08-31,Snapchat,STATEMENT_CATEGORY_VIOLENCE,228,2,0,226,209,0,19,0,0,19,0.008771929824561403,0.0,0.9912280701754386,0.9166666666666666,0.0,0.08333333333333333,0.0,0.0,0.08333333333333333,False
2026-08-31,TikTok,STATEMENT_CATEGORY_ANIMAL_WELFARE,802,741,0,61,589,0,0,0,0,0,0.9239401496259352,0.0,0.07605985037406483,0.7344139650872819,0.0,0.0,0.0,0.0,0.0,False
2026-08-31,TikTok,STATEMENT_CATEGORY_CYBER_VIOLENCE,160,0,0,160,55,0,0,0,0,0,0.0,0.0,1.0,0.34375,0.0,0.0,0.0,0.0,0.0,False
2026-08-31,TikTok,STATEMENT_CATEGORY_DATA_PROTECTION_AND_PRIVACY_VIOLATIONS,9313,9167,0,146,9189,0,0,0,0,0,0.9843229893696983,0.0,0.01567701063030173,0.9866852786427575,0.0,0.0,0.0,0.0,0.0,False
2026-08-31,TikTok,STATEMENT_CATEGORY_ILLEGAL_OR_HARMFUL_SPEECH,223610,192514,0,31096,198871,0,0,0,0,0,0.8609364518581458,0.0,0.13906354814185412,0.8893654129958409,0.0,0.0,0.0,0.0,0.0,False
2026-08-31,TikTok,STATEMENT_CATEGORY_INTELLECTUAL_PROPERTY_INFRINGEMENTS,489,128,0,361,0,0,0,0,0,0,0.261758691206544,0.0,0.7382413087934561,0.0,0.0,0.0,0.0,0.0,0.0,False
2026-08-31,TikTok,STATEMENT_CATEGORY_NEGATIVE_EFFECTS_ON_CIVIC_DISCOURSE_OR_ELECTIONS,41198,41155,0,43,23385,0,0,0,0,0,0.9989562600126219,0.0,0.001043739987378028,0.5676246419729113,0.0,0.0,0.0,0.0,0.0,False
2026-08-31,TikTok,STATEMENT_CATEGORY_OTHER_VIOLATION_TC,808388,772397,0,35991,314088,0,0,0,0,0,0.9554780625145352,0.0,0.0445219374854649,0.38853619796434385,0.0,0.0,0.0,0.0,0.0,False
2026-08-31,TikTok,STATEMENT_CATEGORY_PROTECTION_OF_MINORS,4500,3577,0,923,2627,0,0,0,0,0,0.7948888888888889,0.0,0.2051111111111111,0.5837777777777777,0.0,0.0,0.0,0.0,0.0,False
2026-08-31,TikTok,STATEMENT_CATEGORY_RISK_FOR_PUBLIC_SECURITY,1845,0,0,1845,766,0,0,0,0,0,0.0,0.0,1.0,0.4151761517615176,0.0,0.0,0.0,0.0,0.0,False
2026-08-31,TikTok,STATEMENT_CATEGORY_SCAMS_AND_FRAUD,85229,84815,0,414,66638,0,0,0,0,0,0.9951424984453648,0.0,0.004857501554635159,0.7818700207675792,0.0,0.0,0.0,0.0,0.0,False
2026-08-31,TikTok,STATEMENT_CATEGORY_SELF_HARM,28227,27651,0,576,15834,0,0,0,0,0,0.9795940057391859,0.0,0.020405994260814114,0.5609522797321713,0.0,0.0,0.0,0.0,0.0,False
2026-08-31,TikTok,STATEMENT_CATEGORY_UNSAFE_AND_PROHIBITED_PRODUCTS,17,0,0,17,0,0,0,0,0,0,0.0,0.0,1.0,0.0,0.0,0.0,0.0,0.0,0.0,False
2026-08-31,TikTok,STATEMENT_CATEGORY_VIOLENCE,340842,339763,0,1079,43522,0,0,0,0,0,0.9968343103256054,0.0,0.0031656896743945877,0.1276896626589446,0.0,0.0,0.0,0.0,0.0,False
2026-08-31,X,STATEMENT_CATEGORY_CYBER_VIOLENCE,98,9,0,89,0,0,0,0,0,0,0.09183673469387756,0.0,0.9081632653061225,0.0,0.0,0.0,0.0,0.0,0.0,False
2026-08-31,X,STATEMENT_CATEGORY_DATA_PROTECTION_AND_PRIVACY_VIOLATIONS,1,0,0,1,0,0,0,0,0,0,0.0,0.0,1.0,0.0,0.0,0.0,0.0,0.0,0.0,False
2026-08-31,X,STATEMENT_CATEGORY_INTELLECTUAL_PROPERTY_INFRINGEMENTS,75,23,0,52,0,0,49,0,0,49,0.30666666666666664,0.0,0.6933333333333334,0.0,0.0,0.6533333333333333,0.0,0.0,0.6533333333333333,False
2026-08-31,X,STATEMENT_CATEGORY_OTHER_VIOLATION_TC,714,517,0,197,0,3,1,3,0,4,0.7240896358543417,0.0,0.2759103641456583,0.0,0.004201680672268907,0.0014005602240896359,0.004201680672268907,0.0,0.0056022408963585435,False
2026-08-31,X,STATEMENT_CATEGORY_PROTECTION_OF_MINORS,4648,4326,0,322,0,0,4647,0,0,4647,0.9307228915662651,0.0,0.06927710843373494,0.0,0.0,0.9997848537005164,0.0,0.0,0.9997848537005164,False
2026-08-31,X,STATEMENT_CATEGORY_SCAMS_AND_FRAUD,5140,4969,0,171,0,0,4994,0,0,4994,0.9667315175097276,0.0,0.03326848249027237,0.0,0.0,0.9715953307392996,0.0,0.0,0.9715953307392996,False
2026-08-31,X,STATEMENT_CATEGORY_SELF_HARM,113,79,0,34,0,0,6,0,0,6,0.6991150442477876,0.0,0.3008849557522124,0.0,0.0,0.05309734513274336,0.0,0.0,0.05309734513274336,False
2026-08-31,X,STATEMENT_CATEGORY_UNSAFE_AND_PROHIBITED_PRODUCTS,53,0,0,53,0,0,53,0,0,53,0.0,0.0,1.0,0.0,0.0,1.0,0.0,0.0,1.0,False
2026-08-31,X,STATEMENT_CATEGORY_VIOLENCE,226,182,0,44,0,0,15,0,0,15,0.8053097345132744,0.0,0.19469026548672566,0.0,0.0,0.06637168141592921,0.0,0.0,0.06637168141592921,False
2026-08-31,YouTube,STATEMENT_CATEGORY_CONSUMER_INFORMATION,22287,18314,0,3973,22152,0,0,133,0,133,0.8217346435141563,0.0,0.17826535648584377,0.9939426571543949,0.0,0.0,0.005967604433077579,0.0,0.005967604433077579,False
2026-08-31,YouTube,STATEMENT_CATEGORY_CYBER_VIOLENCE,1,0,0,1,1,0,0,0,0,0,0.0,0.0,1.0,1.0,0.0,0.0,0.0,0.0,0.0,False
2026-08-31,YouTube,STATEMENT_CATEGORY_DATA_PROTECTION_AND_PRIVACY_VIOLATIONS,150,0,66,84,128,0,0,1,0,1,0.0,0.44,0.56,0.8533333333333334,0.0,0.0,0.006666666666666667,0.0,0.006666666666666667,False
2026-08-31,YouTube,STATEMENT_CATEGORY_ILLEGAL_OR_HARMFUL_SPEECH,54,0,53,1,54,0,0,2,0,2,0.0,0.9814814814814815,0.018518518518518517,1.0,0.0,0.0,0.037037037037037035,0.0,0.037037037037037035,False
2026-08-31,YouTube,STATEMENT_CATEGORY_INTELLECTUAL_PROPERTY_INFRINGEMENTS,1274,0,646,628,1252,0,0,21,0,21,0.0,0.5070643642072213,0.49293563579277866,0.9827315541601256,0.0,0.0,0.016483516483516484,0.0,0.016483516483516484,False
2026-08-31,YouTube,STATEMENT_CATEGORY_NEGATIVE_EFFECTS_ON_CIVIC_DISCOURSE_OR_ELECTIONS,329,59,0,270,0,0,0,0,0,0,0.17933130699088146,0.0,0.8206686930091185,0.0,0.0,0.0,0.0,0.0,0.0,False
2026-08-31,YouTube,STATEMENT_CATEGORY_OTHER_VIOLATION_TC,72032,63242,7306,1484,66603,0,0,1339,0,1339,0.8779709018214127,0.10142714349178143,0.020601954686805864,0.9246307196801422,0.0,0.0,0.01858896046201688,0.0,0.01858896046201688,False
2026-08-31,YouTube,STATEMENT_CATEGORY_PROTECTION_OF_MINORS,4597,0,4597,0,4592,0,0,0,0,0,0.0,1.0,0.0,0.9989123341309549,0.0,0.0,0.0,0.0,0.0,False
2026-08-31,YouTube,STATEMENT_CATEGORY_RISK_FOR_PUBLIC_SECURITY,9,0,0,9,9,0,0,9,0,9,0.0,0.0,1.0,1.0,0.0,0.0,1.0,0.0,1.0,False
2026-08-31,YouTube,STATEMENT_CATEGORY_SCAMS_AND_FRAUD,14096,84,0,14012,13828,0,0,271,0,271,0.005959137343927355,0.0,0.9940408626560726,0.9809875141884222,0.0,0.0,0.019225312145289445,0.0,0.019225312145289445,False
2026-08-31,YouTube,STATEMENT_CATEGORY_UNSAFE_AND_PROHIBITED_PRODUCTS,12805,12325,0,480,1770,0,0,0,0,0,0.9625146427176884,0.0,0.037485357282311595,0.138227254978524,0.0,0.0,0.0,0.0,0.0,False
2026-08-31,YouTube,STATEMENT_CATEGORY_VIOLENCE,90,76,0,14,90,0,0,0,0,0,0.8444444444444444,0.0,0.15555555555555556,1.0,0.0,0.0,0.0,0.0,0.0,False
